<?xml version="1.0" encoding="UTF-8"?>
<!-- TC Encapsulation : Mapping X-File  -->

<ReportDefinition>
    <Id value="AW_42_00_ADV_SUM_RPT_002"/>
    <name value="Release Object Status Report">
        <Text primary="en_US">
            <Item language="en_US" value="Release Object Status Report"/>
        </Text>
    </name>
    <Description value="Report shows status for all objects released in year 2019.">
        <Text primary="en_US">
            <Item language="en_US" value="Report shows status for all objects released in year 2019."/>
        </Text>
    </Description>
    <Class value=""/>
    <Type value="4"/>
    <Source value="Active Workspace"/>
    <QuerySource/>
    <PropertySet value=""/>
    <Stylesheets value=""/>
    <NoOfParameters value="13"/>
    <Params>
        <param_0 value="ReportTitle"/>
        <param_1 value="ReportChart1_0"/>
        <param_2 value="ReportChart1_1"/>
        <param_3 value="ReportChart2_0"/>
        <param_4 value="ReportChart2_1"/>
        <param_5 value="ReportChart3_0"/>
        <param_6 value="ReportChart3_1"/>
        <param_7 value="ReportFilter_0"/>
        <param_8 value="ReportFilterValue_0"/>
        <param_9 value="ReportSearchCriteria"/>
        <param_10 value="ReportTable1ColumnPropName"/>
        <param_11 value="ReportTable1ColumnPropInternalName_0"/>
        <param_12 value="ReportTable1ColumnPropInternalName_1"/>
    </Params>
    <Values>
        <param_0 value="{&quot;TitleText&quot;:&quot;Current Year Release Object Dashboard&quot;,&quot;TitleColor&quot;:&quot;#005F87&quot;,&quot;TitleDispColor&quot;:&quot;Blue&quot;,&quot;TitleFont&quot;:&quot;Times New Roman&quot;,&quot;TitleDispFont&quot;:&quot;Times New Roman&quot;}"/>
        <param_1 value="{&quot;ChartTitle&quot;:&quot;Objects By Type&quot;,&quot;ChartType&quot;:&quot;Column&quot;,&quot;ChartPropName&quot;:[&quot;Type&quot;]}"/>
        <param_2 value="[&quot;WorkspaceObject.object_type&quot;]"/>
        <param_3 value="{&quot;ChartTitle&quot;:&quot;Objects By Date Released&quot;,&quot;ChartType&quot;:&quot;Line&quot;,&quot;ChartPropName&quot;:[&quot;Date Released&quot;]}"/>
        <param_4 value="[&quot;WorkspaceObject.date_released&quot;]"/>
        <param_5 value="{&quot;ChartTitle&quot;:&quot;Objects By Release Status&quot;,&quot;ChartType&quot;:&quot;Column&quot;,&quot;ChartPropName&quot;:[&quot;Release Status&quot;]}"/>
        <param_6 value="[&quot;WorkspaceObject.release_status_list&quot;]"/>
        <param_7 value="WorkspaceObject.date_released_0Z0_year"/>
        <param_8 value="[{&quot;searchFilterType&quot;:&quot;StringFilter&quot;,&quot;stringValue&quot;:&quot;2019&quot;}]"/>
        <param_9 value="&quot;Date Released&quot;:[2019-01-01 TO NOW]"/>
        <param_10 value="[&quot;Name&quot;,&quot;ID&quot;,&quot;Revision&quot;,&quot;Type&quot;,&quot;Owner&quot;,&quot;Release Status&quot;,&quot;Last Modifying User&quot;,&quot;Creation Date&quot;,&quot;Date Modified&quot;]"/>
        <param_11 value="[&quot;WorkspaceObject.object_name&quot;,&quot;ItemRevision.item_id&quot;,&quot;ItemRevision.item_revision_id&quot;,&quot;WorkspaceObject.object_type&quot;,&quot;POM_application_object.owning_user&quot;]"/>
        <param_12 value="[&quot;WorkspaceObject.release_status_list&quot;,&quot;POM_application_object.last_mod_user&quot;,&quot;POM_application_object.creation_date&quot;,&quot;POM_application_object.last_mod_date&quot;]"/>
    </Values>
</ReportDefinition>
