<?xml version="1.0" encoding="UTF-8"?>
<!-- TC Encapsulation : Mapping X-File  -->

<ReportDefinition>
    <Id value="AW_42_00_ADV_SUM_RPT_001"/>
    <name value="Modified Item Revision Status Report">
        <Text primary="en_US">
            <Item language="en_US" value="Modified Item Revision Status Report"/>
        </Text>
    </name>
    <Description value="Report will show status of all Item Revision&apos;s modified in the Year-2019">
        <Text primary="en_US">
            <Item language="en_US" value="Report will show status of all Item Revision&apos;s modified in the Year-2019"/>
        </Text>
    </Description>
    <Class value=""/>
    <Type value="4"/>
    <Source value="Active Workspace"/>
    <QuerySource/>
    <PropertySet value=""/>
    <Stylesheets value=""/>
    <NoOfParameters value="13"/>
    <Params>
        <param_0 value="ReportTitle"/>
        <param_1 value="ReportFilter_0"/>
        <param_2 value="ReportFilterValue_0"/>
        <param_3 value="ReportSearchCriteria"/>
        <param_4 value="ReportChart1_0"/>
        <param_5 value="ReportChart1_1"/>
        <param_6 value="ReportChart2_0"/>
        <param_7 value="ReportChart2_1"/>
        <param_8 value="ReportChart3_0"/>
        <param_9 value="ReportChart3_1"/>
        <param_10 value="ReportTable1ColumnPropName"/>
        <param_11 value="ReportTable1ColumnPropInternalName_0"/>
        <param_12 value="ReportTable1ColumnPropInternalName_1"/>
    </Params>
    <Values>
        <param_0 value="{&quot;TitleText&quot;:&quot;Item Revision Modified In Year-2019&quot;,&quot;TitleColor&quot;:&quot;#000000&quot;,&quot;TitleDispColor&quot;:&quot;&quot;,&quot;TitleFont&quot;:&quot;Times New Roman&quot;,&quot;TitleDispFont&quot;:&quot;Times New Roman&quot;}"/>
        <param_1 value="POM_application_object.last_mod_date_0Z0_year"/>
        <param_2 value="[{&quot;searchFilterType&quot;:&quot;StringFilter&quot;,&quot;stringValue&quot;:&quot;2019&quot;}]"/>
        <param_3 value="Type:&quot;ItemRevision&quot;"/>
        <param_4 value="{&quot;ChartTitle&quot;:&quot;Item Revision&apos;s Modified By Month&quot;,&quot;ChartType&quot;:&quot;Line&quot;,&quot;ChartPropName&quot;:[&quot;Date Modified&quot;]}"/>
        <param_5 value="[&quot;POM_application_object.last_mod_date&quot;]"/>
        <param_6 value="{&quot;ChartTitle&quot;:&quot;Item Revision Modified By Group&quot;,&quot;ChartType&quot;:&quot;Column&quot;,&quot;ChartPropName&quot;:[&quot;Group ID&quot;]}"/>
        <param_7 value="[&quot;POM_application_object.owning_group&quot;]"/>
        <param_8 value="{&quot;ChartTitle&quot;:&quot;Item Revision&apos;s By Release Status&quot;,&quot;ChartType&quot;:&quot;Line&quot;,&quot;ChartPropName&quot;:[&quot;Release Status&quot;]}"/>
        <param_9 value="[&quot;WorkspaceObject.release_status_list&quot;]"/>
        <param_10 value="[&quot;Name&quot;,&quot;ID&quot;,&quot;Revision&quot;,&quot;Description&quot;,&quot;Owner&quot;,&quot;Last Modifying User&quot;,&quot;Date Modified&quot;,&quot;Date Released&quot;,&quot;Release Status&quot;]"/>
        <param_11 value="[&quot;WorkspaceObject.object_name&quot;,&quot;ItemRevision.item_id&quot;,&quot;ItemRevision.item_revision_id&quot;,&quot;WorkspaceObject.object_desc&quot;,&quot;POM_application_object.owning_user&quot;]"/>
        <param_12 value="[&quot;POM_application_object.last_mod_user&quot;,&quot;POM_application_object.last_mod_date&quot;,&quot;WorkspaceObject.date_released&quot;,&quot;WorkspaceObject.release_status_list&quot;]"/>
    </Values>
</ReportDefinition>
