<?xml version="1.0" encoding="iso-8859-1"?>
<RenderStyles>
  <!--OOTB CSS for AW style General type-->
  <renderStyle name="body" category="AW" type="General" style="{background-color: #FFFFFF;a:visited {color: #660066};a:link {color: #0000FF}}" />
  <renderStyle name="font-family" category="AW" type="General" style="{Segoe UI, Open Sans, Verdana,Arial,Helvetica, sans serif;}" />
  <renderStyle name="table" category="AW" type="General" style="{width:100%;border:0;border-collapse: collapse;border-spacing: 0;}" />
  <renderStyle name="h1" category="AW" type="General" style="{font-size:22px;color: #0F789B;font-family:Segoe UI Regular;font-weight:400;margin-left:5px;text-align:left}" />
  <renderStyle name="h2" category="AW" type="General" style="{font-size:18px;color: #000000;font-family:Segoe UI Regular;font-weight:400;margin-left:5px;text-align:left}" />
  <renderStyle name="h3" category="AW" type="General" style="{font-size:14px;color: #606A75;font-family:Segoe UI;font-weight:400;}" />
  <renderStyle name=".criteriaLink" category="AW" type="General" style="{font-size:14px;text-decoration:none;color: #006487;font-family:Segoe UI}"/>
  <renderStyle name=".criteriaLink:hover" category="AW" type="General" style="{text-decoration:underline;}"/>  
  <renderStyle name=".propertyLabel" category="AW" type="General" style="{font-size:14px;color: #606A75;font-family:Segoe UI}"/>
  <renderStyle name=".propertyValue" category="AW" type="General" style="{font-size:14px;color: #606A75;font-family:Segoe UI}"/>
  <renderStyle name=".maintable" category="AW" type="General" style="th {font-family:Segoe UI Semibold;font-size:12px;color:#1e1e1e;border-style:solid;border-width:0.2pt;border-color:#dcdcdc;height:24px;text-align:left;padding-left:8px;}" />
  <renderStyle name=".maintable" category="AW" type="General" style="td {font-family:Segoe UI Regular;font-size:12px;color: #464646;border-style:solid;border-width:0.2pt;border-color:#dcdcdc;height:32px;text-align:left;padding-left:8px;}" />
  <renderStyle name=".maintable" category="AW" type="General" style="tr:nth-child(odd) {background-color: #F0F0F0}" />
  <renderStyle name=".maintable" category="AW" type="General" style="tr:nth-child(even) {background-color: #fff}" />
  <renderStyle name=".maintable" category="AW" type="General" style="tr:hover {background-color:#cde6eb;}" />
  <renderStyle name=".maintable" category="AW" type="General" style="tr {height:32px}" />
  <renderStyle name=".tablemargins" category="AW" type="General" style="{margin-right:5px;margin-left:5px;margin-top:5px}" />
  <renderStyle name=".criteriaused" category="AW" type="General" style="{text-align:right;margin-right:5px;}" />
  
  <!--OOTB CSS for Classic style General type-->
  <renderStyle name="table" category="Classic" type="General" style="{width: 60%;margin:auto;}" />
  <renderStyle name="table,table tr th, table tr td" category="Classic" type="General" style="{border:1px solid black;text-align:center}" />
  <renderStyle name=".maintable" category="Classic" type="General" style="th {background-color: #B8CFEF;text-align:center}" />
  
  <!--OOTB CSS for AW style Ps_bom type-->
  <renderStyle name="body" category="AW" type="Ps_bom" style="{background-color: #FFFFFF;a:visited {color: #660066};a:link {color: #0000FF}}" />
  <renderStyle name="font-family" category="AW" type="Ps_bom" style="{Segoe UI, Open Sans, Verdana,Arial,Helvetica, sans serif;}" />
  <renderStyle name="table" category="AW" type="Ps_bom" style="{border:0;border-collapse: collapse;border-spacing: 0pt;width: 100%;empty-cells: show;border-color:#D4D4D4;}" />
  <renderStyle name="h1" category="AW" type="Ps_bom" style="{font-size:22px;color: #0F789B;font-family:Segoe UI Regular;font-weight:400;margin-left:5px}" />
  <renderStyle name="h2" category="AW" type="Ps_bom" style="{font-size:18px;color: #000000;font-family:Segoe UI Regular;font-weight:400;margin-left:5px;float:left;margin-top:auto}" />
  <renderStyle name="h3" category="AW" type="Ps_bom" style="{font-size:14px;color: #606A75;font-family:Segoe UI;font-weight:400;}" />
  <renderStyle name=".textcenter" category="AW" type="Ps_bom" style="{text-align:center !important}" />
  <renderStyle name=".datetext" category="AW" type="Ps_bom" style="{text-align:right;margin-right:5px;float:right}" />
  <renderStyle name=".desctitletext" category="AW" type="Ps_bom" style="{font-weight: bold;display: inline}" />
  <renderStyle name=".dispinline" category="AW" type="Ps_bom" style="{display: inline}" />  
  <renderStyle name=".maintable" category="AW" type="Ps_bom" style="th {font-family:Segoe UI Semibold;font-size:12px;color:#1e1e1e;border-style:solid;border-width:0.2pt;border-color:#D4D4D4;background-color: #F0F0F0;height:24px;text-align:left;padding-left:5px;}" />
  <renderStyle name=".maintable" category="AW" type="Ps_bom" style="td {font-family:Segoe UI Regular;font-size:12px;color: #464646;border-style:solid;border-width:0.2pt;border-color:#D4D4D4;text-align:left;padding-left:5px;}" />
  <renderStyle name=".maintable" category="AW" type="Ps_bom" style="tr {height:32px}" />
  <renderStyle name=".secondtable" category="AW" type="Ps_bom" style="{margin-top:32px}" />
  <renderStyle name=".notes" category="AW" type="Ps_bom" style="{text-align:left}" />
  <renderStyle name=".tablemargins" category="AW" type="Ps_bom" style="{margin-right:5px;margin-left:5px;}" />
  <renderStyle name=".addAction" category="AW" type="Ps_bom" style="td {color: #008000}" />
  <renderStyle name=".removeReplaceAction" category="AW" type="Ps_bom" style="td {color: #DC0000}" />
  <renderStyle name=".oddRow" category="AW" type="Ps_bom" style="{background-color: #F0F0F0}" />
  <renderStyle name=".evenRow" category="AW" type="Ps_bom" style="{background-color: #fff}" />
  <renderStyle name=".newPropCell" category="AW" type="Ps_bom" style="{color: #008000;display: inline}" />
  <renderStyle name=".oldPropCell" category="AW" type="Ps_bom" style="{color: #DC0000;display: inline}" />

  <!--OOTB CSS for Classic style Ps_bom type-->
  <renderStyle name="font-family" category="Classic" type="Ps_bom" style="{font-family: Arial, Helvetica, sans-serif;}" />
  <renderStyle name="table" category="Classic" type="Ps_bom" style="{border:0;border-collapse: collapse;border-spacing: 0pt;width: 100%;empty-cells: show;border-color:#000000;}" />
  <renderStyle name="h2" category="Classic" type="Ps_bom" style="{font-size:140%;}" />
  <renderStyle name="h3" category="Classic" type="Ps_bom" style="{font-size:180%;}" />
  <renderStyle name=".maintable" category="Classic" type="Ps_bom" style="th {border-style:solid;border-width:0.2pt;border-color:#000000; background-color: #CCCCFF;text-align:center}" />
  <renderStyle name=".maintable" category="Classic" type="Ps_bom" style="td {border-style:solid;border-width:0.2pt;border-color:#000000;text-align:center}" />
  
  <!--OOTB CSS for Overview style-->
  <renderStyle name="body" category="AW" type="Overview" style="{background-color: #FFFFFF;a:visited {color: #660066};a:link {color: #0000FF}}" />
  <renderStyle name="font-family" category="AW" type="Overview" style="{Segoe UI, Open Sans, Verdana,Arial,Helvetica, sans serif;}" />
  <renderStyle name="h2" category="AW" type="Overview" style="{font-size:18px;color: #000000;font-family:Segoe UI Regular;font-weight:400;margin-left:5px;}" /> 
  <renderStyle name="h3" category="AW" type="Overview" style="{font-size:14px;color: #606A75;font-family:Segoe UI;font-weight:400;margin-left:5px;}" />
  <renderStyle name=".maintable" category="AW" type="Overview" style="th {font-family:Segoe UI Semibold;font-size:12px;color:#1e1e1e;border-style:hidden;border-width:0;height:20px;text-align:left;padding-left:5px;}" />
  <renderStyle name=".maintable" category="AW" type="Overview" style="td {font-family:Segoe UI Regular;font-size:12px;color: #464646;border-style:hidden;border-width:0;text-align:left;padding-left:5px;}" />
  <renderStyle name=".conftext" category="AW" type="Overview" style="{font-family:Segoe UI;font-weight:400;text-align:center;color:#464646;font-size:12px;}" />
    
</RenderStyles>