<?xml version="1.0" encoding="iso-8859-1"?>
<OOTBReports>
  <reportdefinition id="crf_sum_rpt_id1" domain="core" specification="TC_2007_00_SUM_RPT_0001.xml" />
  <reportdefinition id="crf_sum_rpt_id2" domain="core" specification="TC_2007_00_SUM_RPT_0002.xml" />
  <reportdefinition id="crf_sum_rpt_id3" domain="core" specification="TC_2007_00_SUM_RPT_0003.xml" />
  <reportdefinition id="crf_sum_rpt_id4" domain="core" specification="TC_2007_00_SUM_RPT_0004.xml" />
  <reportdefinition id="crf_sum_rpt_id5" domain="core" specification="TC_2007_00_SUM_RPT_0005.xml" />
  <reportdefinition id="crf_sum_rpt_id6" domain="core" specification="TC_2007_00_SUM_RPT_0006.xml" />
  <reportdefinition id="crf_sum_rpt_id7" domain="core" specification="TC_2008_00_SUM_RPT_0001.xml" />
  <reportdefinition id="crf_sum_rpt_id8" domain="core" specification="TC_2008_00_SUM_RPT_0002.xml" />
  <reportdefinition id="crf_sum_rpt_id9" domain="core" specification="TC_2009_00_SUM_RPT_0001.xml" />
  <reportdefinition id="crf_sum_rpt_id10" domain="core" specification="TC_8_2_00_SUM_RPT_0001.xml" />
  <reportdefinition id="crf_sum_rpt_id11" domain="core" specification="TC_8_2_00_SUM_RPT_0002.xml" />
  <reportdefinition id="crf_sum_rpt_id12" domain="core" specification="TC_8_2_00_SUM_RPT_0003.xml" />
  <reportdefinition id="crf_sum_rpt_id13" domain="core" specification="TC_8_2_00_SUM_RPT_0004.xml" />
  <reportdefinition id="crf_sum_rpt_id14" domain="core" specification="TC_8_2_00_SUM_RPT_0005.xml" />
  <reportdefinition id="crf_sum_rpt_id18" domain="core" specification="TC_9_0_00_SUM_RPT_0001.xml" />
  <reportdefinition id="crf_sum_rpt_id19" domain="core" specification="TC_10_0_00_SUM_RPT_0001.xml" />
  <reportdefinition id="crf_sum_rpt_id20" domain="core" specification="TC_10_0_00_SUM_RPT_0002.xml" />
  <reportdefinition id="crf_sum_rpt_id21" domain="core" specification="TC_10_0_00_SUM_RPT_0003.xml" />

  <!--OOTB reports for 014280 LMA project -->
  <reportdefinition id="crf_sum_rpt_id22" domain="core" specification="TC_10_AUDIT_WF_DETAILED.xml" />
  <reportdefinition id="crf_sum_rpt_id23" domain="core" specification="TC_10_AUDIT_WF_SUMMARY.xml" />
  <reportdefinition id="crf_sum_rpt_id24" domain="core" specification="TC_10_AUDIT_WF_SIGNOFF.xml" />
  <reportdefinition id="crf_sum_rpt_id25" domain="core" specification="TC_10_AUDIT_WF_ATTACHMENET_LOGS.xml" />
  <reportdefinition id="crf_sum_rpt_id26" domain="core" specification="TC_10_AUDIT_LICENSE_CHANGE_LOGS.xml" />
  <reportdefinition id="crf_sum_rpt_id27" domain="core" specification="TC_10_AUDIT_LICENSE_EXPORT_LOGS.xml" />
  <reportdefinition id="crf_sum_rpt_id28" domain="core" specification="TC_10_AUDIT_ORGANIZATION_LOGS.xml" />
  <reportdefinition id="crf_sum_rpt_id29" domain="core" specification="TC_10_AUDIT_FILE_ACCESS_LOGS.xml" />
  <reportdefinition id="crf_sum_rpt_id30" domain="core" specification="TC_10_AUDIT_STRUCTURE_LOGS.xml" />
  <reportdefinition id="crf_sum_rpt_id31" domain="core" specification="TC_10_AUDIT_SCHEDULE_LOGS.xml" />
  <reportdefinition id="crf_sum_rpt_id32" domain="core" specification="TC_10_AUDIT_GENERAL_LOGS.xml" />
  <!--OOTB reports for 100067 Digital Signature project -->
  <reportdefinition id="crf_sum_rpt_id33" domain="core" specification="TC_10_1_2_AUDIT_DS_LOGS.xml" />

    <!-- OOTB report for DP-100323 Security Audit Logging project -->
  <reportdefinition id="crf_sum_rpt_id34" domain="core" specification="TC_AUDIT_FA_READ_WRITE_LOGS.xml" />
  <reportdefinition id="crf_sum_rpt_id35" domain="core" specification="TC_AUDIT_SECURITY_LOGS.xml" />

  <!-- OOTB report for DP-100323 Security Audit Logging project -->
  <reportdefinition id="crf_sum_rpt_id36" domain="core" specification="TC_AUDIT_FILE_ACCESS_SAUTH_LOGS.xml" />
  <reportdefinition id="crf_sum_rpt_id37" domain="core" specification="TC_AUDIT_GENERAL_SAUTH_LOGS.xml" />
  <reportdefinition id="crf_sum_rpt_id38" domain="core" specification="TC_AUDIT_LC_SAUTH_LOGS.xml" />
  <reportdefinition id="crf_sum_rpt_id39" domain="core" specification="TC_AUDIT_LE_SAUTH_LOGS.xml" />
  <reportdefinition id="crf_sum_rpt_id40" domain="core" specification="TC_AUDIT_ORGANIZATION_SAUTH_LOGS.xml" />
  <reportdefinition id="crf_sum_rpt_id41" domain="core" specification="TC_AUDIT_STRUCTURE_SAUTH_LOGS.xml" />

  <!-- OOTB report for DP-100420 Global Licensing project -->
  <reportdefinition id="crf_sum_rpt_id42" domain="core" specification="TC_11_0_00_SUM_RPT_0001.xml" />

  <reportdefinition id="crf_sum_rpt_id43" domain="core" specification="TC_AW_Tile_Collection_Info.xml" />

  <reportdefinition id="crf_itm_rpt_id3" domain="bom" specification="TC_2007_00_ITM_RPT_0003.xml" />
  <reportdefinition id="crf_itm_rpt_id4" domain="core" specification="TC_2008_00_ITM_RPT_0001.xml" />
  <reportdefinition id="crf_itm_rpt_id5" domain="core" specification="TC_10_0_00_ITM_RPT_0001.xml" />
  <reportdefinition id="crf_itm_rpt_id6" domain="core" specification="WSO_ITEM_REPORT.xml" />
  <reportdefinition id="crf_itm_rpt_id7" domain="core" specification="TC_11_ITM_POM_SAMPLE_RPT.xml" />

  <reportdefinition id="crf_cus_rpt_id1" domain="bom" specification="TC_2007_00_CUS_RPT_0001.xml" />
  <reportdefinition id="crf_cus_rpt_id2" domain="bom" specification="TC_2007_00_CUS_RPT_0002.xml" />
  <reportdefinition id="crf_cus_rpt_id3" domain="bom" specification="TC_2007_00_CUS_RPT_0003.xml" />
  <reportdefinition id="crf_cus_rpt_id4" domain="bom" specification="TC_8_1_00_TIME_ANALYSIS_REPORT.xml" />
  <reportdefinition id="crf_cus_rpt_id5" domain="bom" specification="TC_8_1_00_ALLOCATED_TIME_REPORT.xml" />
  <reportdefinition id="crf_cus_rpt_id6" domain="core" specification="TC_8_2_00_CUS_RPT_0001.xml" />
  <reportdefinition id="crf_cus_rpt_id7" domain="core" specification="TC_8_2_00_CUS_RPT_0002.xml" />
  <reportdefinition id="crf_cus_rpt_id8" domain="core" specification="TC_8_2_00_CUS_RPT_0003.xml" />
  <reportdefinition id="crf_cus_rpt_id9" domain="core" specification="TC_8_2_00_CUS_RPT_0004.xml" />
  <reportdefinition id="crf_cus_rpt_id10" domain="core" specification="TC_8_2_00_CUS_RPT_0005.xml" />
  <reportdefinition id="crf_cus_rpt_id11" domain="core" specification="TC_8_2_00_CUS_RPT_0006.xml" />
  <reportdefinition id="crf_cus_rpt_id12" domain="core" specification="TC_8_2_00_CUS_RPT_0007.xml" />

  <reportdefinition id="crf_cus_rpt_id13" domain="core" specification="TC_9_0_00_VR_RPT_WF_STATUS.xml" />
  <reportdefinition id="crf_cus_rpt_id14" domain="core" specification="TC_9_0_00_VR_RPT_HIGHER_REV.xml" />
  <reportdefinition id="crf_cus_rpt_id16" domain="core" specification="TC_9_0_00_VR_RPT_RULE_EVALUATION.xml" />

  <reportdefinition id="crf_cus_rpt_id17" domain="bom" specification="TC_9_1_00_LB_CONSISTENCY_RPT.xml" />
  <reportdefinition id="crf_cus_rpt_id18" domain="bom" specification="TC_9_1_00_LB_VIOLATION_RPT.xml" />
  <reportdefinition id="crf_cus_rpt_id19" domain="bom" specification="TC_9_1_00_LB_OVERVIEW_RPT.xml" />
  <reportdefinition id="crf_cus_rpt_id20" domain="bom" specification="TC_9_1_00_LB_LINE_DETAIL_RPT.xml" />
  <reportdefinition id="crf_cus_rpt_id21" domain="core" specification="TC_9_00_CUS_RPT_0001.xml" />
  <reportdefinition id="crf_cus_rpt_id22" domain="cae" specification="TC_10_1_00_CUS_RPT_CAE_ACC_CHECK.xml" />
  <!--OOTB report for CAE BOM Compare in CAE Manager application (026231 project) -->  
  <reportdefinition id="crf_cus_rpt_id23" domain="cae" specification="TC_10_1_02_CUS_RPT_CAE_BOM_CMP.xml" />
  
  <!-- OOTB report for revision change details from change tracker. Owned by MFG Customer Success team (DP-100478 CAT Deployment ERs) -->  
  <reportdefinition id="crf_cus_rpt_id25" domain="bom" specification="TC_10_1_04_CT_REVISION_DETAIL_RPT.xml" />
  
   <!-- OOTB report for CAE Attribute Compare in CAE Manager application -->  
  <reportdefinition id="crf_cus_rpt_id26" domain="cae" specification="TC_10_1_04_CUS_RPT_CAE_ATTR_CMP.xml" />

  <!-- OOTB report for sampe custom as Item report -->
  <reportdefinition id="crf_cus_rpt_id27" domain="core" specification="TC_11_40_00_CUS_AS_ITEM_RPT.xml" />
  <!-- reportdefinition id="crf_cus_rpt_id28" domain="core" specification="TC_CUS_AS_ITEM_RPT_CUS_ITK_A.xml" / -->
  <!-- reportdefinition id="crf_cus_rpt_id29" domain="core" specification="TC_CUS_AS_ITEM_RPT_CUS_ITK_B.xml" / -->
  
  <!-- OOTB report for Signoff History -->
  <reportdefinition id="crf_cus_rpt_id30" domain="epm" specification="TC_11_51_00_EPM_CUS_AS_ITEM_RPT.xml" />
  <reportdefinition id="crf_sum_rpt_id44" domain="core" specification="AW_42_00_ADV_SUM_RPT_001.xml" />
  <reportdefinition id="crf_sum_rpt_id45" domain="core" specification="AW_42_00_ADV_SUM_RPT_002.xml" />
  
  <!-- OOTB Document Management Markup Disposition Report -->
  <reportdefinition id="crf_cus_rpt_id46" domain="docmgt" specification="TC131_CUS_DOCMGT_MARKUP_DISP_RPT.xml" />

 </OOTBReports>
