<?xml version="1.0" encoding="iso-8859-1"?>
<!-- 
@<COPYRIGHT>@
================================================================================
Copyright 2020.
Siemens Digital Industries Software.
All Rights Reserved.
================================================================================
@<COPYRIGHT>@
-->

<!--
  Document Management Markup Disposition Report  
-->

<ReportDefinition>
    <CotsReport nameKey="k_report_markup_disp_rpt" descKey="k_report_markup_disp_rpt_desc"/>
    <Id value="TC131_CUS_DOCMGT_MARKUP_DISP_RPT"/>
    <name value="Markup Disposition Report"/>
    <Description value="This report will show the markup disposition for the selected object."/>
    <Class value="WorkspaceObject"/>
    <Type value="2"/>
    <Source value="Teamcenter"/>
    <QuerySource/>
    <PropertySet value=""/>
    <Stylesheets>
        <Stylesheet>
            <StylesheetType value="CrfHtmlStylesheet"/>
            <StylesheetName value="docmgmt_mkp_disp_rpt_html.xsl"/>
        </Stylesheet>
        <Stylesheet>
            <StylesheetType value="CrfExcelStylesheet"/>
            <StylesheetName value="docmgmt_mkp_disp_rpt_excel_OOXML.xsl"/>
        </Stylesheet>
    </Stylesheets>
    <NoOfParameters value="3"/>
    <Params>
        <param_0 value="process"/>
        <param_1 value="output"/>
        <param_2 value="Method_Name"/>
    </Params>
    <Values>
        <param_0 value="Method::AWCustomAsItem"/>
        <param_1 value="Method::AWCustomAsItem"/>
        <param_2 value="DOCMGTMarkupDispositionReport"/>
    </Values>
</ReportDefinition>
