<?xml version="1.0" encoding="ISO-8859-1"?>
<!-- TC Encapsulation : Mapping X-File  -->

<ReportDefinition>
    <CotsReport nameKey="k_report_audit_workflow_attachment" descKey="k_report_audit_workflow_attachment_desc" />
    <Id value="TC_10_AUDIT_WF_ATTACHMENET_LOGS"/>
    <name value="Audit - Workflow Attachment Report">
        <Text primary="en_US">
            <Item language="en_US" value="Audit - Workflow Attachment Report"/>
        </Text>
    </name>
    <Description value="Audit - Workflow Attachment Report">
        <Text primary="en_US">
            <Item language="en_US" value="Audit - Workflow Attachment Report"/>
        </Text>
    </Description>
    <Class value=""/>
    <Type value="0"/>
    <Source value="Teamcenter"/>
    <QuerySource>
        <ImanQueryDefinition>
            <name value="Audit - Workflow Attachment Logs">
                <Text primary="en_US">
                    <Item language="en_US" value="Audit - Workflow Attachment Logs"/>
                </Text>
            </name>
            <description value="">
                <Text primary="en_US">
                    <Item language="en_US" value=""/>
                </Text>
            </description>
            <class value="Fnd0WorkflowAudit"/>
            <clauses_real>SELECT qid FROM Fnd0WorkflowAudit WHERE   &quot;fnd0SecondaryObjectID&quot; = &quot;${item_id = }&quot; AND   &quot;fnd0SecondaryObjectName&quot; = &quot;${object_name = }&quot; AND  &quot;fnd0SecondaryObjectType&quot; = &quot;${object_type = }&quot;</clauses_real>
            <uniqueid value=""/>
            <iflag value="64"/>
            <rtype value="0"/>
        </ImanQueryDefinition>
    </QuerySource>
    <PropertySet>
        <Name value="TC_10_Crf_Audit_WF_TIE"/>
        <Description value="TC 10 Audit workflow property set"/>
        <Scope value="0"/>
        <NoOfClauses value="15"/>
        <Clauses>
            <clause_0 value="CLASS.Fnd0WorkflowAudit:ATTRIBUTE.process_templateDisp:DO"/>
            <clause_1 value="CLASS.Fnd0WorkflowAudit:ATTRIBUTE.fnd0EventTypeName:DO"/>
            <clause_2 value="CLASS.Fnd0WorkflowAudit:ATTRIBUTE.object_name:DO"/>
            <clause_3 value="CLASS.Fnd0WorkflowAudit:ATTRIBUTE.fnd0LoggedDate:DO"/>
            <clause_4 value="CLASS.Fnd0WorkflowAudit:ATTRIBUTE.fnd0UserId:DO"/>
            <clause_5 value="CLASS.Fnd0WorkflowAudit:ATTRIBUTE.fnd0GroupName:DO"/>
            <clause_6 value="CLASS.Fnd0WorkflowAudit:ATTRIBUTE.fnd0RoleName:DO"/>
            <clause_7 value="CLASS.Fnd0WorkflowAudit:ATTRIBUTE.fnd0SignoffUserID:DO"/>
            <clause_8 value="CLASS.Fnd0WorkflowAudit:ATTRIBUTE.fnd0SignoffGroupName:DO"/>
            <clause_9 value="CLASS.Fnd0WorkflowAudit:ATTRIBUTE.fnd0SignoffRoleName:DO"/>
            <clause_10 value="CLASS.Fnd0WorkflowAudit:ATTRIBUTE.task_state:DO"/>
            <clause_11 value="TYPE.Fnd0WorkflowAudit:PROPERTY.fnd0Comments:DO"/>
            <clause_12 value="CLASS.Fnd0WorkflowAudit:ATTRIBUTE.fnd0Job:DO"/>
            <clause_13 value="CLASS.Fnd0WorkflowAudit:ATTRIBUTE.job_name:DO"/>
            <clause_14 value="CLASS.Fnd0WorkflowAudit:ATTRIBUTE.fnd0SequenceNumber:DO"/>
        </Clauses>
    </PropertySet>
    <Stylesheets>
        <Stylesheet>
            <StylesheetType value="CrfHtmlStylesheet"/>
            <StylesheetName value="audit_workflow_attachment_html.xsl"/>
        </Stylesheet>
    </Stylesheets>
    <NoOfParameters value="2"/>
    <Params>
        <param_0 value="FORMAT"/>
        <param_1 value="CLOSURE_RULE"/>
    </Params>
    <Values>
        <param_0 value="TCXML"/>
        <param_1 value=""/>
    </Values>
</ReportDefinition>