<?xml version="1.0" encoding="ISO-8859-1"?>
<!-- TC Encapsulation : Mapping X-File  -->

<ReportDefinition>
    <CotsReport nameKey="k_license_login_report" descKey="k_license_login_report_desc"/>
    <Id value="TC_11_0_00_SUM_RPT_0001"/>
    <name value="License Login Report"/>
    <Description value=""/>
    <Class value=""/>
    <Type value="0"/>
    <Source value="Teamcenter"/>
    <QuerySource>
        <ImanQueryDefinition>
            <name value="__Admin - License Login"/>
            <description value="This query returns license login information for any user. This query was created to support the Admin - License Login Report."/>
            <class value="Fnd0LoginLicenseInfo"/>
            <clauses_real>SELECT qid FROM Fnd0LoginLicenseInfo WHERE   &quot;fnd0LoginIP&quot; = &quot;${fnd0LoginIP = }&quot; AND   &quot;fnd0LicenseStatusMessage&quot; = &quot;${fnd0LicenseStatusMessage = }&quot; AND   &quot;fnd0Geography&quot; = &quot;${fnd0Geography = }&quot; AND   &quot;fnd0Year&quot; = &quot;${fnd0Year = }&quot; AND   &quot;fnd0LastLoginTime&quot; = &quot;${fnd0LastLoginTime = }&quot; AND   &quot;fnd0LoginCount&quot; = &quot;${fnd0LoginCount = }&quot; AND   &quot;fnd0Month&quot; = &quot;${fnd0Month = }&quot; AND   &quot;fnd0UserID&quot; = &quot;${fnd0UserID = }&quot;</clauses_real>
            <uniqueid value=""/>
            <iflag value="0"/>
            <rtype value="0"/>
        </ImanQueryDefinition>
    </QuerySource>
    <PropertySet>
        <Name value="License Login Test"/>
        <Description value="Test for License Login Report"/>
        <Scope value="0"/>
        <NoOfClauses value="8"/>
        <Clauses>
            <clause_0 value="CLASS.Fnd0LoginLicenseInfo:ATTRIBUTE.fnd0UserID:DO"/>
            <clause_1 value="CLASS.Fnd0LoginLicenseInfo:ATTRIBUTE.fnd0Geography:DO"/>
            <clause_2 value="CLASS.Fnd0LoginLicenseInfo:ATTRIBUTE.fnd0LoginIP:DO"/>
            <clause_3 value="CLASS.Fnd0LoginLicenseInfo:ATTRIBUTE.fnd0LoginCount:DO"/>
            <clause_4 value="CLASS.Fnd0LoginLicenseInfo:ATTRIBUTE.fnd0LastLoginTime:DO"/>
            <clause_5 value="CLASS.Fnd0LoginLicenseInfo:ATTRIBUTE.fnd0LicenseStatusMessage:DO"/>
            <clause_6 value="CLASS.Fnd0LoginLicenseInfo:ATTRIBUTE.fnd0Month:DO"/>
            <clause_7 value="CLASS.Fnd0LoginLicenseInfo:ATTRIBUTE.fnd0Year:DO"/>
        </Clauses>
    </PropertySet>
    <Stylesheets>
        <Stylesheet>
            <StylesheetType value="CrfTextStylesheet"/>
            <StylesheetName value="license_login_status_text.xsl"/>
        </Stylesheet>
    </Stylesheets>
    <NoOfParameters value="2"/>
    <Params>
        <param_0 value="FORMAT"/>
        <param_1 value="CLOSURE_RULE"/>
    </Params>
    <Values>
        <param_0 value="TCXML"/>
        <param_1 value=""/>
    </Values>
</ReportDefinition>