<?xml version="1.0" encoding="ISO-8859-1"?>
<!-- TC Encapsulation : Mapping X-File  -->

<ReportDefinition>
  <CotsReport nameKey="k_sum_report_validation_result_on_item_revision" descKey="k_sum_report_validation_result_on_item_revision_desc" />
  <Id value="TC_10_0_00_SUM_RPT_0003"/>
  <name value="VO - NX Validation Result on Item Revisions"/>
  <Description value="This report displays all NX Checkmate validation results on the item revisions of specified search criteria."/>
  <Class value=""/>
  <Type value="0"/>
  <Source value="Teamcenter"/>
  <QuerySource>
    <ImanQueryDefinition>
      <name value="Item Revision..."/>
      <description value="Find Item Revision(s)"/>
      <class value="ItemRevision"/>
      <clauses_real>SELECT qid FROM ItemRevision WHERE   &quot;object_name&quot; = &quot;${Name = }&quot; AND   &quot;items_tag.item_id&quot; = &quot;${Item ID = }&quot; AND   &quot;item_revision_id&quot; = &quot;${Revision = }&quot; AND   &quot;active_seq&quot; != &quot;0&quot; AND   &quot;Identifier:IMAN_aliasid.idfr_id&quot; = &quot;${Alias ID = }&quot; AND   &quot;Identifier:IMAN_aliasid.idcontext.idcxt_name&quot; = &quot;${Alias IdContext Name = }&quot; AND   &quot;Identifier:IMAN_aliasid.object_type&quot; = &quot;${Alias Type = }&quot; AND   &quot;Identifier&lt;-altid_of.Identifier:suppl_context.idfr_id&quot; = &quot;${Alternate ID = }&quot; AND  &quot;Identifier&lt;-altid_of.idfr_id&quot; = &quot;${Alternate Revision = }&quot; AND   &quot;Identifier&lt;-altid_of.idcontext.idcxt_name&quot; = &quot;${Alternate Revision IdContext Name = }&quot; AND   &quot;Identifier&lt;-altid_of.object_type&quot; = &quot;${Alternate Revision Type = }&quot; AND &quot;object_desc&quot; = &quot;${Description = }&quot; AND   &quot;object_type&quot; = &quot;${Type = ItemRevision}&quot; AND   &quot;owning_user.user_id&quot; = &quot;${Owning User = $USERID}&quot; AND   &quot;owning_group.name&quot; = &quot;${Owning Group = $GROUP}&quot; AND   &quot;creation_date&quot; &gt;= &quot;${Created After = }&quot; AND   &quot;creation_date&quot; &lt;= &quot;${Created Before = }&quot; AND   &quot;last_mod_date&quot; &gt;= &quot;${Modified After = }&quot; AND   &quot;last_mod_date&quot; &lt;= &quot;${Modified Before = }&quot; AND   &quot;date_released&quot; &gt;= &quot;${Released After = }&quot; AND   &quot;date_released&quot; &lt;= &quot;${Released Before = }&quot; AND   &quot;release_status_list.name&quot; = &quot;${Release Status = }&quot; AND  &quot;EPMTask:process_stage_list.object_name&quot; = &quot;${Current Task = }&quot;</clauses_real>
      <uniqueid value=""/>
      <iflag value="0"/>
      <rtype value="0"/>
    </ImanQueryDefinition>
  </QuerySource>
  <PropertySet>
    <Name value="ValidationResultProps"/>
    <Description value="CRF property set for TC10 Validation Objects reports."/>
    <Scope value="0"/>
    <NoOfClauses value="36"/>
    <Clauses>
      <clause_0 value="CLASS.ValidationResult:ATTRIBUTE.override_approval_data:DO"/>
      <clause_1 value="CLASS.ValidationResult:ATTRIBUTE.validation_comments:DO"/>
      <clause_2 value="CLASS.ValidationResult:ATTRIBUTE.validation_result:DO"/>
      <clause_3 value="CLASS.ValidationResult:ATTRIBUTE.validation_status:DO"/>
      <clause_4 value="CLASS.ValidationResult:ATTRIBUTE.validation_date:DO"/>
      <clause_5 value="CLASS.ValidationResult:ATTRIBUTE.validation_data_obj:SKIP"/>
      <clause_6 value="CLASS.OverrideApproval:ATTRIBUTE.override_type:DO"/>
      <clause_7 value="CLASS.OverrideApproval:ATTRIBUTE.override_to_state:DO"/>
      <clause_8 value="CLASS.OverrideApproval:ATTRIBUTE.override_request_state:DO"/>
      <clause_9 value="CLASS.OverrideApproval:ATTRIBUTE.override_category:DO"/>
      <clause_10 value="CLASS.OverrideApproval:ATTRIBUTE.override_reason:DO"/>
      <clause_11 value="CLASS.OverrideApproval:ATTRIBUTE.override_reason_detail:DO"/>
      <clause_12 value="CLASS.OverrideApproval:ATTRIBUTE.override_request_user:DO"/>
      <clause_13 value="CLASS.OverrideApproval:ATTRIBUTE.override_decision_comments:DO"/>
      <clause_14 value="CLASS.OverrideApproval:ATTRIBUTE.override_decision_user:DO"/>
      <clause_15 value="CLASS.OverrideApproval:ATTRIBUTE.override_decision_date:DO"/>
      <clause_16 value="CLASS.User:ATTRIBUTE.user_name:DO"/>
      <clause_17 value="CLASS.ItemRevision:ATTRIBUTE.release_status_list:DO"/>
      <clause_18 value="CLASS.ItemRevision:ATTRIBUTE.item_revision_id:DO"/>
      <clause_19 value="CLASS.WorkspaceObject:ATTRIBUTE.object_name:DO"/>
      <clause_20 value="CLASS.WorkspaceObject:ATTRIBUTE.object_type:DO"/>
      <clause_21 value="CLASS.POM_application_object:ATTRIBUTE.owning_group:DO"/>
      <clause_22 value="CLASS.POM_application_object:ATTRIBUTE.owning_user:DO"/>
      <clause_23 value="CLASS.ItemRevision:ATTRIBUTE.item_id:DO"/>
      <clause_24 value="CLASS.ValidationResult:ATTRIBUTE.validation_target:DO"/>
      <clause_25 value="CLASS.ValidationResult:ATTRIBUTE.validation_user:DO"/>
      <clause_26 value="CLASS.ValidationResult:PROPERTY.validation_application:DO"/>
      <clause_27 value="CLASS.ValidationResult:PROPERTY.validation_name:DO"/>
      <clause_28 value="CLASS.ValidationResult:PROPERTY.validation_is_up_to_date:DO"/>
      <clause_29 value="CLASS.ValidationResult:PROPERTY.validation_utility_name:DO"/>
      <clause_30 value="TYPE.ValidationResult:PROPERTY.override_request_state:DO"/>
      <clause_31 value="TYPE.ValidationResult:PROPERTY.override_reason:DO"/>
      <clause_32 value="TYPE.ValidationResult:PROPERTY.override_to_state:DO"/>
      <clause_33 value="TYPE.ValidationResult:PROPERTY.fnd0_final_val_result:DO"/>
      <clause_34 value="CLASS.ValidationResult:PROPERTY.fnd0_owning_obj_of_result:DO"/>
      <clause_35 value="CLASS.OverrideApproval:ATTRIBUTE.override_request_date:DO"/>
    </Clauses>
  </PropertySet>
  <Stylesheets>
    <Stylesheet>
      <StylesheetType value="CrfExcelStylesheet"/>
      <StylesheetName value="validation_results_on_item_revisions_excel.xsl"/>
    </Stylesheet>
    <Stylesheet>
      <StylesheetType value="CrfExcelStylesheet"/>
      <StylesheetName value="validation_results_on_item_revisions_excel_OOXML.xsl"/>
    </Stylesheet>
    <Stylesheet>
      <StylesheetType value="CrfHtmlStylesheet"/>
      <StylesheetName value="validation_results_on_item_revisions_html.xsl"/>
    </Stylesheet>
    <Stylesheet>
      <StylesheetType value="CrfExcelStylesheet"/>
      <StylesheetName value="l10n_validation_results_on_item_revisions_excel.xsl"/>
    </Stylesheet>
    <Stylesheet>
      <StylesheetType value="CrfExcelStylesheet"/>
      <StylesheetName value="l10n_validation_results_on_item_revisions_excel_OOXML.xsl"/>
    </Stylesheet>
    <Stylesheet>
      <StylesheetType value="CrfHtmlStylesheet"/>
      <StylesheetName value="l10n_validation_results_on_item_revisions_html.xsl"/>
    </Stylesheet>
  </Stylesheets>
  <NoOfParameters value="2"/>
  <Params>
    <param_0 value="FORMAT"/>
    <param_1 value="CLOSURE_RULE"/>
  </Params>
  <Values>
    <param_0 value="TCXML"/>
    <param_1 value="TC_10_0_00_CRF_ValidationDataExp"/>
  </Values>
  <ClosureRule>
    <Name value="TC_10_0_00_CRF_ValidationDataExp"/>
    <Description value="Closure Rule to Export Validation Results based on Item Revision"/>
    <Scope value="0"/>
    <NoOfClauses value="4"/>
    <Clauses>
      <clause_0 value="CLASS.ItemRevision:CLASS.ValidationMaster:RELATIONP2S.TC_Validation:PROCESS+TRAVERSE:"/>
      <clause_1 value="CLASS.ValidationMaster:CLASS.ValidationResult:ATTRIBUTE.validation_result_objs:PROCESS+TRAVERSE:"/>
      <clause_2 value="CLASS.ValidationResult:CLASS.OverrideApproval:ATTRIBUTE.override_approval_data:PROCESS+TRAVERSE:"/>
      <clause_3 value="CLASS.ValidationResult:CLASS.ValDataRevision:ATTRIBUTE.valdata_revision:PROCESS+TRAVERSE:"/>
    </Clauses>
  </ClosureRule>
</ReportDefinition>
