<?xml version="1.0" encoding="iso-8859-1"?>
<!-- TC Encapsulation : Mapping X-File  -->

<ReportDefinition>
  <CotsReport nameKey="k_report_cae_attr_compare" descKey="k_report_cae_attr_compare_desc" />
  <Id value="TC_10_1_04_CUS_RPT_CAE_ATTR_CMP"/>
  <name value="CAE Attribute Compare Report"/>
  <Description value="The default CAE attribute compare report definition"/>
  <Class value=""/>
  <Type value="2"/>
  <QuerySource/>
  <PropertySet value=""/>
  <Stylesheets value=""/>
  <NoOfParameters value="2"/>
  <Params>
    <param_0 value="process"/>
    <param_1 value="message_id"/>
  </Params>
  <Values>
    <param_0 value="Method::BOMLine"/>
    <param_1 value="CAEAccCheck"/>
  </Values>
  <Stylesheets>
    <Stylesheet>
      <StylesheetType value="CrfExcelStylesheet"/>
      <StylesheetName value="cae_acc_chk_rpt_excel.xsl"/>
    </Stylesheet>
    <Stylesheet>
      <StylesheetType value="CrfExcelStylesheet"/>
      <StylesheetName value="cae_acc_chk_rpt_excel_OOXML.xsl"/>
    </Stylesheet>
  </Stylesheets>
</ReportDefinition>