<?xml version="1.0" encoding="iso-8859-1"?>
<!-- TC Encapsulation : Mapping X-File  -->

<ReportDefinition>
        <CotsReport nameKey="k_report_ct_revision_detail" descKey="k_report_ct_revision_detail_desc" />
    <Id value="TC_CT_REVISION_DETAIL_REPORT"/>
    <name value="Change Tracker Revision Detail Report"/>
    <Description value="This report shows the revision change details. It can be generated from the Change Tracker Results view in Teamcenter Manufacturing Process Planner application."/>
    <Class value=""/>
    <Type value="2"/>
    <QuerySource/>
    <PropertySet value=""/>
    <Stylesheets>
        <Stylesheet>
            <StylesheetType value="CrfExcelStylesheet"/>
            <StylesheetName value="change_tracker_revision_detail_report.xsl"/>
        </Stylesheet>   
    </Stylesheets>
    <NoOfParameters value="3"/>
    <Params>
        <param_0 value="process"/>
        <param_1 value="output"/>
        <param_2 value="message_id"/>
    </Params>
    <Values>
        <param_0 value="Method::BOMLine"/>
        <param_1 value="*"/>
        <param_2 value="CTRevisionDetail"/>
    </Values>
</ReportDefinition>
