<?xml version="1.0" encoding="ISO-8859-1"?>
<!-- TC Encapsulation : Mapping X-File  -->

<ReportDefinition>
    <Id value="TC_11_40_00_CUS_AS_ITEM_RPT"/>
    <name value="Admin_Custom_As_Item_Where_Referenced">
        <Text primary="en_US">
            <Item language="en_US" value="Admin_Custom_As_Item_Where_Referenced"/>
        </Text>
    </name>
    <Description value="">
        <Text primary="en_US">
            <Item language="en_US" value=""/>
        </Text>
    </Description>
    <Class value="ItemRevision"/>
    <Type value="2"/>
    <Source value="Teamcenter"/>
    <isClassOnly value="true"/>
    <QuerySource/>
    <PropertySet value=""/>
    <Stylesheets value=""/>
    <NoOfParameters value="4"/>
    <Params>
        <param_0 value="process"/>
        <param_1 value="output"/>
        <param_2 value="Method_Name"/>
        <param_2 value="ReleaseStatus"/>
      
    </Params>
    <Values>
        <param_0 value="Method::AWCustomAsItem"/>
        <param_1 value="Method::AWCustomAsItem"/>
        <param_2 value="whereReferenced"/>
        <param_2 value="TCM Released"/>
    </Values>
</ReportDefinition>
