<?xml version="1.0" encoding="ISO-8859-1"?>
<!-- TC Encapsulation : Mapping X-File  -->

<ReportDefinition>
    <CotsReport nameKey="k_login_ip_report" descKey="k_login_ip_report_desc"/>
    <Id value="TC_10_0_00_LOGIN_IP_RPT"/>
    <name value="User Login IP Address Report"/>
    <Description value=""/>
    <Class value=""/>
    <Type value="0"/>
    <Source value="Teamcenter"/>
    <QuerySource>
        <ImanQueryDefinition>
            <name value="__Admin - User Login IP Address and Login Time"/>
            <description value="This query returns login IP address for any user. This query is created to support the Admin - Login IP Address Report."/>
            <class value="Fnd0ClientSessionInfo"/>
            <clauses_real>SELECT qid FROM Fnd0ClientSessionInfo WHERE   &quot;fnd0user_id&quot; = &quot;${fnd0user_id = }&quot; AND   &quot;fnd0last_start_time&quot; &gt;= &quot;${PreviousLogginAfter = }&quot; AND   &quot;fnd0last_start_time&quot; &lt;= &quot;${PreviousLogginBefore = }&quot; AND   &quot;fnd0current_start_time&quot; &gt;= &quot;${LatestLogginAfter = }&quot; AND   &quot;fnd0current_start_time&quot; &lt;= &quot;${LatestLogginBefore = }&quot; AND  &quot;fnd0last_ip&quot; = &quot;${LastLoginIP = }&quot; AND &quot;fnd0current_ip&quot; = &quot;${LatestLoginIP = }&quot;</clauses_real>
            <uniqueid value=""/>
            <iflag value="0"/>
            <rtype value="0"/>
        </ImanQueryDefinition>
    </QuerySource>
    <PropertySet>
        <Name value="TC_10_00_Crf_User_LoginIP"/>
            <Description value="property set for user login IP"/>
            <Scope value="0"/>
            <NoOfClauses value="5"/>
            <Clauses>
                <clause_0 value="CLASS.Fnd0ClientSessionInfo:ATTRIBUTE.fnd0user_id:DO"/>
                <clause_1 value="CLASS.Fnd0ClientSessionInfo:ATTRIBUTE.fnd0last_ip:DO"/>
                <clause_2 value="CLASS.Fnd0ClientSessionInfo:ATTRIBUTE.fnd0last_start_time:DO"/>
                <clause_3 value="CLASS.Fnd0ClientSessionInfo:ATTRIBUTE.fnd0current_ip:DO"/>
                <clause_4 value="CLASS.Fnd0ClientSessionInfo:ATTRIBUTE.fnd0current_start_time:DO"/>
            </Clauses>
    </PropertySet>
    <Stylesheets>
        <Stylesheet>
            <StylesheetType value="CrfHtmlStylesheet"/>
            <StylesheetName value="users_login_ip_html.xsl"/>
        </Stylesheet>
    </Stylesheets>
    <NoOfParameters value="2"/>
    <Params>
        <param_0 value="FORMAT"/>
        <param_1 value="CLOSURE_RULE"/>
    </Params>
    <Values>
        <param_0 value="TCXML"/>
        <param_1 value=""/>
    </Values>
</ReportDefinition>