<?xml version="1.0" encoding="ISO-8859-1"?>
<!-- TC Encapsulation : Mapping X-File  -->

<ReportDefinition>
  <CotsReport nameKey="k_report_audit_organization" descKey="k_report_audit_organization_desc" />
  <Id value="TC_10_AUDIT_ORGANIZATION_LOGS"/>
  <name value="Audit - Organization Report">
    <Text primary="en_US">
      <Item language="en_US" value="Audit - Organization Report"/>
    </Text>
  </name>
  <Description value="Audit - Organization Report">
    <Text primary="en_US">
      <Item language="en_US" value="Audit - Organization Report"/>
    </Text>
  </Description>
  <Class value=""/>
  <Type value="0"/>
  <Source value="Teamcenter"/>
  <QuerySource>
    <ImanQueryDefinition>
      <name value="Audit - Organization Logs">
        <Text primary="en_US">
          <Item language="en_US" value="Audit - Organization Logs"/>
        </Text>
      </name>
      <description value="">
        <Text primary="en_US">
          <Item language="en_US" value=""/>
        </Text>
      </description>
      <class value="Fnd0OrganizationAudit"/>
      <clauses_real>SELECT qid FROM Fnd0OrganizationAudit WHERE   &quot;object_name&quot; = &quot;${object_name = }&quot; AND  &quot;object_type&quot; = &quot;${object_type = }&quot;</clauses_real>
      <uniqueid value=""/>
      <iflag value="0"/>
      <rtype value="0"/>
    </ImanQueryDefinition>
  </QuerySource>
  <PropertySet>
    <Name value="TC_10_Crf_Audit_Org_TIE"/>
    <Description value="TC 10 Audit - Organization property set"/>
    <Scope value="0"/>
    <NoOfClauses value="9"/>
    <Clauses>
      <clause_0 value="CLASS.Fnd0OrganizationAudit:ATTRIBUTE.fnd0EventTypeName:DO"/>
      <clause_1 value="CLASS.Fnd0OrganizationAudit:ATTRIBUTE.object_name:DO"/>
      <clause_2 value="CLASS.Fnd0OrganizationAudit:ATTRIBUTE.object_type:DO"/>
      <clause_3 value="CLASS.Fnd0OrganizationAudit:ATTRIBUTE.user_id:DO"/>
      <clause_4 value="CLASS.Fnd0OrganizationAudit:ATTRIBUTE.fnd0GroupName:DO"/>
      <clause_5 value="CLASS.Fnd0OrganizationAudit:ATTRIBUTE.fnd0RoleName:DO"/>
      <clause_6 value="CLASS.Fnd0OrganizationAudit:ATTRIBUTE.fnd0LoggedDate:DO"/>
      <clause_7 value="CLASS.Fnd0OrganizationAudit:ATTRIBUTE.fnd0ErrorCode:DO"/>
      <clause_8 value="CLASS.Fnd0OrganizationAudit:ATTRIBUTE.fnd0ErrorMessage:DO"/>      
    </Clauses>
  </PropertySet>
  <Stylesheets>
    <Stylesheet>
      <StylesheetType value="CrfHtmlStylesheet"/>
      <StylesheetName value="audit_organization_html.xsl"/>
    </Stylesheet>
  </Stylesheets>
  <NoOfParameters value="2"/>
  <Params>
    <param_0 value="FORMAT"/>
    <param_1 value="CLOSURE_RULE"/>
  </Params>
  <Values>
    <param_0 value="TCXML"/>
    <param_1 value=""/>
  </Values>
</ReportDefinition>