<?xml version="1.0" encoding="ISO-8859-1"?>
<!-- TC Encapsulation : Mapping X-File  -->

<ReportDefinition>
  <Id value="TC_10_1_2_AUDIT_DS_LOGS"/>
  <name value="Audit - Digital Signature Report">
    <Text primary="en_US">
      <Item language="en_US" value="Audit - Digital Signature Report"/>
    </Text>
  </name>
  <Description value="TC 10_1_2 Audit - Digital Signature Report">
    <Text primary="en_US">
      <Item language="en_US" value="TC 10_1_2 Audit - Digital Signature Report"/>
    </Text>
  </Description>
  <Class value=""/>
  <Type value="0"/>
  <Source value="Teamcenter"/>
  <QuerySource>
    <ImanQueryDefinition>
      <name value="Audit - Digital Signature Logs">
        <Text primary="en_US">
          <Item language="en_US" value="Audit - Digital Signature Logs"/>
        </Text>
      </name>
      <description value="">
        <Text primary="en_US">
          <Item language="en_US" value=""/>
        </Text>
      </description>
      <class value="Fnd0DigitalSignatureAudit"/>
      <clauses_real>SELECT qid FROM Fnd0DigitalSignatureAudit WHERE   &quot;fnd0PrimaryObjectID&quot; = &quot;${item_id = }&quot; AND   &quot;object_name&quot; = &quot;${object_name = }&quot; AND  &quot;object_type&quot; = &quot;${object_type = }&quot;</clauses_real>
      <uniqueid value=""/>
      <iflag value="0"/>
      <rtype value="0"/>
    </ImanQueryDefinition>
  </QuerySource>
  <PropertySet>
    <Name value="TC_10_Crf_Audit_DS_TIE"/>
    <Description value="TC 10_1_2 Audit - Digital Signature  property set"/>
    <Scope value="0"/>
    <NoOfClauses value="13"/>
    <Clauses>
      <clause_0 value="CLASS.Fnd0DigitalSignatureAudit:ATTRIBUTE.fnd0EventTypeName:DO"/>
      <clause_1 value="CLASS.Fnd0DigitalSignatureAudit:ATTRIBUTE.object_name:DO"/>
      <clause_2 value="CLASS.Fnd0DigitalSignatureAudit:ATTRIBUTE.fnd0ObjectDisplayName:DO"/>
      <clause_3 value="CLASS.Fnd0DigitalSignatureAudit:ATTRIBUTE.object_type:DO"/>
      <clause_4 value="CLASS.Fnd0DigitalSignatureAudit:ATTRIBUTE.fnd0SecondaryObjectType:DO"/>
      <clause_5 value="CLASS.Fnd0DigitalSignatureAudit:ATTRIBUTE.fnd0SecondaryObjDispName:DO"/>
      <clause_6 value="CLASS.Fnd0DigitalSignatureAudit:ATTRIBUTE.fnd0UserId:DO"/>
      <clause_7 value="CLASS.Fnd0DigitalSignatureAudit:ATTRIBUTE.fnd0GroupName:DO"/>
      <clause_8 value="CLASS.Fnd0DigitalSignatureAudit:ATTRIBUTE.fnd0RoleName:DO"/>
      <clause_9 value="CLASS.Fnd0DigitalSignatureAudit:ATTRIBUTE.fnd0LoggedDate:DO"/>
      <clause_10 value="CLASS.Fnd0DigitalSignatureAudit:ATTRIBUTE.fnd0DSState:DO"/>
      <clause_11 value="CLASS.Fnd0DigitalSignatureAudit:ATTRIBUTE.fnd0ErrorCode:DO"/>
      <clause_12 value="CLASS.Fnd0DigitalSignatureAudit:ATTRIBUTE.fnd0ErrorMessage:DO"/> 
     </Clauses>
  </PropertySet>
  <Stylesheets>
    <Stylesheet>
      <StylesheetType value="CrfHtmlStylesheet"/>
      <StylesheetName value="audit_digital_signature_html.xsl"/>
    </Stylesheet>
  </Stylesheets>
  <NoOfParameters value="2"/>
  <Params>
    <param_0 value="FORMAT"/>
    <param_1 value="CLOSURE_RULE"/>
  </Params>
  <Values>
    <param_0 value="TCXML"/>
    <param_1 value=""/>
  </Values>
</ReportDefinition>