<?xml version="1.0" encoding="ISO-8859-1"?>
<!-- TC Encapsulation : Mapping X-File  -->

<ReportDefinition>
  <CotsReport nameKey="k_report_audit_schedule" descKey="k_report_audit_schedule_desc" />
  <Id value="TC_10_AUDIT_SCHEDULE_LOGS"/>
  <name value="Audit - Schedule Report">
    <Text primary="en_US">
      <Item language="en_US" value="Audit - Schedule Report"/>
    </Text>
  </name>
  <Description value="Audit - Schedule Report">
    <Text primary="en_US">
      <Item language="en_US" value="Audit - Schedule Report"/>
    </Text>
  </Description>
  <Class value=""/>
  <Type value="0"/>
  <Source value="Teamcenter"/>
  <QuerySource>
    <ImanQueryDefinition>
      <name value="Audit - Schedule Logs">
        <Text primary="en_US">
          <Item language="en_US" value="Audit - Schedule Logs"/>
        </Text>
      </name>
      <description value="">
        <Text primary="en_US">
          <Item language="en_US" value=""/>
        </Text>
      </description>
      <class value="Fnd0ScheduleAudit"/>
      <clauses_real>SELECT qid FROM Fnd0ScheduleAudit WHERE   &quot;item_id&quot; = &quot;${item_id = }&quot; AND  &quot;object_name&quot; = &quot;${object_name = }&quot;</clauses_real>
      <uniqueid value=""/>
      <iflag value="0"/>
      <rtype value="0"/>
    </ImanQueryDefinition>
  </QuerySource>
  <PropertySet>
    <Name value="TC_10_Crf_Audit_Schedule_TIE"/>
    <Description value="TC 10 Audit - Schedule  property set"/>
    <Scope value="0"/>
    <NoOfClauses value="19"/>
    <Clauses>
      <clause_0 value="CLASS.Fnd0ScheduleAudit:ATTRIBUTE.fnd0EventTypeName:DO"/>
      <clause_1 value="CLASS.Fnd0ScheduleAudit:ATTRIBUTE.object_name:DO"/>
      <clause_2 value="CLASS.Fnd0ScheduleAudit:ATTRIBUTE.fnd0ObjectDisplayName:DO"/>
      <clause_3 value="CLASS.Fnd0ScheduleAudit:ATTRIBUTE.object_type:DO"/>
      <clause_4 value="CLASS.Fnd0ScheduleAudit:ATTRIBUTE.fnd0UserId:DO"/>
      <clause_5 value="CLASS.Fnd0ScheduleAudit:ATTRIBUTE.fnd0GroupName:DO"/>
      <clause_6 value="CLASS.Fnd0ScheduleAudit:ATTRIBUTE.fnd0RoleName:DO"/>
      <clause_7 value="CLASS.Fnd0ScheduleAudit:ATTRIBUTE.fnd0LoggedDate:DO"/>
      <clause_8 value="CLASS.Fnd0ScheduleAudit:ATTRIBUTE.item_id:DO"/>
      <clause_9 value="CLASS.Fnd0ScheduleAudit:ATTRIBUTE.item_revision_id:DO"/>
      <clause_10 value="CLASS.Fnd0ScheduleAudit:ATTRIBUTE.task_type:DO"/>
      <clause_11 value="CLASS.Fnd0ScheduleAudit:ATTRIBUTE.start_date:DO"/>
      <clause_12 value="CLASS.Fnd0ScheduleAudit:ATTRIBUTE.finish_date:DO"/>
      <clause_13 value="CLASS.Fnd0ScheduleAudit:ATTRIBUTE.fnd0status:DO"/>
      <clause_14 value="CLASS.Fnd0ScheduleAudit:ATTRIBUTE.fnd0state:DO"/>
      <clause_15 value="CLASS.Fnd0ScheduleAudit:ATTRIBUTE.fixed_type:DO"/>
      <clause_16 value="CLASS.Fnd0ScheduleAudit:ATTRIBUTE.complete_percent:DO"/>
      <clause_17 value="CLASS.Fnd0ScheduleAudit:ATTRIBUTE.fnd0ErrorCode:DO"/>
      <clause_18 value="CLASS.Fnd0ScheduleAudit:ATTRIBUTE.fnd0ErrorMessage:DO"/>
    </Clauses>
  </PropertySet>
  <Stylesheets>
    <Stylesheet>
      <StylesheetType value="CrfHtmlStylesheet"/>
      <StylesheetName value="audit_schedule_audit_html.xsl"/>
    </Stylesheet>
  </Stylesheets>
  <NoOfParameters value="2"/>
  <Params>
    <param_0 value="FORMAT"/>
    <param_1 value="CLOSURE_RULE"/>
  </Params>
  <Values>
    <param_0 value="TCXML"/>
    <param_1 value=""/>
  </Values>
</ReportDefinition>