<?xml version="1.0" encoding="ISO-8859-1"?>
<!-- TC Encapsulation : Mapping X-File  -->

<ReportDefinition>
    <CotsReport nameKey="k_report_signoff_history" descKey="k_report_signoff_history_desc"/>
    <Id value="TC_11_51_00_EPM_CUS_AS_ITEM_RPT"/>
    <name value="Signoff History"/>
    <Description value="This report will show the detailed signoff history for the selected object. This includes approvals, rejections and any signoff comments."/>
    <Class value="WorkspaceObject"/>
    <Type value="2"/>
    <Source value="Teamcenter"/>
    <QuerySource/>
    <PropertySet value=""/>
    <Stylesheets>
        <Stylesheet>
            <StylesheetType value="CrfExcelStylesheet"/>
            <StylesheetName value="EPMSignoffHistoryReport_excel.xsl"/>
        </Stylesheet>
    </Stylesheets>
    <NoOfParameters value="3"/>
    <Params>
        <param_0 value="process"/>
        <param_1 value="output"/>
        <param_2 value="Method_Name"/>
    </Params>
    <Values>
        <param_0 value="Method::AWCustomAsItem"/>
        <param_1 value="Method::AWCustomAsItem"/>
        <param_2 value="EPMSignoffHistoryReport"/>
    </Values>
</ReportDefinition>
