<?xml version="1.0" encoding="GB2312"?>
<!-- TC Encapsulation : Mapping X-File  -->

<ReportDefinition>
    <Id value="TC_11_ITM_POM_SAMPLE_RPT"/>
    <name value="POM_object_sample_report">
        <Text primary="en_US">
            <Item language="en_US" value="POM_object_sample_report"/>
        </Text>
    </name>
    <Description value="POM object sample report">
        <Text primary="en_US">
            <Item language="en_US" value="POM object sample report"/>
        </Text>
    </Description>
    <Class value="POM_object"/>
    <Type value="1"/>
    <Source value="Teamcenter"/>
    <QuerySource>
        <TransferMode>
            <Name value="CRF_POM_object_sample_TM"/>
            <Description value="For CRF POM_Object_sample Report"/>
            <ContextString value="DEFAULT_PIE_CONTEXT_STRING"/>
            <Direction value="0"/>
            <SchemaFormat value="1"/>
            <ClosureRule>
                <Name value="CRF_POM_object_report_CR"/>
                <Description value="For CRF POM_Object_sample Report"/>
                <Scope value="0"/>
                <SchemaFormat value="1"/>
                <NoOfClauses value="1"/>
                <Clauses>
                    <clause_0 value="CLASS.ItemRevision:CLASS.Item:PROPERTY.items_tag:PROCESS:"/>
                </Clauses>
            </ClosureRule>
            <PropertySet>
                <Name value="TC_Crf_POM_object_sample_TIE"/>
                <Description value="POM_object sample report property set"/>
                <Scope value="0"/>
                <NoOfClauses value="3"/>
                <Clauses>
                    <clause_0 value="CLASS.POM_object:PROPERTY.lsd:DO"/>
                    <clause_1 value="CLASS.POM_object:PROPERTY.pid:DO"/>
                    <clause_2 value="CLASS.POM_object:PROPERTY.timestamp:DO"/>
                </Clauses>
            </PropertySet>
        </TransferMode>
    </QuerySource>
    <PropertySet value=""/>
    <Stylesheets>
        <Stylesheet>
            <StylesheetType value="CrfHtmlStylesheet"/>
            <StylesheetName value="pom_object_sample_html.xsl"/>
        </Stylesheet>
    </Stylesheets>
    <NoOfParameters value="1"/>
    <Params>
        <param_0 value="FORMAT"/>
    </Params>
    <Values>
        <param_0 value="TCXML"/>
    </Values>
</ReportDefinition>
