<?xml version="1.0" encoding="ISO-8859-1"?>
<!-- TC Encapsulation : Mapping X-File  -->

<ReportDefinition>
  <CotsReport nameKey="k_sum_report_validation_result_with_override" descKey="k_sum_report_validation_result_with_override_desc" />
  <Id value="TC_10_0_00_SUM_RPT_0002"/>
  <name value="VO - Validation Result with Override Requests Information"/>
  <Description value="This report displays all validation results of specified search criteria, including the override requests information."/>
  <Class value=""/>
  <Type value="0"/>
  <Source value="Teamcenter"/>
  <QuerySource>
    <ImanQueryDefinition>
      <name value="VO - Validation Results with Override Requests"/>
      <description value="This query returns Validation Result objects of specified conditions. This query was created to support the VO - Validation Result with Override Requests Information Report.">
      </description>
      <class value="ValidationResult"/>
      <clauses_real>SELECT qid FROM ValidationResult WHERE   &quot;valdata_revision.object_name&quot; = &quot;${ValidationName(String) = }&quot; AND   &quot;Dataset:validation_target.object_name&quot; = &quot;${ValidationTarget(String) = }&quot; AND   &quot;validation_result&quot; = &quot;${ValidationResult(boolean) = }&quot; AND   &quot;valdata_revision.ValData:items_tag.ValidationAgentRevision&lt;-TC_Validation.ValidationAgent:items_tag.object_name&quot; = &quot;${validation_application = }&quot; AND   &quot;validation_date&quot; &gt;= &quot;${ValidationDate(Date)after = }&quot; AND   &quot;User:validation_user.user_name&quot; = &quot;${ValidationUserName(String) = $USERNAME}&quot; AND   &quot;override_approval_data.override_type&quot; = &quot;${override_type = }&quot; AND   &quot;override_approval_data.override_to_state&quot; = &quot;${override_to_state = }&quot; AND   &quot;override_approval_data.override_request_state&quot; = &quot;${override_request_state = Pending}&quot; AND   &quot;override_approval_data.override_request_date&quot; &gt;= &quot;${OverrideRequestDate(Date)after = }&quot; AND &quot;override_approval_data.override_request_user.user_name&quot; = &quot;${override_request_user = $USERNAME}&quot; AND   &quot;override_approval_data.override_category&quot; = &quot;${override_category = }&quot; AND   &quot;override_approval_data.override_reason&quot; = &quot;${override_reason = }&quot; AND   &quot;override_approval_data.override_decision_user.user_name&quot; = &quot;${override_decision_user = }&quot; AND  &quot;override_approval_data.override_decision_date&quot; &gt;= &quot;${OverrideDecisionDate(Date)after = }&quot;</clauses_real>
      <uniqueid value=""/>
      <iflag value="0"/>
      <rtype value="0"/>
    </ImanQueryDefinition>
  </QuerySource>
  <PropertySet>
    <Name value="ValidationResultProps"/>
    <Description value="CRF property set for TC10 Validation Objects reports."/>
    <Scope value="0"/>
    <NoOfClauses value="36"/>
    <Clauses>
      <clause_0 value="CLASS.ValidationResult:ATTRIBUTE.override_approval_data:DO"/>
      <clause_1 value="CLASS.ValidationResult:ATTRIBUTE.validation_comments:DO"/>
      <clause_2 value="CLASS.ValidationResult:ATTRIBUTE.validation_result:DO"/>
      <clause_3 value="CLASS.ValidationResult:ATTRIBUTE.validation_status:DO"/>
      <clause_4 value="CLASS.ValidationResult:ATTRIBUTE.validation_date:DO"/>
      <clause_5 value="CLASS.ValidationResult:ATTRIBUTE.validation_data_obj:SKIP"/>
      <clause_6 value="CLASS.OverrideApproval:ATTRIBUTE.override_type:DO"/>
      <clause_7 value="CLASS.OverrideApproval:ATTRIBUTE.override_to_state:DO"/>
      <clause_8 value="CLASS.OverrideApproval:ATTRIBUTE.override_request_state:DO"/>
      <clause_9 value="CLASS.OverrideApproval:ATTRIBUTE.override_category:DO"/>
      <clause_10 value="CLASS.OverrideApproval:ATTRIBUTE.override_reason:DO"/>
      <clause_11 value="CLASS.OverrideApproval:ATTRIBUTE.override_reason_detail:DO"/>
      <clause_12 value="CLASS.OverrideApproval:ATTRIBUTE.override_request_user:DO"/>
      <clause_13 value="CLASS.OverrideApproval:ATTRIBUTE.override_decision_comments:DO"/>
      <clause_14 value="CLASS.OverrideApproval:ATTRIBUTE.override_decision_user:DO"/>
      <clause_15 value="CLASS.OverrideApproval:ATTRIBUTE.override_decision_date:DO"/>
      <clause_16 value="CLASS.User:ATTRIBUTE.user_name:DO"/>
      <clause_17 value="CLASS.ItemRevision:ATTRIBUTE.release_status_list:DO"/>
      <clause_18 value="CLASS.ItemRevision:ATTRIBUTE.item_revision_id:DO"/>
      <clause_19 value="CLASS.WorkspaceObject:ATTRIBUTE.object_name:DO"/>
      <clause_20 value="CLASS.WorkspaceObject:ATTRIBUTE.object_type:DO"/>
      <clause_21 value="CLASS.POM_application_object:ATTRIBUTE.owning_group:DO"/>
      <clause_22 value="CLASS.POM_application_object:ATTRIBUTE.owning_user:DO"/>
      <clause_23 value="CLASS.ItemRevision:ATTRIBUTE.item_id:DO"/>
      <clause_24 value="CLASS.ValidationResult:ATTRIBUTE.validation_target:DO"/>
      <clause_25 value="CLASS.ValidationResult:ATTRIBUTE.validation_user:DO"/>
      <clause_26 value="CLASS.ValidationResult:PROPERTY.validation_application:DO"/>
      <clause_27 value="CLASS.ValidationResult:PROPERTY.validation_name:DO"/>
      <clause_28 value="CLASS.ValidationResult:PROPERTY.validation_is_up_to_date:DO"/>
      <clause_29 value="CLASS.ValidationResult:PROPERTY.validation_utility_name:DO"/>
      <clause_30 value="TYPE.ValidationResult:PROPERTY.override_request_state:DO"/>
      <clause_31 value="TYPE.ValidationResult:PROPERTY.override_reason:DO"/>
      <clause_32 value="TYPE.ValidationResult:PROPERTY.override_to_state:DO"/>
      <clause_33 value="TYPE.ValidationResult:PROPERTY.fnd0_final_val_result:DO"/>
      <clause_34 value="CLASS.ValidationResult:PROPERTY.fnd0_owning_obj_of_result:DO"/>
      <clause_35 value="CLASS.OverrideApproval:ATTRIBUTE.override_request_date:DO"/>
    </Clauses>
  </PropertySet>
  <Stylesheets>
    <Stylesheet>
      <StylesheetType value="CrfExcelStylesheet"/>
      <StylesheetName value="validation_result_with_override_report_excel.xsl"/>
    </Stylesheet>
    <Stylesheet>
      <StylesheetType value="CrfExcelStylesheet"/>
      <StylesheetName value="validation_result_with_override_report_excel_OOXML.xsl"/>
    </Stylesheet>
    <Stylesheet>
      <StylesheetType value="CrfHtmlStylesheet"/>
      <StylesheetName value="validation_result_with_override_report_html.xsl"/>
    </Stylesheet>
    <Stylesheet>
      <StylesheetType value="CrfExcelStylesheet"/>
      <StylesheetName value="l10n_validation_result_with_override_report_excel.xsl"/>
    </Stylesheet>
    <Stylesheet>
      <StylesheetType value="CrfExcelStylesheet"/>
      <StylesheetName value="l10n_validation_result_with_override_report_excel_OOXML.xsl"/>
    </Stylesheet>
    <Stylesheet>
      <StylesheetType value="CrfHtmlStylesheet"/>
      <StylesheetName value="l10n_validation_result_with_override_report_html.xsl"/>
    </Stylesheet>
  </Stylesheets>
  <NoOfParameters value="2"/>
  <Params>
    <param_0 value="FORMAT"/>
    <param_1 value="CLOSURE_RULE"/>
  </Params>
  <Values>
    <param_0 value="TCXML"/>
    <param_1 value="TC_10_0_00_Validation_DataExport"/>
  </Values>
  <ClosureRule>
    <Name value="TC_10_0_00_CRF_ValidationDataExp"/>
    <Description value="Closure Rule to Export Validation Results based on Item Revision"/>
    <Scope value="0"/>
    <NoOfClauses value="4"/>
    <Clauses>
      <clause_0 value="CLASS.ItemRevision:CLASS.ValidationMaster:RELATIONP2S.TC_Validation:PROCESS+TRAVERSE:"/>
      <clause_1 value="CLASS.ValidationMaster:CLASS.ValidationResult:ATTRIBUTE.validation_result_objs:PROCESS+TRAVERSE:"/>
      <clause_2 value="CLASS.ValidationResult:CLASS.OverrideApproval:ATTRIBUTE.override_approval_data:PROCESS+TRAVERSE:"/>
      <clause_3 value="CLASS.ValidationResult:CLASS.ValDataRevision:ATTRIBUTE.valdata_revision:PROCESS+TRAVERSE:"/>
    </Clauses>
  </ClosureRule>
</ReportDefinition>
