<?xml version="1.0" encoding="iso-8859-1"?>
<!-- TC Encapsulation : Mapping X-File  -->

<ReportDefinition>
        <CotsReport nameKey="k_report_bo_details" descKey="k_report_bo_details_desc" />
	<Id value="TC_2008_00_SUM_RPT_0002"/>
	<name value="Business Objects Details"/>
	<Description value="This is a sample OOTB report to display any Business Object details."/>
	<Class value=""/>
	<Type value="0"/>
	<QuerySource>
		<ImanQueryDefinition>
			<name value="General..."/>
			<description value="Find workspace object(s)"/>
			<class value="WorkspaceObject"/>
			<clauses_real>SELECT qid FROM WorkspaceObject WHERE   &quot;object_name&quot; = &quot;${Name = }&quot; AND   &quot;object_desc&quot; = &quot;${Description = }&quot; AND   &quot;object_type&quot; = &quot;${Type = }&quot; AND   &quot;owning_user.user_id&quot; = &quot;${Owning User = $USERID}&quot; AND   &quot;owning_group.name&quot; = &quot;${Owning Group = $GROUP}&quot; AND   &quot;creation_date&quot; &gt;= &quot;${Created After = }&quot; AND   &quot;creation_date&quot; &lt;= &quot;${Created Before = }&quot; AND   &quot;last_mod_date&quot; &gt;= &quot;${Modified After = }&quot; AND   &quot;last_mod_date&quot; &lt;= &quot;${Modified Before = }&quot; AND &quot;date_released&quot; &gt;= &quot;${Released After = }&quot; AND   &quot;date_released&quot; &lt;= &quot;${Released Before = }&quot; AND   &quot;release_status_list.name&quot; = &quot;${Release Status = }&quot; AND  &quot;EPMTask:process_stage_list.object_name&quot; = &quot;${Current Task = }&quot;</clauses_real>
			<uniqueid value=""/>
			<iflag value="0"/>
			<rtype value="0"/>
		</ImanQueryDefinition>
	</QuerySource>
	<PropertySet>
		<Name value="TC_2008_00_CrfReports_TIE"/>
		<Description value="PropertySet for CRF TIE Reports"/>
		<Scope value="0"/>
		<NoOfClauses value="7"/>
		<Clauses>
			<clause_0 value="CLASS.WorkspaceObject:ATTRIBUTE.object_type:DO"/>
			<clause_1 value="CLASS.WorkspaceObject:ATTRIBUTE.owning_user:DO"/>
			<clause_2 value="CLASS.WorkspaceObject:ATTRIBUTE.owning_group:DO"/>
			<clause_3 value="CLASS.WorkspaceObject:ATTRIBUTE.last_mod_date:DO"/>
			<clause_4 value="CLASS.WorkspaceObject:ATTRIBUTE.creation_date:DO"/>
			<clause_5 value="CLASS.WorkspaceObject:ATTRIBUTE.release_status_list:DO"/>
			<clause_6 value="CLASS.WorkspaceObject:ATTRIBUTE.date_released:DO"/>
		</Clauses>
	</PropertySet>
	<Stylesheets>
		<Stylesheet>
			<StylesheetType value="CrfExcelStylesheet"/>
			<StylesheetName value="generic_tcplmxml_excel.xsl"/>
		</Stylesheet>
    <Stylesheet>
      <StylesheetType value="CrfExcelStylesheet"/>
      <StylesheetName value="generic_tcplmxml_excel_OOXML.xsl"/>
    </Stylesheet>
		<Stylesheet>
			<StylesheetType value="CrfHtmlStylesheet"/>
			<StylesheetName value="generic_tcplmxml_html.xsl"/>
		</Stylesheet>
		<Stylesheet>
			<StylesheetType value="CrfExcelStylesheet"/>
			<StylesheetName value="l10n_generic_tcplmxml_excel.xsl"/>
		</Stylesheet>
    <Stylesheet>
      <StylesheetType value="CrfExcelStylesheet"/>
      <StylesheetName value="l10n_generic_tcplmxml_excel_OOXML.xsl"/>
    </Stylesheet>
		<Stylesheet>
			<StylesheetType value="CrfHtmlStylesheet"/>
			<StylesheetName value="l10n_generic_tcplmxml_html.xsl"/>
		</Stylesheet>		
	</Stylesheets>
	<NoOfParameters value="2"/>
	<Params>
		<param_0 value="FORMAT"/>
		<param_1 value="CLOSURE_RULE"/>
	</Params>
	<Values>
		<param_0 value="TcPLMXML"/>
		<param_1 value=""/>
	</Values>
</ReportDefinition>