<?xml version="1.0" encoding="iso-8859-1"?>
<!-- TC Encapsulation : Mapping X-File  -->

<ReportDefinition>
        <CotsReport nameKey="k_report_accountability_check" descKey="k_report_accountability_check_desc" />
	<Id value="TC_2007_00_CUS_RPT_0002"/>
	<name value="Accountability Check Report"/>
	<Description value="The default accountability check report definition"/>
	<Class value=""/>
	<Type value="2"/>
	<QuerySource/>
	<PropertySet value=""/>
	<Stylesheets value=""/>
	<NoOfParameters value="2"/>
	<Params>
		<param_0 value="process"/>
		<param_1 value="message_id"/>
	</Params>
	<Values>
		<param_0 value="Method::BOMLine"/>
		<param_1 value="AccountabilityCheck"/>
	</Values>
	<Stylesheets>
		<Stylesheet>
			<StylesheetType value="CrfExcelStylesheet"/>
			<StylesheetName value="acc_chk_rpt_excel.xsl"/>
		</Stylesheet>
    <Stylesheet>
      <StylesheetType value="CrfExcelStylesheet"/>
      <StylesheetName value="acc_chk_rpt_excel_OOXML.xsl"/>
    </Stylesheet>
	</Stylesheets>
</ReportDefinition>