<?xml version="1.0" encoding="iso-8859-1"?>
<!-- TC Encapsulation : Mapping X-File  -->

<ReportDefinition>
        <CotsReport nameKey="k_report_users_login_info" descKey="k_report_users_login_info_desc" />
	<Id value="TC_2009_00_SUM_RPT_0001"/>
	<name value="Users Login Date Information"/>
	<Description value="This report gives the Users last login date and time information."/>
	<Class value=""/>
	<Type value="0"/>
	<QuerySource>
		<ImanQueryDefinition>
			<name value="__Users Last Login Date"/>
			<description value="This query was created to support the  Users Last Login Time Information Report."/>
			<class value="User"/>
			<clauses_real>SELECT qid FROM User WHERE   &quot;person.user_name&quot; = &quot;${PersonName = }&quot; AND   &quot;user_id&quot; = &quot;${UserId = }&quot; AND   &quot;last_login_time&quot; &gt;= &quot;${LoggedInAfter = }&quot; AND  &quot;last_login_time&quot; &lt;= &quot;${LoggedInBefore = }&quot;</clauses_real>
			<uniqueid value=""/>
			<iflag value="0"/>
			<rtype value="0"/>
		</ImanQueryDefinition>
	</QuerySource>
	<PropertySet>
		<Name value="TC_2009_801_CrfReports_TIE"/>
		<Description value="PropertySet for CRF TIE Reports"/>
		<Scope value="0"/>
		<NoOfClauses value="12"/>
		<Clauses>
			<clause_0 value="CLASS.WorkspaceObject:ATTRIBUTE.object_type:DO"/>
			<clause_1 value="CLASS.WorkspaceObject:ATTRIBUTE.owning_user:DO"/>
			<clause_2 value="CLASS.WorkspaceObject:ATTRIBUTE.owning_group:DO"/>
			<clause_3 value="CLASS.WorkspaceObject:ATTRIBUTE.last_mod_date:DO"/>
			<clause_4 value="CLASS.WorkspaceObject:ATTRIBUTE.creation_date:DO"/>
			<clause_5 value="CLASS.WorkspaceObject:ATTRIBUTE.release_status_list:DO"/>
			<clause_6 value="CLASS.WorkspaceObject:ATTRIBUTE.date_released:DO"/>
			<clause_7 value="CLASS.User:ATTRIBUTE.user_id:DO"/>
			<clause_8 value="CLASS.User:ATTRIBUTE.user_name:DO"/>
			<clause_9 value="CLASS.User:ATTRIBUTE.last_login_time:DO"/>
			<clause_10 value="CLASS.User:ATTRIBUTE.person:DO"/>
			<clause_11 value="CLASS.Person:ATTRIBUTE.user_name:DO"/>
		</Clauses>
	</PropertySet>
	<Stylesheets>
		<Stylesheet>
			<StylesheetType value="CrfHtmlStylesheet"/>
			<StylesheetName value="users_login_info_html.xsl"/>
		</Stylesheet>
		<Stylesheet>
			<StylesheetType value="CrfExcelStylesheet"/>
			<StylesheetName value="users_login_info_excel.xsl"/>
		</Stylesheet>
    <Stylesheet>
      <StylesheetType value="CrfExcelStylesheet"/>
      <StylesheetName value="users_login_info_excel_OOXML.xsl"/>
    </Stylesheet>
		<Stylesheet>
			<StylesheetType value="CrfHtmlStylesheet"/>
			<StylesheetName value="l10n_users_login_info_html.xsl"/>
		</Stylesheet>
		<Stylesheet>
			<StylesheetType value="CrfExcelStylesheet"/>
			<StylesheetName value="l10n_users_login_info_excel.xsl"/>
		</Stylesheet>
    <Stylesheet>
      <StylesheetType value="CrfExcelStylesheet"/>
      <StylesheetName value="l10n_users_login_info_excel_OOXML.xsl"/>
    </Stylesheet>
	</Stylesheets>
	<NoOfParameters value="2"/>
	<Params>
		<param_0 value="FORMAT"/>
		<param_1 value="CLOSURE_RULE"/>
	</Params>
	<Values>
		<param_0 value="TcPLMXML"/>
		<param_1 value=""/>
	</Values>
</ReportDefinition>