<?xml version="1.0" encoding="iso-8859-1"?>
<!-- TC Encapsulation : Mapping X-File  -->

<ReportDefinition>
  <CotsReport nameKey="k_report_ir_structure_info" descKey="k_report_ir_structure_info_desc" />
  <Id value="TC_2008_00_SUM_RPT_0001"/>
  <name value="Item Revision Structure Information"/>
  <Description value="This report gives the hierarichal information of the Item Revision."/>
  <Class value=""/>
  <Type value="0"/>
  <QuerySource>
    <ImanQueryDefinition>
      <name value="Item Revision..."/>
      <description value="Find Item Revision(s)"/>
      <class value="ItemRevision"/>
      <clauses_real>SELECT qid FROM ItemRevision WHERE   &quot;object_name&quot; = &quot;${Name = }&quot; AND   &quot;items_tag.item_id&quot; = &quot;${Item ID = }&quot; AND   &quot;item_revision_id&quot; = &quot;${Revision = }&quot; AND   &quot;active_seq&quot; != &quot;0&quot; AND   &quot;Identifier:IMAN_aliasid.idfr_id&quot; = &quot;${Alias ID = }&quot; AND   &quot;Identifier:IMAN_aliasid.idcontext.idcxt_name&quot; = &quot;${Alias IdContext Name = }&quot; AND   &quot;Identifier:IMAN_aliasid.object_type&quot; = &quot;${Alias Type = }&quot; AND   &quot;Identifier&lt;-altid_of.Identifier:suppl_context.idfr_id&quot; = &quot;${Alternate ID = }&quot; AND  &quot;Identifier&lt;-altid_of.idfr_id&quot; = &quot;${Alternate Revision = }&quot; AND   &quot;Identifier&lt;-altid_of.idcontext.idcxt_name&quot; = &quot;${Alternate Revision IdContext Name = }&quot; AND   &quot;Identifier&lt;-altid_of.object_type&quot; = &quot;${Alternate Revision Type = }&quot; AND &quot;object_desc&quot; = &quot;${Description = }&quot; AND   &quot;object_type&quot; = &quot;${Type = ItemRevision}&quot; AND   &quot;owning_user.user_id&quot; = &quot;${Owning User = $USERID}&quot; AND   &quot;owning_group.name&quot; = &quot;${Owning Group = $GROUP}&quot; AND   &quot;creation_date&quot; &gt;= &quot;${Created After = }&quot; AND   &quot;creation_date&quot; &lt;= &quot;${Created Before = }&quot; AND   &quot;last_mod_date&quot; &gt;= &quot;${Modified After = }&quot; AND   &quot;last_mod_date&quot; &lt;= &quot;${Modified Before = }&quot; AND   &quot;date_released&quot; &gt;= &quot;${Released After = }&quot; AND   &quot;date_released&quot; &lt;= &quot;${Released Before = }&quot; AND   &quot;release_status_list.name&quot; = &quot;${Release Status = }&quot; AND  &quot;EPMTask:process_stage_list.object_name&quot; = &quot;${Current Task = }&quot;</clauses_real>
      <uniqueid value=""/>
      <iflag value="0"/>
      <rtype value="0"/>
    </ImanQueryDefinition>
  </QuerySource>
  <PropertySet>
    <Name value="TC_2008_00_CrfReports_PIE"/>
    <Description value="CRF property set for Reports with output format as PLMXML"/>
    <Scope value="0"/>
    <NoOfClauses value="44"/>
    <Clauses>
      <clause_0 value="CLASS.Item:PROPERTY.item_id:DO"/>
      <clause_1 value="CLASS.Item:PROPERTY.object_name:DO"/>
      <clause_2 value="CLASS.Item:PROPERTY.object_desc:DO"/>
      <clause_3 value="CLASS.Item:PROPERTY.object_type:DO"/>
      <clause_4 value="CLASS.Item:ATTRIBUTE.revision_number:DO"/>
      <clause_5 value="CLASS.Item:PROPERTY.creation_date:DO"/>
      <clause_6 value="CLASS.Item:ATTRIBUTE.last_mod_user:DO"/>
      <clause_7 value="CLASS.Item:PROPERTY.owning_group:DO"/>
      <clause_8 value="CLASS.Item:PROPERTY.owning_user:DO"/>
      <clause_9 value="CLASS.Item:PROPERTY.last_mod_date:DO"/>
      <clause_10 value="CLASS.Item:PROPERTY.release_status_list:DO"/>
      <clause_11 value="CLASS.ItemRevision:PROPERTY.item_revision_id:DO"/>
      <clause_12 value="CLASS.ItemRevision:PROPERTY.object_string:DO"/>
      <clause_13 value="CLASS.ItemRevision:PROPERTY.object_name:DO"/>
      <clause_14 value="CLASS.ItemRevision:PROPERTY.object_desc:DO"/>
      <clause_15 value="CLASS.ItemRevision:PROPERTY.object_type:DO"/>
      <clause_16 value="CLASS.ItemRevision:PROPERTY.process_stage:DO"/>
      <clause_17 value="CLASS.ItemRevision:PROPERTY.creation_date:DO"/>
      <clause_18 value="CLASS.ItemRevision:PROPERTY.last_mod_date:DO"/>
      <clause_19 value="CLASS.ItemRevision:PROPERTY.last_mod_user:DO"/>
      <clause_20 value="CLASS.ItemRevision:PROPERTY.date_released:DO"/>
      <clause_21 value="CLASS.ItemRevision:PROPERTY.owning_user:DO"/>
      <clause_22 value="CLASS.ItemRevision:PROPERTY.owning_group:DO"/>
      <clause_23 value="CLASS.ItemRevision:PROPERTY.release_status_list:DO"/>
      <clause_24 value="TYPE.ItemRevision:PROPERTY.item_id:DO"/>
      <clause_25 value="CLASS.Folder:PROPERTY.creation_date:DO"/>
      <clause_26 value="CLASS.ReleaseStatus:PROPERTY.name:DO"/>
      <clause_27 value="CLASS.User:PROPERTY.user_id:DO"/>
      <clause_28 value="CLASS.User:PROPERTY.user_name:DO"/>
      <clause_29 value="CLASS.Group:PROPERTY.name:DO"/>
      <clause_30 value="CLASS.Role:PROPERTY.role_name:DO"/>
      <clause_31 value="CLASS.Dataset:PROPERTY.ref_list:DO"/>
      <clause_32 value="CLASS.Dataset:PROPERTY.object_type:DO"/>
      <clause_33 value="CLASS.Dataset:PROPERTY.owning_user:DO"/>
      <clause_34 value="CLASS.Dataset:PROPERTY.owning_group:DO"/>
      <clause_35 value="CLASS.Dataset:PROPERTY.creation_date:DO"/>
      <clause_36 value="CLASS.Dataset:PROPERTY.last_mod_date:DO"/>
      <clause_37 value="CLASS.ImanFile:PROPERTY.file_name:DO"/>
      <clause_38 value="CLASS.ImanFile:PROPERTY.original_file_name:DO"/>
      <clause_39 value="CLASS.ImanFile:PROPERTY.object_type:DO"/>
      <clause_40 value="CLASS.ImanFile:PROPERTY.owning_user:DO"/>
      <clause_41 value="CLASS.ImanFile:PROPERTY.owning_group:DO"/>
      <clause_42 value="CLASS.ImanFile:PROPERTY.creation_date:DO"/>
      <clause_43 value="CLASS.ImanFile:PROPERTY.last_mod_date:DO"/>
    </Clauses>
  </PropertySet>
  <Stylesheets>
    <Stylesheet>
      <StylesheetType value="CrfHtmlStylesheet"/>
      <StylesheetName value="itemrevision_structure_html.xsl"/>
    </Stylesheet>
    <Stylesheet>
      <StylesheetType value="CrfHtmlStylesheet"/>
      <StylesheetName value="l10n_ir_structure_html.xsl"/>
    </Stylesheet>    
  </Stylesheets>
  <NoOfParameters value="2"/>
  <Params>
    <param_0 value="FORMAT"/>
    <param_1 value="CLOSURE_RULE"/>
  </Params>
  <Values>
    <param_0 value="PLMXML"/>
    <param_1 value="CRF_DataExportDefault"/>
  </Values>
  <ClosureRule>
    <Name value="CRF_DataExportDefault"/>
    <Description value="Closure Rule added for CRF Reports"/>
    <Scope value="0"/>
    <NoOfClauses value="6"/>
    <Clauses>
      <clause_0 value="CLASS.ItemRevision:CLASS.Item:PROPERTY.items_tag:PROCESS+TRAVERSE:"/>
      <clause_1 value="CLASS.Item:CLASS.ItemRevision:PROPERTY.revision_list:PROCESS+TRAVERSE:"/>
      <clause_2 value="CLASS.Item:CLASS.Form:RELATIONP2S.*:PROCESS:"/>
      <clause_3 value="CLASS.ItemRevision:CLASS.Form:RELATIONP2S.*:PROCESS:"/>
      <clause_4 value="CLASS.ItemRevision:CLASS.Dataset:RELATIONP2S.*:PROCESS+TRAVERSE:"/>
      <clause_5 value="CLASS.Dataset:CLASS.ImanFile:ATTRIBUTE.ref_list:PROCESS:"/>
    </Clauses>
  </ClosureRule>
</ReportDefinition>