<?xml version="1.0" encoding="iso-8859-1"?>
<!-- TC Encapsulation : Mapping X-File  -->

<ReportDefinition>
  <CotsReport nameKey="k_report_admin_employee_info" descKey="k_report_admin_employee_info_desc" />
  <Id value="TC_2007_00_SUM_RPT_0004"/>
  <name value="Admin - Employee Information"/>
  <Description value="This report returns employee information of a specified person/user."/>
  <Class value=""/>
  <Type value="0"/>
  <QuerySource>
    <ImanQueryDefinition>
      <name value="Admin - Employee Information"/>
      <description value="This query was created to support the Admin - Employee Information Report."/>
      <class value="User"/>
      <clauses_real>SELECT qid FROM User WHERE   &quot;person.user_name&quot; = &quot;${Person Name =}&quot; AND  &quot;user_id&quot; = &quot;${User Id =}&quot;</clauses_real>
      <uniqueid value=""/>
      <iflag value="0"/>
    </ImanQueryDefinition>
  </QuerySource>
  <PropertySet>
    <Name value="TC_2007_00_CrfReports"/>
    <Description value="CRF property set."/>
    <Scope value="0"/>
    <NoOfClauses value="27"/>
    <Clauses>
      <clause_0 value="CLASS.Role:PROPERTY.role_name:DO"/>
      <clause_1 value="CLASS.Group:PROPERTY.name:DO"/>
      <clause_2 value="CLASS.Item:PROPERTY.item_id:DO"/>
      <clause_3 value="CLASS.Item:PROPERTY.object_name:DO"/>
      <clause_4 value="CLASS.Item:PROPERTY.object_desc:DO"/>
      <clause_5 value="CLASS.Item:ATTRIBUTE.revision_number:DO"/>
      <clause_6 value="CLASS.Item:PROPERTY.creation_date:DO"/>
      <clause_7 value="CLASS.Item:PROPERTY.release_status_list:DO"/>
      <clause_8 value="CLASS.Item:ATTRIBUTE.last_mod_user:DO"/>
      <clause_9 value="CLASS.ItemRevision:PROPERTY.item_revision_id:DO"/>
      <clause_10 value="CLASS.ItemRevision:PROPERTY.object_string:DO"/>
      <clause_11 value="CLASS.ItemRevision:PROPERTY.object_name:DO"/>
      <clause_12 value="CLASS.ItemRevision:PROPERTY.object_desc:DO"/>
      <clause_13 value="CLASS.ItemRevision:PROPERTY.object_type:DO"/>
      <clause_14 value="CLASS.ItemRevision:PROPERTY.process_stage:DO"/>
      <clause_15 value="CLASS.ItemRevision:PROPERTY.creation_date:DO"/>
      <clause_16 value="CLASS.ItemRevision:PROPERTY.last_mod_date:DO"/>
      <clause_17 value="CLASS.ItemRevision:PROPERTY.date_released:DO"/>
      <clause_18 value="CLASS.ItemRevision:PROPERTY.owning_user:DO"/>
      <clause_19 value="CLASS.ItemRevision:PROPERTY.owning_group:DO"/>
      <clause_20 value="CLASS.ItemRevision:PROPERTY.release_status_list:DO"/>
      <clause_21 value="CLASS.ItemRevision:PROPERTY.last_mod_user:DO"/>
      <clause_22 value="CLASS.User:PROPERTY.user_id:DO"/>
      <clause_23 value="CLASS.User:PROPERTY.user_name:DO"/>
      <clause_24 value="CLASS.Folder:PROPERTY.creation_date:DO"/>
      <clause_25 value="TYPE.ItemRevision:PROPERTY.item_id:DO"/>
      <clause_26 value="CLASS.ReleaseStatus:PROPERTY.name:DO"/>
    </Clauses>
  </PropertySet>
  <Stylesheets>
    <Stylesheet>
      <StylesheetType value="CrfHtmlStylesheet"/>
      <StylesheetName value="admin_employee_html.xsl"/>
    </Stylesheet>
    <Stylesheet>
      <StylesheetType value="CrfHtmlStylesheet"/>
      <StylesheetName value="l10n_admin_employee_html.xsl"/>
    </Stylesheet>    
  </Stylesheets>
</ReportDefinition>