<?xml version="1.0" encoding="iso-8859-1"?>
<!-- TC Encapsulation : Mapping X-File  -->

<ReportDefinition>
  <CotsReport nameKey="k_report_ps_bom" descKey="k_report_ps_bom_desc" />
  <Id value="TC_2007_00_ITM_RPT_0003"/>
  <name value="PS - BOM Structure"/>
  <Description value="This report returns unpacked BOM information for specified Item Revision"/>
  <Class value="ItemRevision"/>
  <Type value="1"/>
  <QuerySource>
    <TransferMode>
      <Name value="CRF_PS_BOM_Structure_Report"/>
      <Description value="For CRF PS_BOM structure Report"/>
      <ContextString value="DEFAULT_PIE_CONTEXT_STRING"/>
      <Direction value="0"/>
      <ClosureRule>
        <Name value="CRF_PS_BOM_Structure_CS"/>
        <Description value="For CRF PS_BOM structure Report"/>
        <Scope value="0"/>
        <NoOfClauses value="7"/>
        <Clauses>
          <clause_0 value="CLASS.ImanItemLine:CLASS.ImanItemLine:PROPERTY.bl_child_lines:PROCESS+TRAVERSE: SECONDARY.bl_window_is_BOPWin==&quot;false&quot; &amp;&amp; PRIMARY.bl_window_is_BOPWin==&quot;false&quot;"/>
          <clause_1 value="CLASS.ImanItemLine:CLASS.ItemRevision:PROPERTY.bl_revision:PROCESS+TRAVERSE: PRIMARY.bl_window_is_BOPWin==&quot;false&quot;"/>
          <clause_2 value="CLASS.ItemRevision:CLASS.Form:RELATIONP2S.*:TRAVERSE+PROCESS:"/>
          <clause_3 value="CLASS.WorkspaceObject:CLASS.ReleaseStatus:ATTRIBUTE.*:TRAVERSE+PROCESS:"/>
          <clause_4 value="CLASS.ItemRevision:CLASS.Item:PROPERTY.items_tag:TRAVERSE+PROCESS:"/>
          <clause_5 value="CLASS.ItemRevision:CLASS.itemRevision:RELATIONP2S.*:TRAVERSE+PROCESS:"/>
          <clause_6 value="CLASS.Item:CLASS.Form:RELATIONP2S.*:TRAVERSE+PROCESS:"/>
        </Clauses>
      </ClosureRule>
    </TransferMode>
  </QuerySource>
  <PropertySet>
    <Name value="TC_2007_00_CrfPSBOMReports"/>
    <Description value="CRF property set."/>
    <Scope value="0"/>
    <NoOfClauses value="69"/>
    <Clauses>
      <clause_0 value="CLASS.Role:PROPERTY.role_name:DO"/>
      <clause_1 value="CLASS.Group:PROPERTY.name:DO"/>
      <clause_2 value="CLASS.Item:PROPERTY.item_id:DO"/>
      <clause_3 value="CLASS.Item:PROPERTY.object_name:DO"/>
      <clause_4 value="CLASS.Item:PROPERTY.object_desc:DO"/>
      <clause_5 value="CLASS.Item:ATTRIBUTE.revision_number:DO"/>
      <clause_6 value="CLASS.Item:PROPERTY.creation_date:DO"/>
      <clause_7 value="CLASS.Item:PROPERTY.release_status_list:DO"/>
      <clause_8 value="CLASS.Item:ATTRIBUTE.last_mod_user:DO"/>
      <clause_9 value="CLASS.ItemRevision:PROPERTY.item_revision_id:DO"/>
      <clause_10 value="CLASS.ItemRevision:PROPERTY.object_string:DO"/>
      <clause_11 value="CLASS.ItemRevision:PROPERTY.object_name:DO"/>
      <clause_12 value="CLASS.ItemRevision:PROPERTY.object_desc:DO"/>
      <clause_13 value="CLASS.ItemRevision:PROPERTY.object_type:DO"/>
      <clause_14 value="CLASS.ItemRevision:PROPERTY.process_stage:DO"/>
      <clause_15 value="CLASS.ItemRevision:PROPERTY.creation_date:DO"/>
      <clause_16 value="CLASS.ItemRevision:PROPERTY.last_mod_date:DO"/>
      <clause_17 value="CLASS.ItemRevision:PROPERTY.date_released:DO"/>
      <clause_18 value="CLASS.ItemRevision:PROPERTY.owning_user:DO"/>
      <clause_19 value="CLASS.ItemRevision:PROPERTY.owning_group:DO"/>
      <clause_20 value="CLASS.ItemRevision:PROPERTY.release_status_list:DO"/>
      <clause_21 value="CLASS.ItemRevision:PROPERTY.last_mod_user:DO"/>
      <clause_22 value="CLASS.User:PROPERTY.user_id:DO"/>
      <clause_23 value="CLASS.User:PROPERTY.user_name:DO"/>
      <clause_24 value="CLASS.Folder:PROPERTY.creation_date:DO"/>
      <clause_25 value="TYPE.ItemRevision:PROPERTY.item_id:DO"/>
      <clause_26 value="CLASS.ReleaseStatus:PROPERTY.name:DO"/>
      <clause_27 value="CLASS.Design:PROPERTY.item_id:DO"/>
      <clause_28 value="CLASS.Design:PROPERTY.object_name:DO"/>
      <clause_29 value="CLASS.Design:PROPERTY.object_desc:DO"/>
      <clause_30 value="CLASS.Design:ATTRIBUTE.revision_number:DO"/>
      <clause_31 value="CLASS.Design:PROPERTY.creation_date:DO"/>
      <clause_32 value="CLASS.Design:PROPERTY.release_status_list:DO"/>
      <clause_33 value="CLASS.Design:ATTRIBUTE.last_mod_user:DO"/>
      <clause_34 value="TYPE.Design Revision:PROPERTY.item_revision_id:DO"/>
      <clause_35 value="TYPE.Design Revision:PROPERTY.object_string:DO"/>
      <clause_36 value="TYPE.Design Revision:PROPERTY.object_name:DO"/>
      <clause_37 value="TYPE.Design Revision:PROPERTY.object_desc:DO"/>
      <clause_38 value="TYPE.Design Revision:PROPERTY.object_type:DO"/>
      <clause_39 value="TYPE.Design Revision:PROPERTY.process_stage:DO"/>
      <clause_40 value="TYPE.Design Revision:PROPERTY.creation_date:DO"/>
      <clause_41 value="TYPE.Design Revision:PROPERTY.last_mod_date:DO"/>
      <clause_42 value="TYPE.Design Revision:PROPERTY.date_released:DO"/>
      <clause_43 value="TYPE.Design Revision:PROPERTY.owning_user:DO"/>
      <clause_44 value="TYPE.Design Revision:PROPERTY.owning_group:DO"/>
      <clause_45 value="TYPE.Design Revision:PROPERTY.release_status_list:DO"/>
      <clause_46 value="TYPE.Design Revision:PROPERTY.last_mod_user:DO"/>
      <clause_47 value="TYPE.Design Revision:PROPERTY.item_id:DO"/>
      <clause_48 value="CLASS.Part:PROPERTY.item_id:DO"/>
      <clause_49 value="CLASS.Part:PROPERTY.object_name:DO"/>
      <clause_50 value="CLASS.Part:PROPERTY.object_desc:DO"/>
      <clause_51 value="CLASS.Part:ATTRIBUTE.revision_number:DO"/>
      <clause_52 value="CLASS.Part:PROPERTY.creation_date:DO"/>
      <clause_53 value="CLASS.Part:PROPERTY.release_status_list:DO"/>
      <clause_54 value="CLASS.Part:ATTRIBUTE.last_mod_user:DO"/>
      <clause_55 value="TYPE.Part Revision:PROPERTY.item_revision_id:DO"/>
      <clause_56 value="TYPE.Part Revision:PROPERTY.object_string:DO"/>
      <clause_57 value="TYPE.Part Revision:PROPERTY.object_name:DO"/>
      <clause_58 value="TYPE.Part Revision:PROPERTY.object_desc:DO"/>
      <clause_59 value="TYPE.Part Revision:PROPERTY.object_type:DO"/>
      <clause_60 value="TYPE.Part Revision:PROPERTY.process_stage:DO"/>
      <clause_61 value="TYPE.Part Revision:PROPERTY.creation_date:DO"/>
      <clause_62 value="TYPE.Part Revision:PROPERTY.last_mod_date:DO"/>
      <clause_63 value="TYPE.Part Revision:PROPERTY.date_released:DO"/>
      <clause_64 value="TYPE.Part Revision:PROPERTY.owning_user:DO"/>
      <clause_65 value="TYPE.Part Revision:PROPERTY.owning_group:DO"/>
      <clause_66 value="TYPE.Part Revision:PROPERTY.release_status_list:DO"/>
      <clause_67 value="TYPE.Part Revision:PROPERTY.last_mod_user:DO"/>
      <clause_68 value="TYPE.Part Revision:PROPERTY.item_id:DO"/>
    </Clauses>
  </PropertySet>
  <Stylesheets>
    <Stylesheet>
      <StylesheetType value="CrfHtmlStylesheet"/>
      <StylesheetName value="ps_bom_report_html.xsl"/>
    </Stylesheet>
    <Stylesheet>
      <StylesheetType value="CrfExcelStylesheet"/>
      <StylesheetName value="ps_bom_report_excel.xsl"/>
    </Stylesheet>
    <Stylesheet>
      <StylesheetType value="CrfExcelStylesheet"/>
      <StylesheetName value="ps_bom_report_excel_OOXML.xsl"/>
    </Stylesheet>
    <Stylesheet>
      <StylesheetType value="CrfHtmlStylesheet"/>
      <StylesheetName value="l10n_ps_bom_report_html.xsl"/>
    </Stylesheet>
    <Stylesheet>
      <StylesheetType value="CrfExcelStylesheet"/>
      <StylesheetName value="l10n_ps_bom_report_excel.xsl"/>
    </Stylesheet>
    <Stylesheet>
      <StylesheetType value="CrfExcelStylesheet"/>
      <StylesheetName value="l10n_ps_bom_report_excel_OOXML.xsl"/>
    </Stylesheet>
  </Stylesheets>
  <NoOfParameters value="1"/>
  <Params>
    <param_0 value="BOM_REPORT"/>
  </Params>
  <Values>
    <param_0 value="TRUE"/>
  </Values>
</ReportDefinition>