<?xml version="1.0" encoding="iso-8859-1"?>
<!-- TC Encapsulation : Mapping X-File  -->

<ReportDefinition>
  <CotsReport nameKey="k_report_ir_master_form_data" descKey="k_report_ir_master_form_data_desc" />
  <Id value="TC_2008_00_ITM_RPT_0001"/>
  <name value="Item Revision master form data"/>
  <Description value="This Report shows the data of the Master Forms associated with the ItemRevisions."/>
  <Class value="ItemRevision"/>
  <Type value="1"/>
  <QuerySource>
    <TransferMode>
      <Name value="CRF_DataTIEExportDefault"/>
      <Description value=""/>
      <ContextString value="DEFAULT_PIE_CONTEXT_STRING"/>
      <Direction value="0"/>
      <ClosureRule>
        <Name value="CRF_DataTIEExportDefault"/>
        <Description value="Closure Rule added for CRF Reports. Used for TIE reports"/>
        <Scope value="0"/>
        <NoOfClauses value="4"/>
        <Clauses>
          <clause_0 value="CLASS.Item:CLASS.Form:RELATIONP2S.*:PROCESS:"/>
          <clause_1 value="CLASS.ItemRevision:CLASS.Form:RELATIONP2S.*:PROCESS:"/>
          <clause_2 value="CLASS.ItemRevision:CLASS.Dataset:RELATIONP2S.*:PROCESS+TRAVERSE:"/>
          <clause_3 value="CLASS.Dataset:CLASS.ImanFile:ATTRIBUTE.ref_list:PROCESS:"/>
        </Clauses>
      </ClosureRule>
    </TransferMode>
  </QuerySource>
  <PropertySet>
    <Name value="TC_2008_00_CrfReports_TIE"/>
    <Description value="PropertySet for CRF TIE Reports"/>
    <Scope value="0"/>
    <NoOfClauses value="7"/>
    <Clauses>
      <clause_0 value="CLASS.WorkspaceObject:ATTRIBUTE.object_type:DO"/>
      <clause_1 value="CLASS.WorkspaceObject:ATTRIBUTE.owning_user:DO"/>
      <clause_2 value="CLASS.WorkspaceObject:ATTRIBUTE.owning_group:DO"/>
      <clause_3 value="CLASS.WorkspaceObject:ATTRIBUTE.last_mod_date:DO"/>
      <clause_4 value="CLASS.WorkspaceObject:ATTRIBUTE.creation_date:DO"/>
      <clause_5 value="CLASS.WorkspaceObject:ATTRIBUTE.release_status_list:DO"/>
      <clause_6 value="CLASS.WorkspaceObject:ATTRIBUTE.date_released:DO"/>
    </Clauses>
  </PropertySet>
  <Stylesheets>
    <Stylesheet>
      <StylesheetType value="CrfHtmlStylesheet"/>
      <StylesheetName value="ir_master_form_html.xsl"/>
    </Stylesheet>
    <Stylesheet>
      <StylesheetType value="CrfHtmlStylesheet"/>
      <StylesheetName value="l10n_ir_master_form_html.xsl"/>
    </Stylesheet>    
  </Stylesheets>
  <NoOfParameters value="1"/>
  <Params>
    <param_0 value="FORMAT"/>
  </Params>
  <Values>
    <param_0 value="TcPLMXML"/>
  </Values>
</ReportDefinition>