<?xml version="1.0" encoding="iso-8859-1"?>
<!-- TC Encapsulation : Mapping X-File  -->

<ReportDefinition>
        <CotsReport nameKey="k_report_allignment_check" descKey="k_report_allignment_check_desc" />
	<Id value="TC_2007_00_CUS_RPT_0003"/>
	<name value="AlignmentCheckReport"/>
	<Description value="Controls the definition of the report generated from the information provided in the Structure Alignment Check dialog."/>
	<Class value=""/>
	<Type value="2"/>
	<QuerySource/>
	<PropertySet value=""/>
	<Stylesheets>
		<Stylesheet>
			<StylesheetType value="CrfExcelStylesheet"/>
			<StylesheetName value="AlignmentCheckReport.xsl"/>
		</Stylesheet>
    <Stylesheet>
      <StylesheetType value="CrfExcelStylesheet"/>
      <StylesheetName value="AlignmentCheckReport_OOXML.xsl"/>
    </Stylesheet>
	</Stylesheets>
	<NoOfParameters value="3"/>
	<Params>
		<param_0 value="process"/>
		<param_1 value="output"/>
		<param_2 value="message_id"/>
	</Params>
	<Values>
		<param_0 value="Method::BOMLine"/>
		<param_1 value="*"/>
		<param_2 value="AlignCheck"/>
	</Values>
</ReportDefinition>