<?xml version="1.0" encoding="iso-8859-1"?>
<!-- TC Encapsulation : Mapping X-File  -->

<ReportDefinition>
        <CotsReport nameKey="k_report_wf_items_in_process" descKey="k_report_wf_items_in_process_desc" />
	<Id value="TC_8_2_00_SUM_RPT_0002"/>
	<name value="WF - Items In Process"/>
	<Description value="This report retuns Items of a specified type that are in process."/>
	<Class value=""/>
	<Type value="0"/>
	<QuerySource>
		<ImanQueryDefinition>
			<name value="WF - Items In Process"/>
			<description value="This query was created to support the WF - Items In Process Report."/>
			<class value="ItemRevision"/>
			<clauses_real>SELECT qid FROM ItemRevision WHERE   &quot;object_name&quot; = &quot;${Name = }&quot; AND   &quot;items_tag.item_id&quot; = &quot;${Item ID = }&quot; AND   &quot;item_revision_id&quot; = &quot;${Revision = }&quot; AND   &quot;object_type&quot; = &quot;${Type = ItemRevision}&quot; AND   &quot;creation_date&quot; &gt;= &quot;${Created After = }&quot; AND   &quot;creation_date&quot; &lt;= &quot;${Created Before = }&quot; AND   &quot;owning_user.user_id&quot; = &quot;${Owning User = $USERID}&quot; AND   &quot;owning_group.name&quot; = &quot;${Owning Group = $GROUP}&quot; AND  &quot;process_stage_list&quot; != &quot;$NULL&quot;</clauses_real>
			<uniqueid value=""/>
			<iflag value="0"/>
			<rtype value="0"/>
		</ImanQueryDefinition>
	</QuerySource>
	<PropertySet>
		<Name value="TC_8_2_Crf_WFReports_TIE"/>
		<Description value="CRF property set for &quot;WF - Objects in Process&quot; and &quot;WF - Items in Process&quot; reports."/>
		<Scope value="0"/>
		<NoOfClauses value="12"/>
		<Clauses>
			<clause_0 value="CLASS.POM_application_object:ATTRIBUTE.creation_date:DO"/>
			<clause_1 value="CLASS.POM_application_object:ATTRIBUTE.owning_group:DO"/>
			<clause_2 value="CLASS.POM_application_object:ATTRIBUTE.owning_user:DO"/>
			<clause_3 value="CLASS.WorkspaceObject:ATTRIBUTE.object_name:DO"/>
			<clause_4 value="CLASS.WorkspaceObject:ATTRIBUTE.object_type:DO"/>
			<clause_5 value="CLASS.WorkspaceObject:ATTRIBUTE.process_stage:DO"/>
			<clause_6 value="CLASS.ItemRevision:ATTRIBUTE.item_id:DO"/>
			<clause_7 value="CLASS.ItemRevision:ATTRIBUTE.item_revision_id:DO"/>
			<clause_8 value="CLASS.ItemRevision:ATTRIBUTE.process_stage:DO"/>
			<clause_9 value="CLASS.Item:ATTRIBUTE.process_stage:DO"/>
			<clause_10 value="CLASS.Dataset:ATTRIBUTE.process_stage:DO"/>
			<clause_11 value="CLASS.Form:ATTRIBUTE.process_stage:DO"/>
		</Clauses>	
	</PropertySet>
	<Stylesheets>
		<Stylesheet>
			<StylesheetType value="CrfHtmlStylesheet"/>
			<StylesheetName value="wf_items_inprocess_html.xsl"/>
		</Stylesheet>
		<Stylesheet>
			<StylesheetType value="CrfHtmlStylesheet"/>
			<StylesheetName value="l10n_wf_items_inprocess_html.xsl"/>
		</Stylesheet>		
	</Stylesheets>
	<NoOfParameters value="2"/>
	<Params>
		<param_0 value="FORMAT"/>
		<param_1 value="CLOSURE_RULE"/>
	</Params>
	<Values>
		<param_0 value="TcPLMXML"/>
		<param_1 value="TC_8_2_00_CRF_DataExportDefault"/>
	</Values>
	<ClosureRule>
		<Name value="TC_8_2_00_CRF_DataExportDefault"/>
		<Description value="Closure Rule added for CRF Reports"/>
		<Scope value="0"/>
		<NoOfClauses value="6"/>
		<Clauses>
			<clause_0 value="CLASS.TC_Project:CLASS.ProjectTeam:ATTRIBUTE.project_team:PROCESS+TRAVERSE:"/>
			<clause_1 value="CLASS.ProjectTeam:CLASS.POM_member:ATTRIBUTE.project_members:PROCESS+TRAVERSE:"/>
			<clause_2 value="CLASS.ValidationResult:CLASS.ValidationData:ATTRIBUTE.validation_data_obj:PROCESS+TRAVERSE:"/>
			<clause_3 value="CLASS.ItemRevision:CLASS.ItemRevision:RELATIONP2S.EC_affected_item_rel:PROCESS+TRAVERSE:"/>
			<clause_4 value="CLASS.ItemRevision:CLASS.ItemRevision:RELATIONP2S.EC_problem_item_rel:PROCESS+TRAVERSE:"/>
			<clause_5 value="TYPE.ItemRevision:TYPE.ItemRevision:RELATIONP2S.EC_affected_to_problem_relation:PROCESS+TRAVERSE:"/>
		</Clauses>
	</ClosureRule>	
</ReportDefinition>