<?xml version="1.0" encoding="iso-8859-1"?>
<!-- TC Encapsulation : Mapping X-File  -->

<ReportDefinition>
        <CotsReport nameKey="k_report_process_structure" descKey="k_report_process_structure_desc" />
  <Id value="TC_8_2_00_CUS_RPT_0006"/>
  <name value="Process Structure Report" />
  <Description value="This report displays the Process Structure information." />
  <Class value=""/>
  <Type value="2"/>
  <QuerySource>
    <ImanQueryDefinition>
      <name value="__PS - BOM Structure"/>
      <description value="This query is created for the BOM Report design."/>
      <class value="ItemRevision"/>
      <clauses_real>SELECT qid FROM ItemRevision WHERE &quot;object_name&quot; = &quot;${Item ID = }&quot; AND &quot;object_name&quot; = &quot;${Revision ID = }&quot; AND &quot;object_name&quot; = &quot;${View Type Name = view}&quot;</clauses_real>
      <uniqueid value=""/>
      <iflag value="40"/>
      <rtype value="0"/>
    </ImanQueryDefinition>
  </QuerySource>
  <PropertySet value=""/>
  <Stylesheets>
    <Stylesheet>
      <StylesheetType value="CrfHtmlStylesheet"/>
      <StylesheetName value="Process_Structure_html.xsl"/>
    </Stylesheet>
    <Stylesheet>
      <StylesheetType value="CrfHtmlStylesheet"/>
      <StylesheetName value="l10n_Process_Structure_html.xsl"/>
    </Stylesheet>
  </Stylesheets>
  <NoOfParameters value="6"/>
  <Params>
    <param_0 value="process"/>
    <param_1 value="output"/>
    <param_2 value="Item ID"/>
    <param_3 value="Revision ID"/>
    <param_4 value="View Type Name"/>
    <param_5 value="QueryName"/>
  </Params>
  <Values>
    <param_0 value="Method::AuditDefinition"/>
    <param_1 value="Method::AuditDefinition"/>
    <param_2 value=""/>
    <param_3 value=""/>
    <param_4 value="view"/>
    <param_5 value="__PS - BOM Structure"/>
  </Values>
</ReportDefinition>