<?xml version="1.0" encoding="iso-8859-1"?>
<!-- TC Encapsulation : Mapping X-File  -->

<ReportDefinition>
        <CotsReport nameKey="k_report_group_based_projects" descKey="k_report_group_based_projects_desc" />
	<Id value="TC_8_2_00_SUM_RPT_0004"/>
	<name value="GroupBasedProjects"/>
	<Description value="This report displays the list of Projects the given Group is working on."/>
	<Class value=""/>
	<Type value="0"/>
	<QuerySource>
		<ImanQueryDefinition>
			<name value="GroupBasedProjects"/>
			<description value="This query returns the list of Projects the given Group is working on."/>
			<class value="TC_Project"/>
			<clauses_real>SELECT qid FROM TC_Project WHERE  &quot;project_team.POM_member:project_members.group.name&quot; = &quot;${GroupName = }&quot;</clauses_real>
			<uniqueid value=""/>
			<iflag value="0"/>
			<rtype value="0"/>
		</ImanQueryDefinition>
	</QuerySource>
	<PropertySet>
		<Name value="TC_8_2_Crf_ProjectReports_PIE"/>
		<Description value="CRF property set for User and Group based projects reports."/>
		<Scope value="0"/>
		<NoOfClauses value="6"/>
		<Clauses>
      <clause_0 value="CLASS.TC_Project:ATTRIBUTE.project_name:DO"/>
      <clause_1 value="CLASS.TC_Project:ATTRIBUTE.project_id:DO"/>
      <clause_2 value="CLASS.TC_Project:ATTRIBUTE.project_team:DO"/>
      <clause_3 value="CLASS.ProjectTeam:ATTRIBUTE.project_members:DO"/>
      <clause_4 value="CLASS.GroupMember:ATTRIBUTE.group:DO"/>
      <clause_5 value="CLASS.Group:ATTRIBUTE.name:DO"/>
		</Clauses>
	</PropertySet>
	<Stylesheets>
		<Stylesheet>
			<StylesheetType value="CrfHtmlStylesheet"/>
			<StylesheetName value="groupbasedprojects_html.xsl"/>
		</Stylesheet>
		<Stylesheet>
			<StylesheetType value="CrfHtmlStylesheet"/>
			<StylesheetName value="l10n_groupbasedprojects_html.xsl"/>
		</Stylesheet>		
	</Stylesheets>
	<NoOfParameters value="2"/>
	<Params>
		<param_0 value="FORMAT"/>
		<param_1 value="CLOSURE_RULE"/>
	</Params>
	<Values>
		<param_0 value="PLMXML"/>
		<param_1 value="TC_8_2_00_CRF_ProjectReport"/>
	</Values>
	<ClosureRule>
		<Name value="TC_8_2_00_CRF_ProjectReport"/>
		<Description value="Closure Rule added for CRF Project Report"/>
		<Scope value="0"/>
		<NoOfClauses value="3"/>
		<Clauses>
			<clause_0 value="CLASS.TC_Project:CLASS.ProjectTeam:ATTRIBUTE.project_team:PROCESS+TRAVERSE:"/>
			<clause_1 value="CLASS.ProjectTeam:CLASS.GroupMember:ATTRIBUTE.project_members:PROCESS+TRAVERSE:"/>
			<clause_2 value="CLASS.GroupMember:CLASS.Group:ATTRIBUTE.group:PROCESS+TRAVERSE:"/>			
		</Clauses>
	</ClosureRule>
</ReportDefinition>