<?xml version="1.0" encoding="iso-8859-1"?>
<!-- TC Encapsulation : Mapping X-File  -->

<ReportDefinition>
    <CotsReport nameKey="k_report_validation_result" descKey="k_report_validation_result_desc" />
    <Id value="TC_8_2_00_SUM_RPT_0005"/>
    <name value="VO - Validation Result"/>
    <Description value="This report returns validation result objects of specified conditions."/>
    <Class value=""/>
    <Type value="0"/>
    <QuerySource>
        <ImanQueryDefinition>
            <name value="VO - Validation Result"/>
            <description value="This query was created to support the VO - Validation Result Report."/>
            <class value="ValidationResult"/>
            <clauses_real>SELECT qid FROM ValidationResult WHERE   &quot;validation_data_obj.validation_name&quot; = &quot;${ValidationName(String) = }&quot; AND   &quot;Dataset:validation_target.object_name&quot; = &quot;${ValidationTarget(String) = }&quot; AND   &quot;validation_result&quot; = &quot;${ValidationResult(boolean) = }&quot; AND   &quot;validation_data_obj.validation_application&quot; = &quot;${ValidationApplication(String) = }&quot; AND   &quot;validation_date&quot; &gt;= &quot;${ValidationDate(Date)after = }&quot; AND   &quot;validation_data_obj.validation_utility_name&quot; = &quot;${ValidationUtilityName(String) = }&quot; AND  &quot;User:validation_user.user_name&quot; = &quot;${ValidationUserName(String) = $USERNAME}&quot;</clauses_real>
            <uniqueid value=""/>
            <iflag value="0"/>
            <rtype value="0"/>
        </ImanQueryDefinition>
    </QuerySource>
    <PropertySet>
        <Name value="TC_8_2_Crf_VO_Reports_TIE"/>
        <Description value="CRF property set for Validation Objects report."/>
        <Scope value="0"/>
        <NoOfClauses value="14"/>
        <Clauses>
            <clause_0 value="CLASS.ValidationData:ATTRIBUTE.validation_name:DO"/>
            <clause_1 value="CLASS.ValidationData:ATTRIBUTE.validation_application:DO"/>
            <clause_2 value="CLASS.ValidationData:ATTRIBUTE.validation_utility_name:DO"/>
            <clause_3 value="CLASS.ValidationData:ATTRIBUTE.validation_utility_command:DO"/>
            <clause_4 value="CLASS.ValidationResult:ATTRIBUTE.validation_result:DO"/>
            <clause_5 value="CLASS.ValidationResult:ATTRIBUTE.validation_status:DO"/>
            <clause_6 value="CLASS.ValidationResult:ATTRIBUTE.validation_date:DO"/>
            <clause_7 value="CLASS.ValidationResult:ATTRIBUTE.validation_data_obj:DO"/>
            <clause_8 value="CLASS.ValidationResult:ATTRIBUTE.validation_target:DO"/>
            <clause_9 value="CLASS.ValidationResult:ATTRIBUTE.validation_application:DO"/>
            <clause_10 value="CLASS.ValidationResult:ATTRIBUTE.validation_user:DO"/>
            <clause_11 value="CLASS.ValidationResult:ATTRIBUTE.validation_name:DO"/>
            <clause_12 value="CLASS.ValidationResult:ATTRIBUTE.validation_utility_name:DO"/>
            <clause_13 value="CLASS.User:ATTRIBUTE.user_name:DO"/>
        </Clauses>
    </PropertySet>
    <Stylesheets>
        <Stylesheet>
            <StylesheetType value="CrfHtmlStylesheet"/>
            <StylesheetName value="validation_result_html.xsl"/>
        </Stylesheet>
        <Stylesheet>
            <StylesheetType value="CrfHtmlStylesheet"/>
            <StylesheetName value="l10n_validation_result_html.xsl"/>
        </Stylesheet>
        <Stylesheet>
            <StylesheetType value="CrfExcelStylesheet"/>
            <StylesheetName value="validation_result_excel.xsl"/>
        </Stylesheet>
        <Stylesheet>
            <StylesheetType value="CrfExcelStylesheet"/>
            <StylesheetName value="l10n_validation_result_excel.xsl"/>
        </Stylesheet>
      <Stylesheet>
        <StylesheetType value="CrfExcelStylesheet"/>
        <StylesheetName value="validation_result_excel_OOXML.xsl"/>
      </Stylesheet>
      <Stylesheet>
        <StylesheetType value="CrfExcelStylesheet"/>
        <StylesheetName value="l10n_validation_result_excel_OOXML.xsl"/>
      </Stylesheet>
    </Stylesheets>
    <NoOfParameters value="2"/>
    <Params>
        <param_0 value="FORMAT"/>
        <param_1 value="CLOSURE_RULE"/>
    </Params>
    <Values>
        <param_0 value="TcPLMXML"/>
        <param_1 value="TC_8_2_00_CRF_DataExportDefault"/>
    </Values>
    <ClosureRule>
        <Name value="TC_8_2_00_CRF_DataExportDefault"/>
        <Description value="Closure Rule added for CRF Reports"/>
        <Scope value="0"/>
        <NoOfClauses value="6"/>
        <Clauses>
            <clause_0 value="CLASS.TC_Project:CLASS.ProjectTeam:ATTRIBUTE.project_team:PROCESS+TRAVERSE:"/>
            <clause_1 value="CLASS.ProjectTeam:CLASS.POM_member:ATTRIBUTE.project_members:PROCESS+TRAVERSE:"/>
            <clause_2 value="CLASS.ValidationResult:CLASS.ValidationData:ATTRIBUTE.validation_data_obj:PROCESS+TRAVERSE:"/>
            <clause_3 value="CLASS.ItemRevision:CLASS.ItemRevision:RELATIONP2S.EC_affected_item_rel:PROCESS+TRAVERSE:"/>
            <clause_4 value="CLASS.ItemRevision:CLASS.ItemRevision:RELATIONP2S.EC_problem_item_rel:PROCESS+TRAVERSE:"/>
            <clause_5 value="TYPE.ItemRevision:TYPE.ItemRevision:RELATIONP2S.EC_affected_to_problem_relation:PROCESS+TRAVERSE:"/>
        </Clauses>
    </ClosureRule>
</ReportDefinition>