<?xml version="1.0" encoding="iso-8859-1"?>
<!-- TC Encapsulation : Mapping X-File  -->

<ReportDefinition>
        <CotsReport nameKey="k_report_wf_filtered_audit" descKey="k_report_wf_filtered_audit_desc" />
	<Id value="TC_8_2_00_CUS_RPT_0003"/>
	<name value="WF - Filtered Audit"/>
	<Description value="This report returns a filtered list of workflow events for specified object."/>
	<Class value=""/>
	<Type value="2"/>
	<QuerySource/>
	<PropertySet value=""/>
	<Stylesheets>
		<Stylesheet>
			<StylesheetType value="CrfHtmlStylesheet"/>
			<StylesheetName value="wf_filtered_audit_html.xsl"/>
		</Stylesheet>
		<Stylesheet>
			<StylesheetType value="CrfHtmlStylesheet"/>
			<StylesheetName value="l10n_wf_filtered_audit_html.xsl"/>
		</Stylesheet>		
	</Stylesheets>
	<NoOfParameters value="4"/>
	<Params>
		<param_0 value="process"/>
		<param_1 value="output"/>
		<param_2 value="ObjectName"/>
		<param_3 value="QueryName"/>
	</Params>
	<Values>
		<param_0 value="Method::AuditDefinition"/>
		<param_1 value="Method::AuditDefinition"/>
		<param_2 value=""/>
		<param_3 value="__WF - Filtered Audit"/>
	</Values>
</ReportDefinition>