<?xml version="1.0" encoding="iso-8859-1"?>
<!-- TC Encapsulation : Mapping X-File  -->

<ReportDefinition>
        <CotsReport nameKey="k_report_admin_modification_audit" descKey="k_report_admin_modification_audit_desc" />
	<Id value="TC_8_2_00_CUS_RPT_0001"/>
	<name value="Admin - Modification Audit"/>
	<Description value="This report returns modify, check-in, check-out events for specified object."/>
	<Class value=""/>
	<Type value="2"/>
	<QuerySource/>
	<PropertySet value=""/>
	<Stylesheets>
		<Stylesheet>
			<StylesheetType value="CrfHtmlStylesheet"/>
			<StylesheetName value="modification_audit_html.xsl"/>
		</Stylesheet>
		<Stylesheet>
			<StylesheetType value="CrfHtmlStylesheet"/>
			<StylesheetName value="l10n_modification_audit_html.xsl"/>
		</Stylesheet>		
	</Stylesheets>
	<NoOfParameters value="6"/>
	<Params>
		<param_0 value="process"/>
		<param_1 value="output"/>
		<param_2 value="ObjectId"/>
		<param_3 value="ObjectRev"/>
		<param_4 value="ObjectName"/>
		<param_5 value="QueryName"/>
	</Params>
	<Values>
		<param_0 value="Method::AuditDefinition"/>
		<param_1 value="Method:AuditDefinition"/>
		<param_2 value=""/>
		<param_3 value=""/>
		<param_4 value=""/>
		<param_5 value="__Admin - Modification Audit"/>
	</Values>
</ReportDefinition>