<?xml version="1.0" encoding="iso-8859-1"?>
<!-- TC Encapsulation : Mapping X-File  -->

<ReportDefinition>
        <CotsReport nameKey="k_report_allocated_time_report" descKey="k_report_allocated_time_report_desc" />
	<Id value="TC_ALLOCATED_TIME_REPORT"/>
	<name value="Allocated Time Report"/>
	<Description value="The default definition of the report for allocated time values generated from the times tab in Teamcenter Manufacturing application."/>
	<Class value=""/>
	<Type value="2"/>
	<QuerySource/>
	<PropertySet value=""/>
	<Stylesheets>
		<Stylesheet>
			<StylesheetType value="CrfExcelStylesheet"/>
			<StylesheetName value="AllocatedTimeReport.xsl"/>
		</Stylesheet>
    <Stylesheet>
      <StylesheetType value="CrfExcelStylesheet"/>
      <StylesheetName value="AllocatedTimeReport_OOXML.xsl"/>
    </Stylesheet>
	</Stylesheets>
	<NoOfParameters value="8"/>
	<Params>
		<param_0 value="process"/>
		<param_1 value="output"/>
		<param_2 value="message_id"/>
		<param_3 value="SHOW"/>
		<param_4 value="SHOW"/>
		<param_5 value="SHOW"/>
		<param_6 value="SHOW"/>
		<param_7 value="SHOW"/>
	</Params>
	<Values>
		<param_0 value="Method::BOMLine"/>
		<param_1 value="*"/>
		<param_2 value="AllocatedTime"/>
		<param_3 value="OBJECT_NAME"/>
		<param_4 value="ALLOCATED_TIME"/>
		<param_5 value="SIMULATED_TIME"/>
		<param_6 value="ESTIMATED_TIME"/>
		<param_7 value="DURATION"/>
	</Values>
</ReportDefinition>