<?xml version="1.0" encoding="iso-8859-1"?>
<!-- TC Encapsulation : Mapping X-File  -->

<ReportDefinition>
        <CotsReport nameKey="k_report_time_analysis" descKey="k_report_time_analysis_desc" />
	<Id value="TC_TIME_ANALYSIS_REPORT"/>
	<name value="Time Analysis Report"/>
	<Description value="The default definition of the report for time analysis values generated from the times tab in Teamcenter Manufacturing application."/>
	<Class value=""/>
	<Type value="2"/>
	<QuerySource/>
	<PropertySet value=""/>
	<Stylesheets>
		<Stylesheet>
			<StylesheetType value="CrfExcelStylesheet"/>
			<StylesheetName value="TimeAnalysisReport.xsl"/>
		</Stylesheet>
    <Stylesheet>
      <StylesheetType value="CrfExcelStylesheet"/>
      <StylesheetName value="TimeAnalysisReport_OOXML.xsl"/>
    </Stylesheet>
	</Stylesheets>
	<NoOfParameters value="12"/>
	<Params>
		<param_0 value="process"/>
		<param_1 value="output"/>
		<param_2 value="message_id"/>
		<param_3 value="SHOW"/>
		<param_4 value="SHOW"/>
		<param_5 value="SHOW"/>
		<param_6 value="SHOW"/>
		<param_7 value="SHOW"/>
		<param_8 value="SHOW"/>
		<param_9 value="SHOW"/>
		<param_10 value="SHOW"/>
		<param_11 value="SHOW"/>
	</Params>
	<Values>
		<param_0 value="Method::BOMLine"/>
		<param_1 value="*"/>
		<param_2 value="TimeAnalysis"/>
		<param_3 value="OBJECT_NAME"/>
		<param_4 value="CODE"/>
		<param_5 value="UNIT_TIME"/>
		<param_6 value="FREQUENCY"/>
		<param_7 value="WORK_TIME"/>
		<param_8 value="DURATION"/>
		<param_9 value="CATEGORY_VA"/>
		<param_10 value="CATEGORY_NVA"/>
		<param_11 value="CATEGORY_NVABR"/>
	</Values>
</ReportDefinition>