<?xml version="1.0" encoding="ISO-8859-1"?>
<!-- TC Encapsulation : Mapping X-File  -->

<ReportDefinition>
  <CotsReport nameKey="k_module_usage_report" descKey="k_module_usage_report_desc"/>
	<Id value="TC_9_00_CUS_RPT_0001"/>
	<name value="Module Usage Report"/>
	<Description value="Module Usage Report"/>
	<Class value=""/>
	<Type value="2"/>
	<Source value="Teamcenter"/>
	<QuerySource/>
	<PropertySet value=""/>
	<Stylesheets>
		<Stylesheet>
			<StylesheetType value="CrfTextStylesheet"/>
			<StylesheetName value="module_usage_status_text.xsl"/>
		</Stylesheet>
	</Stylesheets>
	<NoOfParameters value="7"/>
	<Params>
		<param_0 value="process"/>
		<param_1 value="output"/>
		<param_2 value="From Month"/>
		<param_3 value="From Year"/>
		<param_4 value="End Month"/>
		<param_5 value="End Year"/>
		<param_6 value="message_id"/>
	</Params>
	<Values>
		<param_0 value="Method::Fnd0LicenseUsage"/>
		<param_1 value="*"/>
		<param_2 value=""/>
		<param_3 value=""/>
		<param_4 value=""/>
		<param_5 value=""/>
		<param_6 value="ModuleUsageReport"/>
	</Values>
</ReportDefinition>