<?xml version="1.0" encoding="ISO-8859-1"?>
<!-- TC Encapsulation : Mapping X-File  -->

<ReportDefinition>
        <CotsReport nameKey="k_report_higher_revision" descKey="k_report_higher_revision_desc" />  
	<Id value="TC_9_0_00_VR_RPT_HIGHER_REV"/>
	<name value="Has Higher Revision" />
	<Description value="This report is item based.  Context is a list objects of type ItemRev. For each context object, it returns whether the item has revisions higher than the one passed in as context to the report." />
	<Class value=""/>
	<Type value="2"/>
	<Source value="Visual Report"/>
	<QuerySource/>
	<PropertySet value=""/>
	<Stylesheets value=""/>
	<NoOfParameters value="5"/>
	<Params>
		<param_0 value="process"/>
		<param_1 value="CLOSURE_RULE"/>
		<param_2 value="HasHigherRevisions{}vr_HasHigherRevisions{}Boolean{}property"/>
		<param_3 value="message_id"/>
		<param_4 value="output"/>
	</Params>
	<Values>
		<param_0 value="Method::ReportDefinition"/>
		<param_1 value=""/>
		<param_2 value=""/>
		<param_3 value="PartsWithHigherRevisions"/>
		<param_4 value="Method::ReportDefinition"/>
	</Values>
</ReportDefinition>