<?xml version="1.0" encoding="iso-8859-1"?>
<!-- TC Encapsulation : Mapping X-File  -->

<ReportDefinition>
        <CotsReport nameKey="k_report_lb_line_detail" descKey="k_report_lb_line_detail_desc" />
	<Id value="TC_LB_LINE_DETAIL"/>
	<name value="Balancing Line Detail Report"/>
	<Description value="This report shows the line allocation detail of line balancing. It can be generated from the line balancing chart view in Teamcenter Manufacturing application."/>
	<Class value=""/>
	<Type value="2"/>
	<QuerySource/>
	<PropertySet value=""/>
	<Stylesheets>
		<Stylesheet>
			<StylesheetType value="CrfExcelStylesheet"/>
			<StylesheetName value="TCLineBalancingReport.xsl"/>
		</Stylesheet>
    <Stylesheet>
      <StylesheetType value="CrfExcelStylesheet"/>
      <StylesheetName value="TCLineBalancingReport_OOXML.xsl"/>
    </Stylesheet>
	</Stylesheets>
	<NoOfParameters value="3"/>
	<Params>
		<param_0 value="process"/>
		<param_1 value="output"/>
		<param_2 value="message_id"/>
	</Params>
	<Values>
		<param_0 value="Method::BOMLine"/>
		<param_1 value="*"/>
		<param_2 value="LBLineDetail"/>
	</Values>
</ReportDefinition>