<?xml version="1.0" encoding="ISO-8859-1"?>
<!-- TC Encapsulation : Mapping X-File  -->

<ReportDefinition>
        <CotsReport nameKey="k_report_status_workflow" descKey="k_report_status_workflow_desc" />
	<Id value="TC_9_0_00_VR_RPT_WF_STATUS"/>
	<name value="Overall Status in Workflow" />
	<Description value="This report is item based.  For each context object, it returns the overall status of the Workflow for which it is a target and related information about the process(s). There are 5 statuses that can be returned by the report: late, on-time, complete, not-in-process, no due date specified.  Because an ItemRevision can be in multiple change processes, an overall status will be calculated based on the following priority: late &gt; on-time &gt; no due date specified &gt; complete &gt; not-in-process." />
	<Class value=""/>
	<Type value="2"/>
	<Source value="Visual Report"/>
	<QuerySource/>
	<PropertySet value=""/>
	<Stylesheets value=""/>
	<NoOfParameters value="6"/>
	<Params>
		<param_0 value="process"/>
		<param_1 value="LateByDays{}vr_LateByDays{}Integer{}property"/>
		<param_2 value="message_id"/>
		<param_3 value="OverallStatusInWorkflow{}vr_OverallStatusInWorkflow{}String{}property"/>
		<param_4 value="output"/>
		<param_5 value="CLOSURE_RULE"/>
	</Params>
	<Values>
		<param_0 value="Method::ReportDefinition"/>
		<param_1 value=""/>
		<param_2 value="PartsLateInWorkflow"/>
		<param_3 value="vr_lateStatus,vr_onTimeStatus,vr_completeStatus,vr_notInProcessStatus,vr_noDueDateStatus"/>
		<param_4 value="Method::ReportDefinition"/>
		<param_5 value=""/>
	</Values>
</ReportDefinition>