<?xml version="1.0" encoding="ISO-8859-1"?>
<!-- TC Encapsulation : Mapping X-File  -->

<ReportDefinition>
    <CotsReport nameKey="k_license_usage_report" descKey="k_license_usage_report_desc"/>
    <Id value="TC_9_0_00_SUM_RPT_0001"/>
    <name value="License Usage Report"/>
    <Description value=""/>
    <Class value=""/>
    <Type value="0"/>
    <Source value="Teamcenter"/>
    <QuerySource>
        <ImanQueryDefinition>
            <name value="__Admin - License Usage Mini"/>
            <description value="This query returns license usage information for any user. This query was created to support the Admin - License Usage Report."/>
            <class value="Fnd0LicenseUsage"/>
            <clauses_real>SELECT qid FROM Fnd0LicenseUsage WHERE &quot;fnd0user_id&quot; = &quot;${fnd0user_id = }&quot; AND &quot;fnd0seat_level&quot; = &quot;${fnd0seat_level = }&quot; AND &quot;fnd0year&quot; = &quot;${fnd0year = }&quot; AND &quot;fnd0month&quot; = &quot;${fnd0month = }&quot; AND &quot;fnd0usage_violation&quot; = &quot;${fnd0usage_violation = }&quot;</clauses_real>
            <uniqueid value=""/>
            <iflag value="0"/>
            <rtype value="0"/>
        </ImanQueryDefinition>
    </QuerySource>
    <PropertySet>
        <Name value="License Usage Test"/>
        <Description value="Test for License Usage Report"/>
        <Scope value="0"/>
        <NoOfClauses value="24"/>
        <Clauses>
            <clause_0 value="CLASS.Fnd0LicenseUsage:ATTRIBUTE.fnd0user_id:DO"/>
            <clause_1 value="CLASS.Fnd0LicenseUsage:ATTRIBUTE.fnd0seat_level:DO"/>
            <clause_2 value="CLASS.Fnd0LicenseUsage:ATTRIBUTE.fnd0month:DO"/>
            <clause_3 value="CLASS.Fnd0LicenseUsage:ATTRIBUTE.fnd0year:DO"/>
            <clause_4 value="CLASS.Fnd0LicenseUsage:ATTRIBUTE.fnd0usage_days:DO"/>
            <clause_5 value="CLASS.Fnd0LicenseUsage:ATTRIBUTE.fnd0used_hours:DO"/>
            <clause_6 value="CLASS.Fnd0LicenseUsage:ATTRIBUTE.fnd0number_of_logins:DO"/>
            <clause_7 value="CLASS.Fnd0LicenseUsage:ATTRIBUTE.fnd0number_denials:DO"/>
            <clause_8 value="CLASS.Fnd0LicenseUsage:ATTRIBUTE.fnd0usage_violation_reason:DO"/>
            <clause_9 value="CLASS.Fnd0LicenseUsage:ATTRIBUTE.fnd0grace_hours:DO"/>
            <clause_10 value="CLASS.Fnd0LicenseUsage:ATTRIBUTE.fnd0grace_days:DO"/>
            <clause_11 value="CLASS.Fnd0LicenseUsage:ATTRIBUTE.fnd0login_time:DO"/>
            <clause_12 value="CLASS.Fnd0LicenseUsage:ATTRIBUTE.fnd0usage_violation:DO"/>
            <clause_13 value="CLASS.Fnd0LicenseUsage:ATTRIBUTE.fnd0grace_logins:DO"/>
            <clause_14 value="CLASS.Fnd0LicenseUsage:ATTRIBUTE.fnd0feature_keys:DO"/>
            <clause_15 value="CLASS.Fnd0LicenseUsage:ATTRIBUTE.fnd0not_released_lic_count:DO"/>
            <clause_16 value="CLASS.Fnd0LicenseUsage:ATTRIBUTE.fnd0max_day_usage:DO"/>
            <clause_17 value="CLASS.Fnd0LicenseUsage:ATTRIBUTE.fnd0max_value_reason:DO"/>
            <clause_18 value="CLASS.Fnd0LicenseUsage:ATTRIBUTE.fnd0last_usage_record_date:DO"/>
            <clause_19 value="CLASS.Fnd0LicenseUsage:ATTRIBUTE.fnd0last_record_usage_hours:DO"/>
            <clause_20 value="CLASS.Fnd0LicenseUsage:PROPERTY.fnd0home_site:DO"/>
            <clause_21 value="CLASS.Fnd0LicenseUsage:PROPERTY.fnd0pseudo_user_id:DO"/>
            <clause_22 value="CLASS.Fnd0LicenseUsage:PROPERTY.fnd0license_bundles:DO"/>
            <clause_23 value="CLASS.Fnd0LicenseUsage:PROPERTY.fnd0LicenseServerName:DO"/>
        </Clauses>
    </PropertySet>
    <Stylesheets>
        <Stylesheet>
            <StylesheetType value="CrfTextStylesheet"/>
            <StylesheetName value="license_usage_status_text.xsl"/>
        </Stylesheet>
    </Stylesheets>
    <NoOfParameters value="2"/>
    <Params>
        <param_0 value="FORMAT"/>
        <param_1 value="CLOSURE_RULE"/>
    </Params>
    <Values>
        <param_0 value="TCXML"/>
        <param_1 value=""/>
    </Values>
</ReportDefinition>