<?xml version="1.0" encoding="ISO-8859-1"?>
<!-- TC Encapsulation : Mapping X-File  -->

<ReportDefinition>
  <CotsReport nameKey="k_report_audit_file_access_sa" descKey="k_report_audit_file_access_sa_desc" />
  <Id value="TC_AUDIT_FILE_ACCESS_SAUTH_LOGS"/>
  <name value="Audit - File Access Sponsored Authentication Report">
    <Text primary="en_US">
      <Item language="en_US" value="Audit - File Access Sponsored Authentication Report"/>
    </Text>
  </name>
  <Description value="Audit - File Access Sponsored Authentication Report">
    <Text primary="en_US">
      <Item language="en_US" value="Audit - File Access Sponsored Authentication Report"/>
    </Text>
  </Description>
  <Class value=""/>
  <Type value="0"/>
  <Source value="Teamcenter"/>
  <QuerySource>
    <ImanQueryDefinition>
      <name value="Audit - File Access Sponsored Authentication Logs">
        <Text primary="en_US">
          <Item language="en_US" value="Audit - File Access Sponsored Authentication Logs"/>
        </Text>
      </name>
      <description value="">
        <Text primary="en_US">
          <Item language="en_US" value=""/>
        </Text>
      </description>
      <class value="Fnd0FileAccessAudit"/>
      <clauses_real>SELECT qid FROM Fnd0FileAccessAudit WHERE  &quot;object_name&quot; = &quot;${object_name = }&quot;</clauses_real>
      <uniqueid value=""/>
      <iflag value="0"/>
      <rtype value="0"/>
    </ImanQueryDefinition>
  </QuerySource>
  <PropertySet>
    <Name value="TC_Crf_Audit_FA_SAUTH_TIE"/>
    <Description value="TC Audit - File Access Sponsored Authentication property set"/>
    <Scope value="0"/>
    <NoOfClauses value="11"/>
    <Clauses>
      <clause_0 value="CLASS.Fnd0FileAccessAudit:ATTRIBUTE.fnd0EventTypeName:DO"/>
      <clause_1 value="CLASS.Fnd0FileAccessAudit:ATTRIBUTE.object_name:DO"/>
      <clause_2 value="CLASS.Fnd0FileAccessAudit:ATTRIBUTE.object_type:DO"/>
      <clause_3 value="CLASS.Fnd0FileAccessAudit:ATTRIBUTE.fnd0UserId:DO"/>
      <clause_4 value="CLASS.Fnd0FileAccessAudit:ATTRIBUTE.fnd0SponsoringUserID:DO"/>  
      <clause_5 value="CLASS.Fnd0FileAccessAudit:ATTRIBUTE.fnd0GroupName:DO"/>
      <clause_6 value="CLASS.Fnd0FileAccessAudit:ATTRIBUTE.fnd0RoleName:DO"/>
      <clause_7 value="CLASS.Fnd0FileAccessAudit:ATTRIBUTE.fnd0LoggedDate:DO"/>
      <clause_8 value="CLASS.Fnd0FileAccessAudit:ATTRIBUTE.original_file_name:DO"/>
      <clause_9 value="CLASS.Fnd0FileAccessAudit:ATTRIBUTE.fnd0ErrorCode:DO"/>
      <clause_10 value="CLASS.Fnd0FileAccessAudit:ATTRIBUTE.fnd0ErrorMessage:DO"/>
    </Clauses>
  </PropertySet>
  <Stylesheets>
    <Stylesheet>
      <StylesheetType value="CrfHtmlStylesheet"/>
      <StylesheetName value="audit_file_access_sauth_html.xsl"/>
    </Stylesheet>
  </Stylesheets>
  <NoOfParameters value="2"/>
  <Params>
    <param_0 value="FORMAT"/>
    <param_1 value="CLOSURE_RULE"/>
  </Params>
  <Values>
    <param_0 value="TCXML"/>
    <param_1 value=""/>
  </Values>
</ReportDefinition>
