<?xml version="1.0" encoding="ISO-8859-1"?>
<!-- TC Encapsulation : Mapping X-File  -->

<ReportDefinition>
  <CotsReport nameKey="k_report_audit_license_export_sa" descKey="k_report_audit_license_export_sa_desc" />
  <Id value="TC_AUDIT_LE_SAUTH_LOGS"/>
  <name value="Audit - License Export Sponsored Authentication Report">
    <Text primary="en_US">
      <Item language="en_US" value="Audit - License Export Sponsored Authentication Report"/>
    </Text>
  </name>
  <Description value="Audit - License Export Sponsored Authentication Report">
    <Text primary="en_US">
      <Item language="en_US" value="Audit - License Export Sponsored Authentication Report"/>
    </Text>
  </Description>
  <Class value=""/>
  <Type value="0"/>
  <Source value="Teamcenter"/>
  <QuerySource>
    <ImanQueryDefinition>
      <name value="Audit - License Export Sponsored Authentication Logs">
        <Text primary="en_US">
          <Item language="en_US" value="Audit - License Export Sponsored Authentication Logs"/>
        </Text>
      </name>
      <description value="">
        <Text primary="en_US">
          <Item language="en_US" value=""/>
        </Text>
      </description>
      <class value="Fnd0LicenseExportAudit"/>
      <clauses_real>SELECT qid FROM Fnd0LicenseExportAudit WHERE   &quot;id&quot; = &quot;${id = }&quot; AND   &quot;fnd0SecondaryObjectID&quot; = &quot;${item_id = }&quot; AND  &quot;fnd0SecondaryObjectName&quot; = &quot;${object_name = }&quot;</clauses_real>
      <uniqueid value=""/>
      <iflag value="0"/>
      <rtype value="0"/>
    </ImanQueryDefinition>
  </QuerySource>
  <PropertySet>
    <Name value="TC_Crf_Audit_LE_SAUTH_TIE"/>
    <Description value="TC Audit - License Export Sponsored Authentication property set"/>
    <Scope value="0"/>
    <NoOfClauses value="14"/>
    <Clauses>
      <clause_0 value="CLASS.Fnd0LicenseExportAudit:ATTRIBUTE.fnd0EventTypeName:DO"/>
      <clause_1 value="CLASS.Fnd0LicenseExportAudit:ATTRIBUTE.fnd0UserId:DO"/>
      <clause_2 value="CLASS.Fnd0LicenseExportAudit:ATTRIBUTE.fnd0SponsoringUserID:DO"/>
      <clause_3 value="CLASS.Fnd0LicenseExportAudit:ATTRIBUTE.fnd0GroupName:DO"/>
      <clause_4 value="CLASS.Fnd0LicenseExportAudit:ATTRIBUTE.fnd0RoleName:DO"/>
      <clause_5 value="CLASS.Fnd0LicenseExportAudit:ATTRIBUTE.fnd0LoggedDate:DO"/>
      <clause_6 value="CLASS.Fnd0LicenseExportAudit:ATTRIBUTE.fnd0ErrorCode:DO"/>
      <clause_7 value="CLASS.Fnd0LicenseExportAudit:ATTRIBUTE.fnd0ErrorMessage:DO"/>
      <clause_8 value="CLASS.Fnd0LicenseExportAudit:ATTRIBUTE.fnd0SecondaryObjectID:DO"/>
      <clause_9 value="CLASS.Fnd0LicenseExportAudit:ATTRIBUTE.fnd0SecondaryObjectName:DO"/>
      <clause_10 value="CLASS.Fnd0LicenseExportAudit:ATTRIBUTE.fnd0SecondaryObjectType:DO"/>
      <clause_11 value="CLASS.Fnd0LicenseExportAudit:ATTRIBUTE.fnd0SecondaryObjectRevID:DO"/>
      <clause_12 value="CLASS.Fnd0LicenseExportAudit:ATTRIBUTE.fnd0SecondaryObjectSeqID:DO"/>
      <clause_13 value="CLASS.Fnd0LicenseExportAudit:ATTRIBUTE.object_name:DO"/>      
  </Clauses>
  </PropertySet>
  <Stylesheets>
    <Stylesheet>
      <StylesheetType value="CrfHtmlStylesheet"/>
      <StylesheetName value="audit_license_export_sauth_html.xsl"/>
    </Stylesheet>
  </Stylesheets>
  <NoOfParameters value="2"/>
  <Params>
    <param_0 value="FORMAT"/>
    <param_1 value="CLOSURE_RULE"/>
  </Params>
  <Values>
    <param_0 value="TCXML"/>
    <param_1 value=""/>
  </Values>  
</ReportDefinition>
