<?xml version="1.0" encoding="ISO-8859-1"?>
<!-- TC Encapsulation : Mapping X-File  -->

<ReportDefinition>
  <CotsReport nameKey="k_report_audit_license_change_sa" descKey="k_report_audit_license_change_sa_desc" />
  <Id value="TC_AUDIT_LC_SAUTH_LOGS"/>
  <name value="Audit - License Change Sponsored Authentication Report">
    <Text primary="en_US">
      <Item language="en_US" value="Audit - License Change Sponsored Authentication Report"/>
    </Text>
  </name>
  <Description value="Audit - License Change Sponsored Authentication Report">
    <Text primary="en_US">
      <Item language="en_US" value="Audit - License Change Sponsored Authentication Report"/>
    </Text>
  </Description>
  <Class value=""/>
  <Type value="0"/>
  <Source value="Teamcenter"/>
  <QuerySource>
    <ImanQueryDefinition>
      <name value="Audit - License Change Sponsored Authentication Logs">
        <Text primary="en_US">
          <Item language="en_US" value="Audit - License Change Sponsored Authentication Logs"/>
        </Text>
      </name>
      <description value="">
        <Text primary="en_US">
          <Item language="en_US" value=""/>
        </Text>
      </description>
      <class value="Fnd0LicenseChangeAudit"/>
      <clauses_real>SELECT qid FROM Fnd0LicenseChangeAudit WHERE  &quot;id&quot; = &quot;${id = }&quot;</clauses_real>
      <uniqueid value=""/>
      <iflag value="0"/>
      <rtype value="0"/>
    </ImanQueryDefinition>
  </QuerySource>
  <PropertySet>
    <Name value="TC_Crf_Audit_LC_SAUTH_TIE"/>
    <Description value="TC Audit - License Change Sponsored Authentication property set"/>
    <Scope value="0"/>
    <NoOfClauses value="12"/>
    <Clauses>
      <clause_0 value="CLASS.Fnd0LicenseChangeAudit:ATTRIBUTE.object_name:DO"/>
      <clause_1 value="CLASS.Fnd0LicenseChangeAudit:ATTRIBUTE.fnd0EventTypeName:DO"/>
      <clause_2 value="CLASS.Fnd0LicenseChangeAudit:ATTRIBUTE.fnd0UserId:DO"/>
      <clause_3 value="CLASS.Fnd0LicenseChangeAudit:ATTRIBUTE.fnd0SponsoringUserID:DO"/>
      <clause_4 value="CLASS.Fnd0LicenseChangeAudit:ATTRIBUTE.fnd0GroupName:DO"/>
      <clause_5 value="CLASS.Fnd0LicenseChangeAudit:ATTRIBUTE.fnd0RoleName:DO"/>
      <clause_6 value="CLASS.Fnd0LicenseChangeAudit:ATTRIBUTE.fnd0LoggedDate:DO"/>
      <clause_7 value="CLASS.Fnd0LicenseChangeAudit:ATTRIBUTE.expiry:DO"/>
      <clause_8 value="CLASS.Fnd0LicenseChangeAudit:ATTRIBUTE.lock_date:DO"/>
      <clause_9 value="CLASS.Fnd0LicenseChangeAudit:ATTRIBUTE.users:DO"/>
      <clause_10 value="CLASS.Fnd0LicenseChangeAudit:ATTRIBUTE.groups:DO"/>
      <clause_11 value="CLASS.Fnd0LicenseChangeAudit:ATTRIBUTE.fnd0ErrorMessage:DO"/>
    </Clauses>
  </PropertySet>
  <Stylesheets>
    <Stylesheet>
      <StylesheetType value="CrfHtmlStylesheet"/>
      <StylesheetName value="audit_license_change_sauth_html.xsl"/>
    </Stylesheet>
  </Stylesheets>
  <NoOfParameters value="2"/>
  <Params>
    <param_0 value="FORMAT"/>
    <param_1 value="CLOSURE_RULE"/>
  </Params>
  <Values>
    <param_0 value="TCXML"/>
    <param_1 value=""/>
  </Values>
</ReportDefinition>
