<?xml version="1.0" encoding="ISO-8859-1"?>
<!-- TC Encapsulation : Mapping X-File  -->

<ReportDefinition>
  <CotsReport nameKey="k_report_audit_structure_sa" descKey="k_report_audit_structure_sa_desc" />
  <Id value="TC_AUDIT_STRUCTURE_SAUTH_LOGS"/>
  <name value="Audit - Structure Sponsored Authentication Report">
    <Text primary="en_US">
      <Item language="en_US" value="Audit - Structure Sponsored Authentication Report"/>
    </Text>
  </name>
  <Description value="Audit - Structure Sponsored Authentication Report">
    <Text primary="en_US">
      <Item language="en_US" value="Audit - Structure Sponsored Authentication Report"/>
    </Text>
  </Description>
  <Class value=""/>
  <Type value="0"/>
  <Source value="Teamcenter"/>
  <QuerySource>
    <ImanQueryDefinition>
      <name value="Audit - Structure Sponsored Authentication Logs">
        <Text primary="en_US">
          <Item language="en_US" value="Audit - Structure Sponsored Authentication Logs"/>
        </Text>
      </name>
      <description value="">
        <Text primary="en_US">
          <Item language="en_US" value=""/>
        </Text>
      </description>
      <class value="Fnd0StructureAudit"/>
      <clauses_real>SELECT qid FROM Fnd0StructureAudit WHERE   &quot;item_id&quot; = &quot;${item_id = }&quot; AND  &quot;object_name&quot; = &quot;${object_name = }&quot;</clauses_real>
      <uniqueid value=""/>
      <iflag value="0"/>
      <rtype value="0"/>
    </ImanQueryDefinition>
  </QuerySource>
  <PropertySet>
    <Name value="TC_Crf_Audit_Structure_SAUTH_TIE"/>
    <Description value="TC Audit - Structure Sponsored Authentication property set"/>
    <Scope value="0"/>
    <NoOfClauses value="18"/>
    <Clauses>
      <clause_0 value="CLASS.Fnd0StructureAudit:ATTRIBUTE.fnd0EventTypeName:DO"/>
      <clause_1 value="CLASS.Fnd0StructureAudit:ATTRIBUTE.object_name:DO"/>
      <clause_2 value="CLASS.Fnd0StructureAudit:ATTRIBUTE.object_type:DO"/>
      <clause_3 value="CLASS.Fnd0StructureAudit:ATTRIBUTE.fnd0ObjectDisplayName:DO"/>
      <clause_4 value="CLASS.Fnd0StructureAudit:ATTRIBUTE.fnd0UserId:DO"/>
      <clause_5 value="CLASS.Fnd0StructureAudit:ATTRIBUTE.fnd0SponsoringUserID:DO"/>
      <clause_6 value="CLASS.Fnd0StructureAudit:ATTRIBUTE.fnd0GroupName:DO"/>
      <clause_7 value="CLASS.Fnd0StructureAudit:ATTRIBUTE.fnd0RoleName:DO"/>
      <clause_8 value="CLASS.Fnd0StructureAudit:ATTRIBUTE.fnd0LoggedDate:DO"/>
      <clause_9 value="CLASS.Fnd0StructureAudit:ATTRIBUTE.item_id:DO"/>
      <clause_10 value="CLASS.Fnd0StructureAudit:ATTRIBUTE.item_revision_id:DO"/>
      <clause_11 value="CLASS.Fnd0StructureAudit:ATTRIBUTE.sequence_id:DO"/>
      <clause_12 value="CLASS.Fnd0StructureAudit:ATTRIBUTE.note_texts:DO"/>
      <clause_13 value="CLASS.Fnd0StructureAudit:ATTRIBUTE.fnd0ErrorCode:DO"/>
      <clause_14 value="CLASS.Fnd0StructureAudit:ATTRIBUTE.fnd0ErrorMessage:DO"/>
      <clause_15 value="CLASS.Fnd0StructureAudit:ATTRIBUTE.note_types:DO"/>
      <clause_16 value="CLASS.Fnd0StructureAudit:ATTRIBUTE.note_textsOvl:DO"/>
      <clause_17 value="CLASS.Fnd0StructureAudit:ATTRIBUTE.note_typesOvl:DO"/>
    </Clauses>
  </PropertySet>
  <Stylesheets>
    <Stylesheet>
      <StylesheetType value="CrfHtmlStylesheet"/>
      <StylesheetName value="audit_structure_audit_sauth_html.xsl"/>
    </Stylesheet>
  </Stylesheets>
  <NoOfParameters value="2"/>
  <Params>
    <param_0 value="FORMAT"/>
    <param_1 value="CLOSURE_RULE"/>
  </Params>
  <Values>
    <param_0 value="TCXML"/>
    <param_1 value=""/>
  </Values>
</ReportDefinition>
