<?xml version="1.0" encoding="ISO-8859-1"?>
<!-- TC Encapsulation : Mapping X-File  -->

<ReportDefinition>
  <CotsReport nameKey="k_AW_Tile_Collection_Info_report" descKey="k_AW_Tile_Collection_Info_desc"/>
  <Id value="TC_AW_Tile_Collection_Info"/>
  <name value="Admin - AW Logged Users Info"/>
  <Description value="This report returns Tile Collections Info"/>
  <Class value=""/>
  <Type value="0"/>
  <Source value="Teamcenter"/>
  <QuerySource>
    <ImanQueryDefinition>
      <name value="__Admin_AW_Logged_User_Info"/>
      <description value="This query returns all Tile Collection"/>
      <class value="WorkspaceObject"/>
      <clauses_real>SELECT qid FROM WorkspaceObject WHERE &quot;object_type&quot; = &quot;${object_type = Awp0TileCollection}&quot;</clauses_real>
      <uniqueid value=""/>
      <iflag value="0"/>
      <rtype value="0"/>
    </ImanQueryDefinition>
  </QuerySource>
  <PropertySet>
    <Name value="TC_2008_00_CrfReports_TIE"/>
    <Description value="PropertySet for CRF TIE Reports"/>
    <Scope value="0"/>
    <NoOfClauses value="7"/>
    <Clauses>
      <clause_0 value="CLASS.WorkspaceObject:ATTRIBUTE.object_type:DO"/>
      <clause_1 value="CLASS.WorkspaceObject:ATTRIBUTE.owning_user:DO"/>
      <clause_2 value="CLASS.WorkspaceObject:ATTRIBUTE.owning_group:DO"/>
      <clause_3 value="CLASS.WorkspaceObject:ATTRIBUTE.last_mod_date:DO"/>
      <clause_4 value="CLASS.WorkspaceObject:ATTRIBUTE.creation_date:DO"/>
      <clause_5 value="CLASS.WorkspaceObject:ATTRIBUTE.release_status_list:DO"/>
      <clause_6 value="CLASS.WorkspaceObject:ATTRIBUTE.date_released:DO"/>
    </Clauses>
  </PropertySet>
  <Stylesheets>
    <Stylesheet>
      <StylesheetType value="CrfHtmlStylesheet"/>
      <StylesheetName value="aw_tile_collection_info_html.xsl"/>
    </Stylesheet>
  </Stylesheets>
  <NoOfParameters value="2"/>
  <Params>
    <param_0 value="FORMAT"/>
    <param_1 value="CLOSURE_RULE"/>
  </Params>
  <Values>
    <param_0 value="TCXML"/>
    <param_1 value="CRF_DataExportDefault"/>
  </Values>
  <ClosureRule>
    <Name value="CRF_DataExportDefault"/>
    <Description value="Closure Rule added for CRF Reports"/>
    <Scope value="0"/>
    <SchemaFormat value="0"/>
    <NoOfClauses value="6"/>
    <Clauses>
      <clause_0 value="CLASS.ItemRevision:CLASS.Item:PROPERTY.items_tag:PROCESS+TRAVERSE:"/>
      <clause_1 value="CLASS.Item:CLASS.ItemRevision:PROPERTY.revision_list:PROCESS+TRAVERSE:"/>
      <clause_2 value="CLASS.Item:CLASS.Form:RELATIONP2S.*:PROCESS:"/>
      <clause_3 value="CLASS.ItemRevision:CLASS.Form:RELATIONP2S.*:PROCESS:"/>
      <clause_4 value="CLASS.ItemRevision:CLASS.Dataset:RELATIONP2S.*:PROCESS+TRAVERSE:"/>
      <clause_5 value="CLASS.Dataset:CLASS.ImanFile:ATTRIBUTE.ref_list:PROCESS:"/>
    </Clauses>
  </ClosureRule>
</ReportDefinition>
