<?xml version="1.0" encoding="utf-8"?>
<!-- TC Encapsulation : Mapping X-File  -->

<ReportDefinition>
    <Id value="TC_CUS_AS_ITEM_RPT_CUS_ITK_A"/>
    <name value="Admin_Custom_As_Item_Where_Used_Cus_ITK_a">
        <Text primary="en_US">
            <Item language="en_US" value="Admin_Custom_As_Item_Where_Used_Cus_ITK_a"/>
        </Text>
    </name>
    <Description value="">
        <Text primary="en_US">
            <Item language="en_US" value=""/>
        </Text>
    </Description>
    <Class value="ItemRevision"/>
    <Type value="2"/>
    <Source value="Teamcenter"/>
    <isClassOnly value="true"/>
    <QuerySource/>
    <PropertySet value=""/>
    <Stylesheets>
      <Stylesheet>
        <StylesheetType value="CrfHtmlStylesheet"/>
        <StylesheetName value="default_pff_html.xsl"/>
      </Stylesheet>      
    </Stylesheets>
    <NoOfParameters value="3"/>
    <Params>
        <param_0 value="process"/>
        <param_1 value="output"/>
        <param_2 value="Method_Name"/>
    </Params>
    <Values>
        <param_0 value="Method::AWCustomAsItem"/>
        <param_1 value="Method::AWCustomAsItem"/>
        <param_2 value="whereRefered_a"/>    
    </Values>
</ReportDefinition>
