<?xml version="1.0" encoding="ISO-8859-1"?>
<!-- TC Encapsulation : Mapping X-File  -->

<ReportDefinition>
  <CotsReport nameKey="k_item_report_wso_object_print_summary" descKey="k_item_report_wso_object_print_summary_desc" />
    <Id value="WSO_ITEM_REPORT"/>
    <name value="Workspace Object - Print Summary" />
    <Description value="This report display the  information related to WSO object." />
    <Class value="WorkspaceObject"/>
    <Type value="1"/>
    <Source value="Teamcenter"/>
    <ShowForPrint value="true"/>
    <QuerySource>
        <TransferMode>
            <Name value="WSOTransferModeDefault"/>
            <Description value=""/>
            <ContextString value=""/>
            <Direction value="0"/>
            <ClosureRule>
                <Name value="WSOClosureRuleDefault"/>
                <Description value=""/>
                <Scope value="0"/>
                <NoOfClauses value="1"/>
                <Clauses>
                    <clause_0 value="CLASS.WorkspaceObject:CLASS.*:RELATIONP2S.*:PROCESS+TRAVERSE:"/>
                </Clauses>
            </ClosureRule>
        </TransferMode>
    </QuerySource>
    <PropertySet>
        <Name value="WSOPropertySetDefault"/>
        <Description value=""/>
        <Scope value="0"/>
        <NoOfClauses value="8"/>
        <Clauses>
            <clause_0 value="CLASS.WorkspaceObject:PROPERTY.object_type:DO"/>
            <clause_1 value="CLASS.WorkspaceObject:PROPERTY.object_name:DO"/>
            <clause_2 value="CLASS.WorkspaceObject:PROPERTY.object_desc:DO"/>
            <clause_3 value="CLASS.WorkspaceObject:PROPERTY.creation_date:DO"/>
            <clause_4 value="CLASS.WorkspaceObject:PROPERTY.owning_user:DO"/>
            <clause_5 value="CLASS.WorkspaceObject:PROPERTY.owning_group:DO"/>
            <clause_6 value="CLASS.WorkspaceObject:PROPERTY.last_mod_date:DO"/>
            <clause_7 value="CLASS.WorkspaceObject:PROPERTY.last_mod_user:DO"/>        
        </Clauses>
    </PropertySet>
    <Stylesheets>
        <Stylesheet>
            <StylesheetType value="CrfHtmlStylesheet"/>
            <StylesheetName value="WSO_Object_Sample_Template.xsl"/>
        </Stylesheet>
    </Stylesheets>
    <NoOfParameters value="1"/>
    <Params>
        <param_0 value="FORMAT"/>
    </Params>
    <Values>
        <param_0 value="TCXML"/>
    </Values>
</ReportDefinition>
