{
  "$schema": "http://json-schema.org/draft-04/schema#",
  "description": "This schema describes a JSON request for configuring Search Similar Checkbox in Search index view.",
  "type": "object",
  "properties": {
    "SchemaVersion": {
      "description": "The schema version to use when processing the JSON request.",
      "type": "string",
      "enum": [
        "1.0.0"
      ]
    },
    "Classes": {
      "description": "An array of Classes whose Search Similar value need to update.",
      "type": "array",
      "items": 
        {
          "type": "object",
          "properties": {
            "ID": {
              "description": "Class Id",
              "type": "string"
            },
            "Enabled": {
              "description": "Class Attribute Ids which need to check",
              "type": "array",
              "items": {
                "type": "string"
              }
            },
            "Disabled": {
              "description": "Class Attribute Ids which need to uncheck",
              "type": "array",
              "items": {
                "type": "string"
              }
            }
          },
          "additionalProperties": false
        }
      ,
      "additionalItems": false
    },
    "Attributes": {
      "description": "The schema version to use when processing the JSON request.",
      "type": "object",
      "properties": {
        "Enabled": {
          "description": "Class Attribute Ids which need to check",
          "type": "array",
          "items": {
            "type": "string"
          }
        },
        "Disabled": {
          "description": "Class Attribute Ids which need to uncheck",
          "type": "array",
          "items": {
            "type": "string"
          }
        }
      },
      "additionalProperties": false
    }
  },
  "additionalProperties": false
}