{
  "$schema": "http://json-schema.org/draft-04/schema#",
  "description": "Object defining the request meant to get the descriptors using IDs.",
  "type": "object",
  "properties": {
    "SchemaVersion": {
      "description": "The schema version to use when processing the JSON request.",
      "type": "string",
      "enum": [
        "1.0.0"
      ]
    },
    "Locale": {
      "description": "The locale in which the request is to be processed. These are the common Teamcenter language codes. The language codes within Teamcenter follow the standard Java language naming convention ( for example, en_US and fr_FR ). It is a five-letter code containing a two-letter language, an underscore, and a two-letter area code in uppercase. This follows the ISO639_ISO3166 template.",
      "type": "string",
      "minLength": 5,
      "maxLength": 5
    },
    "NodeIDList": {
      "description": "This list of IDs for which the descriptors are to be retrieved. In case, the value on the preference, CLS_is_presentation_hierarchy_active is TRUE the input IDs will be processed as Node IDs, otherwise as Class IDs.",
      "type": "array",
      "minItems": 1,
      "uniqueItems": true,
      "items": {
        "type": "string"
      }
    }
  },
  "required": [
    "SchemaVersion",
    "Locale",
    "NodeIDList"
  ],
  "additionalProperties": false
}
