{
  "$schema": "http://json-schema.org/draft-04/schema#",
  "description": "This file defines the schema to retrieve the child nodes of given Library hierarchy nodes in a specified Classification Library. Optionally, you can list the parent nodes and associated primary images and icons. Note: Multi Field Keys not supported for get children use case",
  "type": "object",
  "properties": {
    "SchemaVersion": {
      "description": "The schema version to use when processing the JSON request to get the children of Library Node objects.",
      "type": "string",
      "enum": [
        "1.0.0"
      ]
    },
    "RetrieveParent": {
      "description": "Set to true to list ID and name of all parents up to the root node.",
      "type": "boolean"
    },
    "RetrieveImage": {
      "description":"Set to true to get the primary image and icon ticket of each child node.",
      "type": "boolean"
    },
    "Locale": {
      "description": "The locale in which the request is to be processed. These are the common Teamcenter languages codes. The language code within Teamcenter follow the standard Java language naming convention (for example, en_US and fr_FR ). It is a five-letter code containing a two-letter language, an underscore, and a two-letter area code in uppercase. This follows the ISO639_ISO3166 template.",
      "type": "string",
      "minLength": 5,
      "maxLength": 5
    },
    "Context": {
      "type": "object",
      "description": "Specifies the type of hierarchy. Currently, only Library hierarchy is supported.",
      "oneOf": [
        {
          "$ref": "#/definitions/LibraryContext"
        }
      ]
    },
    "NodeIDList": {
      "description": "Specify the node ID of each node for which you want to retrive the children.",
      "type": "array",
      "minItems": 1,
      "uniqueItems": true,
      "items": {
        "type": "string"
      }
    }
  },
   "required":[ 
      "SchemaVersion",
      "Locale",
      "NodeIDList"
   ],
   "additionalProperties":false,
   "definitions":{ 
      "LibraryContext":{ 
         "type":"object",
         "properties":{ 
            "LibraryId":{ 
               "description":"The unique ID of the Library.",
               "type":"string"
            },
            "HierarchyId":{ 
               "description":"The unique ID of the Library hierarchy.",
               "type":"string"
            }
         },
         "required":[ 
            "LibraryId",
            "HierarchyId"
         ],
         "additionalProperties":false
      }
   }
}
