{
    "$schema": "http://json-schema.org/draft-04/schema#",
    "description": "Object defining the response of a list of classification objects created, updated, retrieved or deleted.",
    "type": "object",
    "properties": {
        "SchemaVersion": {
            "description": "The schema version to use when processing the JSON request.",
            "type": "string",
            "enum": [
                "1.0.0"
            ]
        },
        "ResultStatus": {
            "description": "The ifail code returned by the classification operation. The ifail value of 0 indicates that the operation completed successfully.",
            "type": "integer"
        },
        "ErrorDetails": {
            "description": "The list of errors encountered while performing the operation. This field will be populated only if the ResultStatus is not ITK_ok",
            "type": "array",
            "items": {
                "type": "string"
            }
        },
        "HasPartialErrors": {
            "description": "This indicates if there are any partial errors in the response.",
            "type": "boolean"
        },
        "HasWarnings": {
            "description": "This indicates if there are any warnings in the response.",
            "type": "boolean"
        },
        "HasInfos": {
            "description": "This indicates if there are any information messages in the response.",
            "type": "boolean"
        },
        "Result": {
            "description": "This holds information about the saved classification objects.",
            "type": "array",
            "items": {
                "$ref": "#/definitions/ResultObject"
            }
        }
    },
    "required": [
        "SchemaVersion",
        "ResultStatus",
        "HasPartialErrors",
        "HasWarnings",
        "HasInfos"
    ],
    "additionalProperties": false,
    "definitions": {
        "ResultObject": {
            "title": "Classification Object Result",
            "type": "object",
            "properties": {
                "ResultStatus": {
                    "description": "This holds the ifail code for the classification object defined in ObjectDefinitions.",
                    "type": "integer"
                },
                "ObjectDefinitions": {
                    "description": "This holds complete information about a classification object.",
                    "type": "array",
                    "items": {
                        "$ref": "#/definitions/ObjectDefinition"
                    }
                },
                "ErrorDetails": {
                    "description": "This holds error information encountered during the operation for a particular classification object. If any errors are found, the HasPartialErrors field will be set to true.",
                    "type": "array",
                    "items": {
                        "type": "string"
                    }
                },
                "Warnings": {
                    "description": "Indicates any warnings associated with the operation for a particular classification object. If any warnings are found, the HasWarnings flag will be set to true.",
                    "type": "array",
                    "items": {
                        "type": "string"
                    }
                },
                "Infos": {
                    "description": "This specifies information associated with the operation for a particular classification object. If any infos are found, the HasInfos flag will be set to true.",
                    "type": "array",
                    "items": {
                        "type": "string"
                    }
                }
            },
            "required": [
                "ResultStatus"
            ],
            "additionalProperties": false
        },
        "ObjectDefinition": {
            "type": "object",
            "properties": {
                "ID": {
                    "description": "The ID of the classification object.",
                    "type": "string"
                },
                "UnitSystem": {
                    "description": "The Unit system of the classification object: 1 - 'metric', 2 - 'non-metric'",
                    "type": "integer",
                    "enum": [
                        1,
                        2
                    ]
                },
                "PropertyRecordUID": {
                    "description": "The UID of the classification object.",
                    "type": "string"
                },
                "NodeId": {
                    "description": "The ID of the node under which the classification object has been classified.",
                    "type": "string"
                },
                "ClassifiedObject": {
                    "description": "The UID of the classified object.",
                    "type": "string"
                },
                "Properties": {
                    "description": "This array contains all the properties belonging to the classification object.",
                    "type": "array",
                    "items": {
                        "$ref": "#/definitions/Property"
                    }
                }
            },
            "additionalProperties": false
        },
        "Property": {
            "type": "object",
            "properties": {
                "ID": {
                    "description": "The identifier of the classification property.",
                    "type": "string"
                },
                "Value": {
                    "description": "See Classification_Save_PropertyRecords_Request.schema.json for what property values can be returned."
                }
            },
            "additionalProperties": false
        }
    }
}
