{
    "$schema": "http://json-schema.org/draft-04/schema#",
    "description": "Object defining the request that requires a list of classification objects as input. e.g save",
    "type": "object",
    "properties": {
        "SchemaVersion": {
            "description": "The schema version to use when processing the JSON request.",
            "type": "string",
            "enum": [
                "1.0.0"
            ]
        },
        "Locale": {
            "description": "The locale in which the request is to be processed. These are the common Teamcenter languages codes. The language codes within Teamcenter follow the standard Java language naming convention (for example, en_US and fr_FR ). It is a five-letter code containing a two-letter language, an underscore, and a two-letter area code in uppercase. This follows the ISO639_ISO3166 template.",
            "type": "string",
            "minLength": 5,
            "maxLength": 5
        },
        "PropertyRecords": {
            "type": "array",
            "minItems": 1,
            "uniqueItems": true,
            "items": {
                "$ref": "#/definitions/PropertyRecord"
            }
        }
    },
    "required": [
        "SchemaVersion",
        "Locale",
        "PropertyRecords"
    ],
    "additionalProperties": false,
    "definitions": {
        "L10NProperty": {
            "description": "This can be either a simple string or an L10N construct.",
            "oneOf": [{
                    "type": "string"
                },
                {
                    "$ref": "#/definitions/L10NString"
                }
            ]
        },
        "L10NTranslation": {
            "description": "The localization values.",
            "type": "object",
            "properties": {
                "Locale": {
                    "description": "The locale in which the request is to be processed. These are the common Teamcenter languages codes. The language codes within Teamcenter follow the standard Java language naming convention (for example, en_US and fr_FR ). It is a five-letter code containing a two-letter language, an underscore, and a two-letter area code in uppercase. This follows the ISO639_ISO3166 template.",
                    "type": "string",
                    "minLength": 5,
                    "maxLength": 5
                },
                "IsMasterLocale": {
                    "description": "Defines whether this entry represents the master locale. Only one locale can be marked as master locale.",
                    "type": "boolean"
                },
                "TranslationStatus": {
                    "description": "The status of the translation value: M- Master, A - Approved, I - Invalid, R - In Review, P - Pending.",
                    "type": "string",
                    "enum": [
                        "M",
                        "A",
                        "I",
                        "R",
                        "P"
                    ]
                },
                "Value": {
                    "description": "The translation value.",
                    "type": "string",
                    "maxLength": 1024
                }
            },
            "required": [
                "Locale",
                "TranslationStatus",
                "Value"
            ],
            "additionalProperties": false
        },
        "L10NString": {
            "description": "A translatable string value",
            "type": "object",
            "properties": {
                "Locale": {
                    "description": "The locale in which the request is to be processed. These are the common Teamcenter languages codes. The language codes within Teamcenter follow the standard Java language naming convention (for example, en_US and fr_FR ). It is a five-letter code containing a two-letter language, an underscore, and a two-letter area code in uppercase. This follows the ISO639_ISO3166 template.",
                    "type": "string",
                    "minLength": 5,
                    "maxLength": 5
                },
                "IsMasterLocale": {
                    "description": "Defines whether this entry represents the master locale. Only one locale can be marked as master locale.",
                    "type": "boolean"
                },
                "TranslationStatus": {
                    "description": "The status of the translation value: M- Master, A - Approved, I - Invalid, R - In Review, P - Pending.",
                    "type": "string",
                    "enum": [
                        "M",
                        "A",
                        "I",
                        "R",
                        "P"
                    ]
                },
                "Value": {
                    "description": "The translation value.",
                    "type": "string",
                    "maxLength": 1024
                },
                "Translations": {
                    "description": "The translation values.",
                    "type": "array",
                    "items": {
                        "$ref": "#/definitions/L10NTranslation"
                    }
                }
            },
            "required": [
                "Locale",
                "TranslationStatus",
                "Value"
            ],
            "additionalProperties": false
        },
        "PropertyRecord": {
            "title": "Classification PropertyRecord Definition(Classification Object)",
            "type": "object",
            "properties": {
                "PropertyRecordUID": {
                    "description": "Unique identifier of the PropertyRecord. This is optional during create but will be used for update use case.",
                    "type": "string"
                },
                "ID": {
                    "description": "The ID to use during PropertyRecord creation. This will be ignored if current property record is not a standalone object.",
                    "type": "string",
                    "maxLength": 128
                },
                "Locale": {
                    "description": "Locale in which localizable values are provided if not specified individually.",
                    "type": "string"
                },
                "NodeId": {
                    "description": "The ID of the node where current PropertyRecord is being saved.",
                    "type": "string"
                },
                "HierarchicalPosition": {
                    "description": "Optional information used by eCl@ss import. This information is not stored for PropertyRecord.",
                    "type": "string"
                },
                "OriginalClassDefinition": {
                    "description": "Optional information used by eCl@ss import. This is just optional information and not stored in the PropertyRecord. It has been added to align with BMECat format.",
                    "type": "string"
                },
                "UnitSystem": {
                    "description": "The Unit system of the PropertyRecord: 1 - 'metric', 2 - 'non-metric'",
                    "type": "integer",
                    "enum": [
                        1,
                        2
                    ]
                },
                "IsRetired": {
                    "description": "Identifies if the object is the active revision (if set to false). Only one revision can be active by definition. This is just optional information written out and not considered during save.",
                    "type": "boolean"
                },
                "RevisionAnchor": {
                    "description": "This is used as the unique identifier that relates multiple revisions of Property records together. This is just optional information written out and not considered during save.",
                    "type": "string"
                },
                "Properties": {
                    "description": "This array contains all the properties to be stored in the property record.",
                    "type": "array",
                    "items": {
                        "$ref": "#/definitions/Property"
                    }
                },
                "ClassifiedObject": {
                    "description": "Detailed information on the object to be classified. This will be used to find or create the object.",
                    "oneOf": [{
                            "description": "UID of the classified object",
                            "type": "string"
                        },
                        {
                            "$ref": "#/definitions/ClassifiedObjectinformation"
                        }
                    ]
                }
            },
            "required": [
                "ID",
                "NodeId",
                "UnitSystem"
            ],
            "additionalProperties": false
        },
        "Property": {
            "type": "object",
            "properties": {
                "ID": {
                    "description": "Required IRDI of the PropertyDefinition for which the value is specified.",
                    "type": "string"
                },
                "Name": {
                    "description": "Name of the Property as defined in the PropertyDefinition. This is just optional information and not stored in the PropertyRecord. It has been added to align with BMECat format.",
                    "type": "string"
                },
                "Value": {
                    "$ref": "#/definitions/PropertyValue"
                },
                "Unit": {
                    "description": "Optional unit in which the value is provided. If no unit is provided it will be assumed that the value is provided in the same unit as specified in the property definition. For properties whose definition doesn't have a unit specified it will be ignored.",
                    "type": "string"
                }
            },
            "additionalProperties": false
        },
        "PropertyValue": {
            "description": "The value of the property which can be of type String, Number, Boolean, a nested block of properties or an array of any of these. Dates are in UTC format and stored as String.",
            "oneOf": [{
                    "$ref": "#/definitions/L10NProperty"
                },
                {
                    "type": "number"
                },
                {
                    "type": "boolean"
                },
                {
                    "type": "object",
                    "properties": {
                        "ClassDefinition": {
                            "type": "string"
                        },
                        "Properties": {
                            "type": "array",
                            "items": {
                                "$ref": "#/definitions/Property"
                            }
                        }
                    },
                    "additionalProperties": false
                },
                {
                    "type": "array",
                    "items": {
                        "oneOf": [{
                                "$ref": "#/definitions/L10NProperty"
                            },
                            {
                                "type": "number"
                            },
                            {
                                "type": "boolean"
                            },
                            {
                                "type": "object",
                                "properties": {
                                    "ClassDefinition": {
                                        "type": "string"
                                    },
                                    "Index": {
                                        "type": "integer"
                                    },
                                    "Properties": {
                                        "type": "array",
                                        "items": {
                                            "$ref": "#/definitions/Property"
                                        }
                                    }
                                },
                                "required": [
                                    "ClassDefinition",
                                    "Index"
                                ],
                                "additionalProperties": false
                            }
                        ]
                    }
                }
            ]
        },
        "ClassifiedObjectinformation": {
            "type": "object",
            "properties": {
                "ObjectType": {
                    "description": "The Teamcenter Workspace Object type name e.g. Item",
                    "type": "string"
                },
                "ClassifyRevision": {
                    "description": "Defines if the revision should be classified.",
                    "type": "boolean"
                },
                "ID": {
                    "description": "Parameter to identify the object.",
                    "type": "array",
                    "items": {
                        "type": "object",
                        "properties": {
                            "PropertyName": {
                                "description": "Defines the name of a property.",
                                "type": "string"
                            },
                            "PropertyValue": {
                                "description": "Defines the value of the property.",
                                "type": "string"
                            }
                        },
                        "additionalProperties": false
                    }
                },
                "Properties": {
                    "description": "Additional properties to be set on creation of the object which are not part of the ID.",
                    "type": "array",
                    "items": {
                        "type": "object",
                        "properties": {
                            "PropertyName": {
                                "description": "Defines the name of a property.",
                                "type": "string"
                            },
                            "PropertyValue": {
                                "description": "Defines the value of the property.",
                                "type": "string"
                            }
                        },
                        "additionalProperties": false
                    }
                }
            },
            "required": [
                "ObjectType",
                "ID"
            ],
            "additionalProperties": false
        }
    }
}