{
  "$schema": "http://json-schema.org/draft-04/schema#",
  "description": "This file defines the schema for a Library focussed classification \"search\" request.",
  "type": "object",
  "properties": {
    "SchemaVersion": {
      "description": "The schema version to use when processing the JSON request to search classification application objects.",
      "type": "string",
      "enum": [
        "1.0.0"
      ]
    },
    "Locale": {
      "description": "The locale in which the request is to be processed. These are the common Teamcenter languages codes. The language codes within Teamcenter follow the standard Java language naming convention (for example, en_US and fr_FR ). It is a five-letter code containing a two-letter language, an underscore, and a two-letter area code in uppercase. This follows the ISO639_ISO3166 template.",
      "type": "string",
      "minLength": 5,
      "maxLength": 5
    },
    "SearchExpressionList": {
      "description": "This list defines the search queries when searching for objects.",
      "type": "array",
      "minItems": 1,
      "uniqueItems": true,
      "items": {
        "type": "object",
        "properties": {
          "Context": {
            "type": "object",
            "oneOf": [
              {
                "$ref": "#/definitions/LibraryContext"
              }
            ]
          },
          "SearchExpressions": {
            "$ref": "#/definitions/SearchExpression"
          }
        },
        "required": [
          "Context",
          "SearchExpressions"
        ],
        "additionalProperties": false
      }
    }
  },
  "additionalProperties": false,
  "definitions": {
    "LibraryContext": {
      "type": "object",
      "properties": {
        "LibraryId": {
          "description": "The ID of the Library. Applicable only for Type \"Library\".",
          "type": "string"
        },
        "HierarchyId": {
          "description": "The ID of the Library Hierarchy. Applicable only for Type \"Library\".",
          "type": "string"
        },
        "NodeId": {
          "description": "The Node in which search is to be done. Library Node ID for the Type \"Library\"",
          "type": "string"
        }
      },
      "required": [
        "LibraryId",
        "HierarchyId",
        "NodeId"
      ],
      "additionalProperties": false
    },
    "SearchExpression": {
      "description": "Search Expression List for each of the properties specified. For instance !=, =, >=, - (Range).",
      "type": "array",
      "minItems": 1,
      "uniqueItems": true,
      "items": {
        "type": "object",
        "properties": {
          "PropertyName": {
            "description": "Property name to be used in the search criteria. Note:- Internal property name has to be used. ('sml0' + attribute_id) (e.g. sml01001)",
            "type": "string"
          },
          "Expression": {
            "description": "Search expression for the property specified.",
            "type": "string"
          }
        },
        "additionalProperties": false
      }
    }
  }
}