{
    "_comment": "Copyright 2020. Siemens Product Lifecycle Management Software Inc. All Rights Reserved.",
    "$id": "CFG0_configurator_definitions.json",
    "$schema": "http://json-schema.org/draft-07/schema#",
    "description": "Configurator Common definitions.",
    "createRelease": "tc12.4.0.2",
    "isThirdParty": "false",
    "definitions": {
        "constraints": {
            "type": "object",
            "description": "Represents the constraint structure",
            "properties": {
                "Constraint Type": {
                    "description": "A property that indicates type of a constraints.",
                    "type": "string",
                    "enum": [
                        "unknownConstraint",
                        "availabilityConstraint",
                        "defaultConstraint",
                        "excludeConstraint",
                        "includeConstraint",
                        "freeFormConstraint",
                        "packageConstraint",
                        "summaryConstraint",
                        "allocationConstraint",
                        "valueEffectivityConstraint",
                        "featureFamilyConstraint",
                        "conditionalPackageConstraint",
                        "conditionalPackageDefaultConstraint"
                    ]
                },
                "Constraint UID": {
                    "type": "string",
                    "description": "A property that indicates unique  internal identification for a constraints. It could be uid of teamcenter object or some unique string which is used for internal communciation."
                },
                "Display ID": {
                    "type": "string",
                    "description": "A property that indicates identification for a constraints. It is user facing identification string which represents object. User should provide this during creation."
                },
                "Severity": {
                    "description": "A property that indicates severity of violations of this constraint.",
                    "type": "string",
                    "enum": [
                        "Unknown",
                        "Mandatory",
                        "Default",
                        "PackageDefault",
                        "Info",
                        "Warning",
                        "Error",
                        "User"
                    ]
                },
                "Subject": {
                    "type": "string",
                    "description": "A property that represents the suggestive or restrictive clause of the rule. For example, for a default rule which sets Transmission as Manual for the Car, the subject condition reads like Transmission=Manual."
                },
                "Applicability": {
                    "type": "string",
                    "description": "A property that represents an expression indicating that the current rule object is applicable only when this expression is satisfied. For example, for a default rule which should be applied only when V4 Engine for the Car is selected, the applicability condition reads like Engine=V4."
                },
                "Message": {
                    "type": "string",
                    "description": "Represents the message to display when this constraint rule is violated."
                },
                "Effectivity": {
                    "type": "string",
                    "description": "A property indicates effectivity expression set on the constraint like [Teamcenter::]Date >= 2015-06-01T05:30:00Z. Constraint is applicable only when this expression is satisfied."
                },
                "Free-Form Expression": {
                    "type": "string",
                    "description": "String which represents constraint object expression as per industry standard."
                }
            }
        },
        "conflicts": {
            "type": "array",
            "description": "This array represents the violations for given session information.",
            "items": [
                {
                    "type": "array",
                    "description": "This array represents one independent conflict from given set of conflicts.",
                    "items": [
                        {
                            "type": "object",
                            "properties": {
                                "Conflict Index": {
                                    "type": "string",
                                    "description": "Identifier/Index for conflict."
                                },
                                "Low severity constraint count": {
                                    "type": "string",
                                    "description": "This count represents the number of constraints which has lowest weight in the current conflict. For 'Valid and Complete Product Configuration' recommended value is 1."
                                },
                                "$ref": "#/definitions/constraints"
                            }
                        }
                    ]
                }
            ]
        }
    }
}
