{
  "_comment": "Copyright 2020. Siemens Product Lifecycle Management Software Inc. All Rights Reserved.",
  "$id": "CFG0_search_saved_varaint_rules_request.json",
  "$schema": "http://json-schema.org/draft-07/schema#",
  "createRelease": "tc13.1.0.0",
  "description": "Request in JSON format to get the saved variant rules for a given criteria",
  "isThirdParty": "false",
  "type": "object",
  "properties": {
    "configPerspective": {
      "type": "string",
      "description": "UID of configurator perspective."
    },
    "variantCriteria": {
      "type": "string",
      "description": "UID of variant rule object."
    },
    "filterCriteria": {
      "type": "object",
      "description": "Search criteria to get the saved variant rules depending on matched criteria. User should provide either of the variantCriteria or filterCriteria. If both are provided then filterCriteria field is ignored. All the properties of filterCriteria together is considered while searching the saved variant rule",
      "properties": {
        "Name": {
          "type": "string",
          "description": "Criteria to search by name of the saved variant rule.",
          "default": ""
        },
        "Description": {
          "type": "string",
          "description": "Criteria to search by description of the saved variant rule.",
          "default": ""
        },
        "Revision ID": {
          "type": "string",
          "description": "Criteria to search by revision id of the saved variant rule.",
          "default": ""
        },
        "ID": {
          "type": "string",
          "description": "Criteria to search by id of the saved variant rule.",
          "default": ""
        }
      }
    },
    "selectedContext": {
      "type": "string",
      "description": "UID of the selected context object. This needs to be the Item revision or collborative design which have the Iman Relation with variant rule. Should not contain the Product context as it is already specified with perspective. Result is based on both the the product context and selected context object( if specified ) "
    },
    "allRevisions": {
      "type": "string",
      "description": "Flag to indicate whether to get all the SVR irrespective of revision rule. If set true then the revision rule on the perspective will be ignore. Valid value is true or false."
    },
    "sortCriteria": {
      "type": "string",
      "description": "Define the sorting criteria for the searched SVRs. This needs to be a valid internal name of the property like object_name, lsd etc defined on Variant rule. If no value specified then sorting is performed base on object_name property."
    },
    "sortOrder": {
      "type": "string",
      "description": "Define the sorting order of the searched SVRs as per the sortCriteria. Ascending and Descending are two valid values. If no value specified, then result is sorted in Ascending order."
    }
  },
  "required": [
    "configPerspective"
  ]
}
