{
    "_comment": "Copyright 2019. Siemens Product Lifecycle Management Software Inc. All Rights Reserved.",
    "$id": "getVariabilityData_Request_Schema.json",
    "$schema": "http://json-schema.org/draft-07/schema#",
    "createRelease": "tc12.4.0.0",
    "isThirdParty": "false",
    "name": "GetVariabilityData",
    "type": "object",
  "properties": {
    "jsonType": {
      "description": "Type of the json request or response. This will help us debugging the logs",
      "const": "variabilityDataInput"
    },
    "parent": {
      "type": "string",
      "description": "Uid of parent object. If parent is Null then response will be based on requestInfo."
    },
    "configPerspective": {
      "type": "string",
      "description": "Uid of configurator perspective"
    },
    "requestInfo": {
      "type": "array",
      "description": "List of required objects for a given parent",
      "items": {
        "type": "string",
        "enum": [
          "Group",
          "Unassigned",
          "Model",
          "Partition"
        ],
        "description": "Valid values for requestInfo."
      }
    },
    "level": {
      "type": "string",
      "description": "Indicates the expansion level for the configurator objects of the specified parent. Returns all configurator objects if specifies -1 "
    }
  },
  "required": [
    "configPerspective",
    "level"
  ]
}
