{
    "_comment": "Copyright 2019. Siemens Product Lifecycle Management Software Inc. All Rights Reserved.",
    "$id": "getVariabilityData_Response_Schema.json",
    "$schema": "http://json-schema.org/draft-07/schema#",
    "createRelease": "tc12.4.0.0",
    "isThirdParty": "false",
    "name": "GetVariabilityData",
    "returnDescription": "Output structure specifies the list of child objects that was returned for the parent. Response JSON will not be populated if there is any exception while executing the request. Error will be part of the exception and not part of response JSON.",
    "type": "object",
    "description": "Response object for the getVariabilityData JSON interface.",
    "properties": {
        "jsonType": {
            "description": "Type of the json request or response. This will help us debugging the logs",
            "const": "variabilityDataOutput"
        },
      "data": {
            "type": "array",
            "description": "Consists of configurator variability data based on input",
            "items": {
                "type": "object",
                "description": "Consists of configurator workspace object and it's children",
                "properties": {
                    "uid": {
                    "type": "string",
                    "description": "Uid of configurator WSO object"
                },
            "children": {
                        "type": "array",
                        "description": "Consists of configurator variability data for the parent object",
                        "items": {
                                  "type": "object",
                                  "description": "Consists of configurator workspace objects along with it's allocations for the parent object.",
                                  "properties": {
                                                "uid": {
                                                      "type": "string",
                                                      "description": "Uid of child configurator WSO object"
                                                },
                                              "associationObject": {
                                                        "type": "string",
                                                        "description": "Allocation object of configurator WSO object"
                                               }
                                  }
                        }
                    }
                }
            }
        }
    },
    "required": [
        "jsonType",
        "data"
    ]
}
