{
  "_comment": "Copyright 2020. Siemens Product Lifecycle Management Software Inc. All Rights Reserved.",
  "$id": "CFG0_search_saved_varaint_rules_response.json",
  "$schema": "http://json-schema.org/draft-07/schema#",
  "createRelease": "tc13.1.0.0",
  "description": "Response in JSON format to get the saved variant rules for a given criteria",
  "isThirdParty": "false",
  "type": "object",
  "properties": {
    "variantRules": {
      "type": "array",
      "description": "List of UIDs for the saved variant rules which matchs with search criteria.",
      "items": {
        "anyOf": [
          {
            "type": "string",
            "description": "UID of the saved variant rule."
          }
        ]
      }
    }
  },
  "required": [
    "variantRules"
  ]
}
