{
    "_comment": "Copyright 2019. Siemens Product Lifecycle Management Software Inc. All Rights Reserved.",
    "$id": "get_variant_expressions_response.json",
    "$schema": "http://json-schema.org/draft-07/schema#",
    "createRelease": "tc12.4.0.0",
    "description": "Resposne in JSON format to represent variant expressions for a given configurator perspective and a list of configurable objects. Response contains map of input configurable objects to the output expressions. Request of this response is documented in CFG0_get_variant_expressions_request.json",
    "isThirdParty": "false",
    "type": "object",
    "properties": {
        "configPerspective": {
            "type": "string",
            "description": "Uid of configurator perspective."
        },
        "variantExpressions": {
            "type": "array",
            "description": "Map of input configurable objects to the output expressions.",
            "items": [
                {
                    "type": "object",
                    "properties": {
                        "configurableObject": {
                            "type": "string",
                            "description": "Input configurable objects."
                        },
                        "ApplicationConfigExpression": {
                            "type": "array",
                            "description": "Output expressions for each configurable object.",
                            "items": [
                                {
                                    "type": "object",
                                    "properties": {
                                        "expressionType": {
                                            "type": "integer",
                                            "description": "Operator code representing the type of the expression. Valid C-style macro values are defined in booleanmath/cfg_tokens.h. Negative values are not allowed."
                                        },
                                        "formula": {
                                            "type": "string",
                                            "description": "Expression in the string format."
                                        },
                                        "configExpressionSet": {
                                            "type": "array",
                                            "description": "Represents configuration expression set contains ANDed combination of expression sections.",
                                            "items": [
                                                {
                                                    "type": "object",
                                                    "properties": {
                                                        "configExpressionSections": {
                                                            "type": "array",
                                                            "description": "Represents variant expression sections which are combined by AND operator.",
                                                            "items": [
                                                                {
                                                                    "type": "object",
                                                                    "properties": {
                                                                        "formula": {
                                                                            "type": "string",
                                                                            "description": "Stores boolean condition in string format.This formula is used when expression is not in CNF form."
                                                                        },
                                                                        "formulaState": {
                                                                            "type": "integer",
                                                                            "description": "Stores the state of the formula.The valid values are 0 (constant FALSE), 1 (constant TRUE), -1 (validity function), -2 (countermand function)."
                                                                        },
                                                                        "operatorCode": {
                                                                            "type": "integer",
                                                                            "description": "Stores the operator representing the type of the expression.Valid C-style macro values are defined in booleanmath/cfg_tokens.h.Negative values are not allowed."
                                                                        },
                                                                        "subExpressions": {
                                                                            "type": "array",
                                                                            "description": "Combination of expression groups using the AND operator.",
                                                                            "items": [
                                                                                {
                                                                                    "type": "object",
                                                                                    "properties": {
                                                                                        "expressionGroups": {
                                                                                            "type": "array",
                                                                                            "description": "Contains a set of expression terms.A mixture of positive and negated expression terms in the same group is not allowed. E.g if a group has a family as Color, 'Color=Red | Color!=Blue' is not allowed.Positive terms are combined with the operator 'OR'. Negated terms are combined with the operator 'AND'",
                                                                                            "items": [
                                                                                                {
                                                                                                    "type": "object",
                                                                                                    "properties": {
                                                                                                        "groupName": {
                                                                                                            "type": "string",
                                                                                                            "description": "Stores name of the logical grouping of values in a variant expression."
                                                                                                        },
                                                                                                        "context": {
                                                                                                            "type": "string",
                                                                                                            "description": "The family object instance to be used in a free form family expression term, or a value range expression."
                                                                                                        },
                                                                                                        "terms": {
                                                                                                            "type": "array",
                                                                                                            "description": "Defines an elemental expression literal for a single feature, or feature range expression for a given family.",
                                                                                                            "items": [
                                                                                                                {
                                                                                                                    "type": "object",
                                                                                                                    "properties": {
                                                                                                                        "valueText": {
                                                                                                                            "type": "string",
                                                                                                                            "description": "The object ID of the Cfg0AbsValue that is referenced in this expression.The compound property Cfg0AbsValue::cfg0ObjectId returns this ID.For a free form family value the parameter can be used to specify the value to use."
                                                                                                                        },
                                                                                                                        "value": {
                                                                                                                            "type": "string",
                                                                                                                            "description": "Holds the thread of the value object."
                                                                                                                        },
                                                                                                                        "operatorCode": {
                                                                                                                            "type": "integer",
                                                                                                                            "description": "Operator id for selection on grid.#CFG_operator_is_equal is an example of a C-style macro defined in configurator/cfg_tokens.h.Valid values are CFG_variant_operator_is_equal and CFG_variant_operator_not_equal."
                                                                                                                        },
                                                                                                                        "familyId": {
                                                                                                                            "type": "string",
                                                                                                                            "description": "Stores the idnetifier of the family object. NULLTAG value is not allowed."
                                                                                                                        },
                                                                                                                        "familyNamespace": {
                                                                                                                            "type": "string",
                                                                                                                            "description": "Stores the namespace of the family object. NULLTAG value is not allowed."
                                                                                                                        },
                                                                                                                        "family": {
                                                                                                                            "type": "string",
                                                                                                                            "description": "Stores the thread of the family object. NULLTAG value is not allowed."
                                                                                                                        },
                                                                                                                        "severity": {
                                                                                                                            "type": "integer",
                                                                                                                            "description": ""
                                                                                                                        },
                                                                                                                        "rangeExpressions": {
                                                                                                                            "type": "array",
                                                                                                                            "description": "Respresents a value range expression.",
                                                                                                                            "items": [
                                                                                                                                {
                                                                                                                                    "type": "object",
                                                                                                                                    "properties": {
                                                                                                                                        "valueText": {
                                                                                                                                            "type": "string",
                                                                                                                                            "description": "The object ID of the Cfg0AbsValue that is referenced in this expression.The compound property Cfg0AbsValue::cfg0ObjectId returns this ID.For a free form family value the parameter can be used to specify the value to use."
                                                                                                                                        },
                                                                                                                                        "operatorCode": {
                                                                                                                                            "type": "integer",
                                                                                                                                            "description": "Operator code attached to value in expression e.g CFG_operator_is_equal in expression L = 1.#CFG_operator_is_equal is an example of a C-style macro defined in configurator/cfg_tokens.h.Valid values are CFG_variant_operator_not_equal, CFG_variant_operator_gt, CFG_variant_operator_lt, CFG_variant_operator_gt_eq, and CFG_variant_operator_lt_eq. NULL or negatives values are not allowed."
                                                                                                                                        },
                                                                                                                                        "value": {
                                                                                                                                            "type": "string",
                                                                                                                                            "description": "Stores the value object this range expression compares to.It is mostly used when for non free form integer type range is supported."
                                                                                                                                        }
                                                                                                                                    },
                                                                                                                                    "required": [
                                                                                                                                        "valueText",
                                                                                                                                        "operatorCode",
                                                                                                                                        "value"
                                                                                                                                    ]
                                                                                                                                }
                                                                                                                            ]
                                                                                                                        }
                                                                                                                    },
                                                                                                                    "required": [
                                                                                                                        "valueText",
                                                                                                                        "value",
                                                                                                                        "operatorCode",
                                                                                                                        "familyId",
                                                                                                                        "familyNamespace",
                                                                                                                        "family",
                                                                                                                        "severity",
                                                                                                                        "rangeExpressions"
                                                                                                                    ]
                                                                                                                }
                                                                                                            ]
                                                                                                        }
                                                                                                    },
                                                                                                    "required": [
                                                                                                        "groupName",
                                                                                                        "context",
                                                                                                        "terms"
                                                                                                    ]
                                                                                                }
                                                                                            ]
                                                                                        }
                                                                                    },
                                                                                    "required": [
                                                                                        "expressionGroups"
                                                                                    ]
                                                                                }
                                                                            ]
                                                                        }
                                                                    },
                                                                    "required": [
                                                                        "formula",
                                                                        "formulaState",
                                                                        "operatorCode",
                                                                        "subExpressions"
                                                                    ]
                                                                }
                                                            ]
                                                        }
                                                    },
                                                    "required": [
                                                        "configExpressionSections"
                                                    ]
                                                }
                                            ]
                                        }
                                    },
                                    "required": [
                                        "expressionType",
                                        "formula",
                                        "configExpressionSet"
                                    ]
                                }
                            ]
                        },
                        "required": [
                            "configurableObject",
                            "ApplicationConfigExpression"
                        ]
                    }
                }
            ]
        },
        "required": [
            "configPerspective",
            "variantExpressions"
        ]
    }
}
