{
    "_comment": "Copyright 2020. Siemens Digital Industries Software. All Rights Reserved.",
    "$id": "CFG0_get_formulea_response.json",
    "$schema": "http://json-schema.org/draft-07/schema#",
    "createRelease": "tc13.1.0.0",
    "description": "Response in JSON format for get formula from pcagrid. This response contains information about teamcenter formula and display formula for specific grid identifiers.",
    "isThirdParty": "false",
    "type": "object",
    "properties": {
        "formulea": {
            "type": "array",
            "description": "List of formula objects.",
            "items": [
                {
                    "type": "object",
                    "properties": {
                        "gridIdentifier": {
                            "type": "string",
                            "description": "Grid for which teamcenter and display formula is calculated."
                        },
                        "tcFormula": {
                            "type": "string",
                            "description": "Represents boolean expression in teamcenter format."
                        },
                        "displayFormula": {
                            "type": "string",
                            "description": "Represents boolean expression in displayable format."
                        }
                    },
                    "required": [
                        "gridIdentifier"
                    ]
                }
            ]
        },
        "tcErrorStack": {
            "description": "json object that hold details of the errors that occurred during processing the input json request. The order of errors in this array will be stack top-down. It means the 0th index in the array would represent most recent error and last index in array would be the first/oldest error",
            "$ref": "ConfiguratorServiceDefinitions.json#/definitions/TcErrorStack"
        },
        "required": [
            "formulea"
        ]
    }
}