{
    "_comment": "Copyright 2020. Siemens Product Lifecycle Management Software Inc. All Rights Reserved.",
    "$id": "CFG0_report_constraint_conflicts_schema.json",
    "$schema": "http://json-schema.org/draft-07/schema#",
    "createRelease": "tc12.4.0.2",
    "isThirdParty": "false",
    "name": "CFG0_report_constraint_conflicts",
    "returnDescription": "Output structure specifies conflicts between constraints for a given Variant Rule.",
    "type": "object",
    "properties": {
        "session info": {
            "type": "object",
            "description": "This object represents the session information like VariantRule name, Revision Rule, Rule Date for which this report is generated.",
            "properties": {
                "Variant Rule Name": {
                    "type": "string",
                    "description": "Name of input Variant Rule."
                },
                "Revision Rule": {
                    "type": "string",
                    "description": "Input Revision Rule name."
                },
                "Rule Date": {
                    "type": "string",
                    "description": "Input Rule Date represented in format ISO 8601."
                },
                "Verdict": {
                    "type": "string",
                    "description": "Indicate if the given configuration is valid or invalid based and completeness on constraint processing.",
                    "enum": [
                        "Valid and Complete Product Configuration",
                        "Valid and Incomplete Product Configuration",
                        "Invalid Product Configuration"
                    ]
                }
            },
            "required": [
                "VariantRule Name",
                "Revision Rule",
                "Rule Date",
                "Verdict"
            ]
        },        
            "$ref": "CFG0_configurator_definitions.json#/definitions/conflicts"        
    },
    "required": [
        "session info",
        "conflicts"
    ]
}