{
    "_comment": "Copyright 2019. Siemens Product Lifecycle Management Software Inc. All Rights Reserved.",
    "$id": "get_variant_expressions_request.json",
    "$schema": "http://json-schema.org/draft-07/schema#",
    "createRelease": "tc12.4.0.0",
    "description": "Request in JSON formant to get variant expressions for a given configurator perspective and list of configurable objects. Response of this request is documented in CFG0_get_variant_expressions_response.json",
    "isThirdParty": "false",
    "type": "object",
    "properties": {
        "configPerspective": {
            "type": "string",
            "description": "Uid of configurator perspective."
        },
        "configurableObjects": {
            "type": "array",
            "minItems": 1,
            "items": {
                "type": "string",
                "description": "List of Uids of configurable objects."
            },
        },
        "operatorCode": {
            "type": "integer",
            "description": "Operator code corresponding to the expression associated with configurable object which the caller is interested. Returns all variant expressions if specifies -1. If 0 is specified, then it returns the expression corresponding to the primary operator code for the input configurable objects. By default, -1 is assigned if no value specified."
       }
    },
    "required": [
        "configPerspective",
        "configurableObjects"
    ]
}
