{
  "_comment": "Copyright 2020. Siemens Product Lifecycle Management Software Inc. All Rights Reserved.",
  "$id": "CFG0_set_variant_expressions_request.json",
  "$schema": "http://json-schema.org/draft-07/schema#",
  "createRelease": "tc13.1.0.0",
  "description": "Response in JSON format for set variant expressions. This response contains information about objects on which variant expression is updated and partial errors recieved for either of the input configurable object.",
  "isThirdParty": "false",
  "type": "object",
  "properties": {
    "updatedObjects": {
      "type": "array",
      "description": "List of updated objects.",
      "items": [
        {
          "type": "object",
          "properties": {
            "uid": {
              "type": "string",
              "description": "UID of an input configurable object for which variant expression is updated."
            }
          }
        }
      ]
    },
    "partialErrors": {
      "type": "array",
      "description": "Map of input configurable objects to partial errors recieved if any.",
      "items": [
        {
          "type": "object",
          "properties": {
            "clientID": {
              "type": "string",
              "description": "UID of an input configurable object."
            },
            "errorValue ": {
              "type": "object",
              "description": "Error found for failed operation of set expression of input configurable object.",
              "items": [
                {
                  "type": "object",
                  "properties": {
                    "errorCode": {
                      "type": "integer",
                      "description": "Error code i.e ifail number of the error recieved."
                    },
                    "errorMessage": {
                      "type": "string",
                      "description": "Error message in the string format."
                    },
                    "level": {
                      "type": "string",
                      "description": "This represents severity of the error.Valid values are as : Information,    Warning and Error."
                    }
                  }
                }
              ]
            }
          }
        }
      ]
    }
  }
}
