{
    "SchemaVersion": "1.0.0",
    "BaseClasses": {
        "CLS-0#01-ClassDefinition#001": {
            "IRDI": "CLS-0#01-ClassDefinition#001",
            "Namespace": "CLS-0",
            "ID": "ClassDefinition",
            "Revision": "001",
            "Status": "Released",
            "ClassType": "Application Class",
            "IsAbstract": true,
            "Name": "Descriptor for Class Definition",
            "ClassAttributes": {
                "CLS-0#02-IRDI#001": {
                    "AttributeIndex": 1,
                    "DBIndex": 1,
                    "Type": "Property",
                    "Reference": "CLS-0#02-IRDI#001",
                    "Cardinality": 0,
                    "Annotation": "IRDI",
                    "Name": "IRDI",
                    "DataType": {
                        "Type": "String"
                    }
                },
                "CLS-0#02-ObjectType#001": {
                    "AttributeIndex": 2,
                    "DBIndex": 2,
                    "Type": "Property",
                    "Reference": "CLS-0#02-ObjectType#001",
                    "Cardinality": 0,
                    "Annotation": "ObjectType",
                    "Name": "Object Type",
                    "DataType": {
                        "Type": "String"
                    }
                },
                "CLS-0#02-Namespace#001": {
                    "AttributeIndex": 3,
                    "DBIndex": 3,
                    "Type": "Property",
                    "Reference": "CLS-0#02-Namespace#001",
                    "Cardinality": 0,
                    "Annotation": "Namespace",
                    "Name": "Namespace",
                    "DataType": {
                        "Type": "String"
                    }
                },
                "CLS-0#02-ID#001": {
                    "AttributeIndex": 4,
                    "DBIndex": 4,
                    "Type": "Property",
                    "Reference": "CLS-0#02-ID#001",
                    "Cardinality": 0,
                    "Annotation": "ID",
                    "Name": "ID",
                    "DataType": {
                        "Type": "String"
                    }
                },
                "CLS-0#02-Revision#001": {
                    "AttributeIndex": 5,
                    "DBIndex": 5,
                    "Type": "Property",
                    "Reference": "CLS-0#02-Revision#001",
                    "Cardinality": 0,
                    "Annotation": "Revision",
                    "Name": "Revision",
                    "DataType": {
                        "Type": "String"
                    }
                },
                "CLS-0#02-MinorRevision#001": {
                    "AttributeIndex": 6,
                    "DBIndex": 6,
                    "Type": "Property",
                    "Reference": "CLS-0#02-MinorRevision#001",
                    "Cardinality": 0,
                    "Annotation": "MinorRevision",
                    "Name": "Minor Revision",
                    "DataType": {
                        "Type": "String"
                    }
                },
                "CLS-0#02-Status#001": {
                    "AttributeIndex": 7,
                    "DBIndex": 7,
                    "Type": "Property",
                    "Reference": "CLS-0#02-Status#001",
                    "Cardinality": 0,
                    "Annotation": "Status",
                    "Name": "Status",
                    "DataType": {
                        "Type": "String"
                    }
                },
                "CLS-0#02-IsDeprecated#001": {
                    "AttributeIndex": 8,
                    "DBIndex": 1,
                    "Type": "Property",
                    "Reference": "CLS-0#02-IsDeprecated#001",
                    "Cardinality": 0,
                    "Annotation": "IsDeprecated",
                    "Name": "Is Deprecated",
                    "DataType": {
                        "Type": "Boolean"
                    }
                },
                "CLS-0#02-Name#001": {
                    "AttributeIndex": 9,
                    "DBIndex": 8,
                    "Type": "Property",
                    "Reference": "CLS-0#02-Name#001",
                    "Cardinality": 0,
                    "Annotation": "Name",
                    "Name": "Name",
                    "DataType": {
                        "Type": "String"
                    }
                },
                "CLS-0#02-ShortName#001": {
                    "AttributeIndex": 10,
                    "DBIndex": 9,
                    "Type": "Property",
                    "Reference": "CLS-0#02-ShortName#001",
                    "Cardinality": 0,
                    "Annotation": "ShortName",
                    "Name": "Short Name",
                    "DataType": {
                        "Type": "String"
                    }
                },
                "CLS-0#02-Note#001": {
                    "AttributeIndex": 11,
                    "DBIndex": 10,
                    "Type": "Property",
                    "Reference": "CLS-0#02-Note#001",
                    "Cardinality": 0,
                    "Annotation": "Note",
                    "Name": "Note",
                    "DataType": {
                        "Type": "String"
                    }
                },
                "CLS-0#02-Definition#001": {
                    "AttributeIndex": 12,
                    "DBIndex": 11,
                    "Type": "Property",
                    "Reference": "CLS-0#02-Definition#001",
                    "Cardinality": 0,
                    "Annotation": "Definition",
                    "Name": "Definition",
                    "DataType": {
                        "Type": "String"
                    }
                },
                "CLS-0#02-SourceStandard#001": {
                    "AttributeIndex": 13,
                    "DBIndex": 12,
                    "Type": "Property",
                    "Reference": "CLS-0#02-SourceStandard#001",
                    "Cardinality": 0,
                    "Annotation": "SourceStandard",
                    "Name": "Source Standard",
                    "DataType": {
                        "Type": "String"
                    }
                },
                "CLS-0#02-Remark#001": {
                    "AttributeIndex": 14,
                    "DBIndex": 13,
                    "Type": "Property",
                    "Reference": "CLS-0#02-Remark#001",
                    "Cardinality": 0,
                    "Annotation": "Remark",
                    "Name": "Remark",
                    "DataType": {
                        "Type": "String"
                    }
                },
                "CLS-0#02-SMLObjectId#001": {
                    "AttributeIndex": 15,
                    "DBIndex": 14,
                    "Type": "Property",
                    "Reference": "CLS-0#02-SMLObjectId#001",
                    "Cardinality": 0,
                    "Annotation": "SMLObjectId",
                    "Name": "Original SML Object Id",
                    "DataType": {
                        "Type": "String"
                    }
                },
                "CLS-0#02-SMLSyncDate#001": {
                    "AttributeIndex": 16,
                    "DBIndex": 1,
                    "Type": "Property",
                    "Reference": "CLS-0#02-SMLSyncDate#001",
                    "Cardinality": 0,
                    "Annotation": "SMLSyncDate",
                    "Name": "Last Sync Date",
                    "DataType": {
                        "Type": "Date"
                    }
                },
                "CLS-0#02-ClassType#001": {
                    "AttributeIndex": 17,
                    "DBIndex": 15,
                    "Type": "Property",
                    "Reference": "CLS-0#02-ClassType#001",
                    "Cardinality": 0,
                    "Annotation": "ClassType",
                    "Name": "Class Type",
                    "DataType": {
                        "Type": "String"
                    }
                },
                "CLS-0#02-IsAbstract#001": {
                    "AttributeIndex": 18,
                    "DBIndex": 2,
                    "Type": "Property",
                    "Reference": "CLS-0#02-IsAbstract#001",
                    "Cardinality": 0,
                    "Annotation": "IsAbstract",
                    "Name": "Is Abstract",
                    "DataType": {
                        "Type": "Boolean"
                    }
                },
                "CLS-0#02-UnitSystem#001": {
                    "AttributeIndex": 19,
                    "DBIndex": 1,
                    "Type": "Property",
                    "Reference": "CLS-0#02-UnitSystem#001",
                    "Cardinality": 0,
                    "Annotation": "UnitSystem",
                    "Name": "Unit System",
                    "DataType": {
                        "Type": "Integer"
                    }
                },
                "CLS-0#02-Parents#001": {
                    "AttributeIndex": 20,
                    "DBIndex": 16,
                    "Type": "Property",
                    "Reference": "CLS-0#02-Parents#001",
                    "Cardinality": -1,
                    "Annotation": "Parents",
                    "Name": "Parents",
                    "DataType": {
                        "Type": "String"
                    }
                },
                "CLS-0#02-ClassAttributes#001": {
                    "AttributeIndex": 21,
                    "DBIndex": 0,
                    "Type": "Property",
                    "Reference": "CLS-0#02-ClassAttributes#001",
                    "Cardinality": -1,
                    "Annotation": "ClassAttributes",
                    "Name": "Class Attributes",
                    "DataType": {
                        "Type": "Reference",
                        "BlockReference": "CLS-0#01-AttrBlock#001"
                    }
                },
                "CLS-0#02-ClassAttributeOptions#001": {
                    "AttributeIndex": 22,
                    "DBIndex": 0,
                    "Type": "Property",
                    "Reference": "CLS-0#02-ClassAttributeOptions#001",
                    "Cardinality": -1,
                    "Annotation": "ClassAttributeOptions",
                    "Name": "Class Attribute Options",
                    "DataType": {
                        "Type": "Reference",
                        "BlockReference": "CLS-0#01-AttrOpts#001"
                    }
                },
                "CLS-0#02-UserData#001": {
                    "AttributeIndex": 23,
                    "DBIndex": 0,
                    "Type": "Property",
                    "Reference": "CLS-0#02-UserData#001",
                    "Cardinality": -1,
                    "Annotation": "UserData",
                    "Name": "User Data",
                    "DataType": {
                        "Type": "Reference",
                        "BlockReference": "CLS-0#01-UserData#001"
                    }
                }
            }
        }
    },
    "Blocks": {
        "CLS-0#01-AttrBlock#001": {
            "IRDI": "CLS-0#01-AttrBlock#001",
            "Namespace": "CLS-0",
            "ID": "AttrBlock",
            "Revision": "001",
            "Status": "Released",
            "ClassType": "Block",
            "IsAbstract": true,
            "Name": "Attribute Block",
            "ClassAttributes": {
                "CLS-0#02-AttributeIndex#001": {
                    "AttributeIndex": 1,
                    "DBIndex": 1,
                    "Type": "Property",
                    "Reference": "CLS-0#02-AttributeIndex#001",
                    "Cardinality": 0,
                    "Annotation": "AttributeIndex",
                    "Name": "Attribute Index",
                    "DataType": {
                        "Type": "Integer"
                    }
                },
                "CLS-0#02-DBIndex#001": {
                    "AttributeIndex": 2,
                    "DBIndex": 2,
                    "Type": "Property",
                    "Reference": "CLS-0#02-DBIndex#001",
                    "Cardinality": 0,
                    "Annotation": "DBIndex",
                    "Name": "DB Index",
                    "DataType": {
                        "Type": "Integer"
                    }
                },
                "CLS-0#02-Type#001": {
                    "AttributeIndex": 3,
                    "DBIndex": 1,
                    "Type": "Property",
                    "Reference": "CLS-0#02-Type#001",
                    "Cardinality": 0,
                    "Annotation": "Type",
                    "Name": "Type",
                    "DataType": {
                        "Type": "String"
                    }
                },
                "CLS-0#02-Reference#001": {
                    "AttributeIndex": 4,
                    "DBIndex": 2,
                    "Type": "Property",
                    "Reference": "CLS-0#02-Reference#001",
                    "Cardinality": 0,
                    "Annotation": "Reference",
                    "Name": "Reference",
                    "DataType": {
                        "Type": "String"
                    }
                },
                "CLS-0#02-Cardinality#001": {
                    "AttributeIndex": 5,
                    "DBIndex": 3,
                    "Type": "Property",
                    "Reference": "CLS-0#02-Cardinality#001",
                    "Cardinality": 0,
                    "Annotation": "Cardinality",
                    "Name": "Cardinality",
                    "DataType": {
                        "Type": "Integer"
                    }
                },
                "CLS-0#02-Annotation#001": {
                    "AttributeIndex": 6,
                    "DBIndex": 3,
                    "Type": "Property",
                    "Reference": "CLS-0#02-Annotation#001",
                    "Cardinality": 0,
                    "Annotation": "Annotation",
                    "Name": "Annotation",
                    "DataType": {
                        "Type": "String"
                    }
                },
                "CLS-0#02-IsDeprecated#001": {
                    "AttributeIndex": 7,
                    "DBIndex": 1,
                    "Type": "Property",
                    "Reference": "CLS-0#02-IsDeprecated#001",
                    "Cardinality": 0,
                    "Annotation": "IsDeprecated",
                    "Name": "Is Deprecated",
                    "DataType": {
                        "Type": "Boolean"
                    }
                },
                "CLS-0#02-UserData#001": {
                    "AttributeIndex": 8,
                    "DBIndex": 0,
                    "Type": "Property",
                    "Reference": "CLS-0#02-UserData#001",
                    "Cardinality": -1,
                    "Annotation": "UserData",
                    "Name": "User Data",
                    "DataType": {
                        "Type": "Reference",
                        "BlockReference": "CLS-0#01-UserData#001"
                    }
                }
            }
        },
        "CLS-0#01-AttrOpts#001": {
            "IRDI": "CLS-0#01-AttrOpts#001",
            "Namespace": "CLS-0",
            "ID": "AttrOpts",
            "Revision": "001",
            "Status": "Released",
            "ClassType": "Block",
            "IsAbstract": true,
            "Name": "Class Attribute Options",
            "ClassAttributes": {
                "CLS-0#02-AttributeIRDI#001": {
                    "AttributeIndex": 1,
                    "DBIndex": 1,
                    "Type": "Property",
                    "Reference": "CLS-0#02-AttributeIRDI#001",
                    "Cardinality": 0,
                    "Annotation": "AttributeIRDI",
                    "Name": "Attribute IRDI",
                    "DataType": {
                        "Type": "String"
                    }
                },
                "CLS-0#02-MetMinValue#001": {
                    "AttributeIndex": 2,
                    "DBIndex": 1,
                    "Type": "Property",
                    "Reference": "CLS-0#02-MetMinValue#001",
                    "Cardinality": 0,
                    "Annotation": "MetricMinValue",
                    "Name": "Metric Minimum Value",
                    "DataType": {
                        "Type": "Double"
                    }
                },
                "CLS-0#02-MetMaxValue#001": {
                    "AttributeIndex": 3,
                    "DBIndex": 2,
                    "Type": "Property",
                    "Reference": "CLS-0#02-MetMaxValue#001",
                    "Cardinality": 0,
                    "Annotation": "MetricMaxValue",
                    "Name": "Metric Maximum Value",
                    "DataType": {
                        "Type": "Double"
                    }
                },
                "CLS-0#02-MetDefaultValue#001": {
                    "AttributeIndex": 4,
                    "DBIndex": 2,
                    "Type": "Property",
                    "Reference": "CLS-0#02-MetDefaultValue#001",
                    "Cardinality": 0,
                    "Annotation": "MetricDefaultValue",
                    "Name": "Metric Default Value",
                    "DataType": {
                        "Type": "String"
                    }
                },
                "CLS-0#02-MetConstValue#001": {
                    "AttributeIndex": 5,
                    "DBIndex": 3,
                    "Type": "Property",
                    "Reference": "CLS-0#02-MetConstValue#001",
                    "Cardinality": 0,
                    "Annotation": "MetricConstantValue",
                    "Name": "Metric Constant Value",
                    "DataType": {
                        "Type": "String"
                    }
                },
                "CLS-0#02-NonMetMinValue#001": {
                    "AttributeIndex": 6,
                    "DBIndex": 3,
                    "Type": "Property",
                    "Reference": "CLS-0#02-NonMetMinValue#001",
                    "Cardinality": 0,
                    "Annotation": "NonMetricMinValue",
                    "Name": "Non-Metric Minimum Value",
                    "DataType": {
                        "Type": "Double"
                    }
                },
                "CLS-0#02-NonMetMaxValue#001": {
                    "AttributeIndex": 7,
                    "DBIndex": 4,
                    "Type": "Property",
                    "Reference": "CLS-0#02-NonMetMaxValue#001",
                    "Cardinality": 0,
                    "Annotation": "NonMetricMaxValue",
                    "Name": "Non-Metric Maximum Value",
                    "DataType": {
                        "Type": "Double"
                    }
                },
                "CLS-0#02-NonMetDefaultValue#001": {
                    "AttributeIndex": 8,
                    "DBIndex": 4,
                    "Type": "Property",
                    "Reference": "CLS-0#02-NonMetDefaultValue#001",
                    "Cardinality": 0,
                    "Annotation": "NonMetricDefaultValue",
                    "Name": "Non-Metric Default Value",
                    "DataType": {
                        "Type": "String"
                    }
                },
                "CLS-0#02-NonMetConstValue#001": {
                    "AttributeIndex": 9,
                    "DBIndex": 5,
                    "Type": "Property",
                    "Reference": "CLS-0#02-NonMetConstValue#001",
                    "Cardinality": 0,
                    "Annotation": "NonMetricConstantValue",
                    "Name": "Non-Metric Constant Value",
                    "DataType": {
                        "Type": "String"
                    }
                },
                "CLS-0#02-DepAttribute#001": {
                    "AttributeIndex": 10,
                    "DBIndex": 6,
                    "Type": "Property",
                    "Reference": "CLS-0#02-DepAttribute#001",
                    "Cardinality": 0,
                    "Annotation": "DepAttribute",
                    "Name": "Dependency Attribute",
                    "DataType": {
                        "Type": "String"
                    }
                },
                "CLS-0#02-DepConfigLevel#001": {
                    "AttributeIndex": 11,
                    "DBIndex": 7,
                    "Type": "Property",
                    "Reference": "CLS-0#02-DepConfigLevel#001",
                    "Cardinality": 0,
                    "Annotation": "DepConfigLevel",
                    "Name": "Dependency Configuration Level",
                    "DataType": {
                        "Type": "String"
                    }
                },
                "CLS-0#02-IsRequired#001": {
                    "AttributeIndex": 12,
                    "DBIndex": 1,
                    "Type": "Property",
                    "Reference": "CLS-0#02-IsRequired#001",
                    "Cardinality": 0,
                    "Annotation": "IsRequired",
                    "Name": "Is Required",
                    "DataType": {
                        "Type": "Boolean"
                    }
                }
            }
        },
        "CLS-0#01-UserData#001": {
            "IRDI": "CLS-0#01-UserData#001",
            "Namespace": "CLS-0",
            "ID": "UserData",
            "Revision": "001",
            "Status": "Released",
            "ClassType": "Block",
            "IsAbstract": true,
            "Name": "User Data",
            "ClassAttributes": {
                "CLS-0#02-Name#001": {
                    "AttributeIndex": 1,
                    "DBIndex": 1,
                    "Type": "Property",
                    "Reference": "CLS-0#02-Name#001",
                    "Cardinality": 0,
                    "Annotation": "Name",
                    "Name": "Name",
                    "DataType": {
                        "Type": "String"
                    }
                },
                "CLS-0#02-Value#001": {
                    "AttributeIndex": 2,
                    "DBIndex": 2,
                    "Type": "Property",
                    "Reference": "CLS-0#02-Value#001",
                    "Cardinality": 0,
                    "Annotation": "Value",
                    "Name": "Value",
                    "DataType": {
                        "Type": "String"
                    }
                }
            }
        }
    }
}