{
    "SchemaVersion": "1.0.0",
    "BaseClasses": {
        "CLS-0#01-KeyLOVDefinition#001": {
            "IRDI": "CLS-0#01-KeyLOVDefinition#001",
            "Namespace": "CLS-0",
            "ID": "KeyLOVDefinition",
            "Revision": "001",
            "Status": "Released",
            "ClassType": "Application Class",
            "IsAbstract": true,
            "Name": "Descriptor for KeyLOV Definition",
            "ClassAttributes": {
                "CLS-0#02-IRDI#001": {
                    "AttributeIndex": 1,
                    "DBIndex": 1,
                    "Type": "Property",
                    "Reference": "CLS-0#02-IRDI#001",
                    "Cardinality": 0,
                    "Annotation": "IRDI",
                    "Name": "IRDI",
                    "DataType": {
                        "Type": "String"
                    }
                },
                "CLS-0#02-ObjectType#001": {
                    "AttributeIndex": 2,
                    "DBIndex": 2,
                    "Type": "Property",
                    "Reference": "CLS-0#02-ObjectType#001",
                    "Cardinality": 0,
                    "Annotation": "ObjectType",
                    "Name": "Object Type",
                    "DataType": {
                        "Type": "String"
                    }
                },
                "CLS-0#02-Namespace#001": {
                    "AttributeIndex": 3,
                    "DBIndex": 3,
                    "Type": "Property",
                    "Reference": "CLS-0#02-Namespace#001",
                    "Cardinality": 0,
                    "Annotation": "Namespace",
                    "Name": "Namespace",
                    "DataType": {
                        "Type": "String"
                    }
                },
                "CLS-0#02-ID#001": {
                    "AttributeIndex": 4,
                    "DBIndex": 4,
                    "Type": "Property",
                    "Reference": "CLS-0#02-ID#001",
                    "Cardinality": 0,
                    "Annotation": "ID",
                    "Name": "ID",
                    "DataType": {
                        "Type": "String"
                    }
                },
                "CLS-0#02-Revision#001": {
                    "AttributeIndex": 5,
                    "DBIndex": 5,
                    "Type": "Property",
                    "Reference": "CLS-0#02-Revision#001",
                    "Cardinality": 0,
                    "Annotation": "Revision",
                    "Name": "Revision",
                    "DataType": {
                        "Type": "String"
                    }
                },
                "CLS-0#02-MinorRevision#001": {
                    "AttributeIndex": 6,
                    "DBIndex": 6,
                    "Type": "Property",
                    "Reference": "CLS-0#02-MinorRevision#001",
                    "Cardinality": 0,
                    "Annotation": "MinorRevision",
                    "Name": "Minor Revision",
                    "DataType": {
                        "Type": "String"
                    }
                },
                "CLS-0#02-Status#001": {
                    "AttributeIndex": 7,
                    "DBIndex": 7,
                    "Type": "Property",
                    "Reference": "CLS-0#02-Status#001",
                    "Cardinality": 0,
                    "Annotation": "Status",
                    "Name": "Status",
                    "DataType": {
                        "Type": "String"
                    }
                },
                "CLS-0#02-IsDeprecated#001": {
                    "AttributeIndex": 8,
                    "DBIndex": 1,
                    "Type": "Property",
                    "Reference": "CLS-0#02-IsDeprecated#001",
                    "Cardinality": 0,
                    "Annotation": "IsDeprecated",
                    "Name": "Is Deprecated",
                    "DataType": {
                        "Type": "Boolean"
                    }
                },
                "CLS-0#02-Name#001": {
                    "AttributeIndex": 9,
                    "DBIndex": 8,
                    "Type": "Property",
                    "Reference": "CLS-0#02-Name#001",
                    "Cardinality": 0,
                    "Annotation": "Name",
                    "Name": "Name",
                    "DataType": {
                        "Type": "String"
                    }
                },
                "CLS-0#02-ShortName#001": {
                    "AttributeIndex": 10,
                    "DBIndex": 9,
                    "Type": "Property",
                    "Reference": "CLS-0#02-ShortName#001",
                    "Cardinality": 0,
                    "Annotation": "ShortName",
                    "Name": "Short Name",
                    "DataType": {
                        "Type": "String"
                    }
                },
                "CLS-0#02-Note#001": {
                    "AttributeIndex": 11,
                    "DBIndex": 10,
                    "Type": "Property",
                    "Reference": "CLS-0#02-Note#001",
                    "Cardinality": 0,
                    "Annotation": "Note",
                    "Name": "Note",
                    "DataType": {
                        "Type": "String"
                    }
                },
                "CLS-0#02-Definition#001": {
                    "AttributeIndex": 12,
                    "DBIndex": 11,
                    "Type": "Property",
                    "Reference": "CLS-0#02-Definition#001",
                    "Cardinality": 0,
                    "Annotation": "Definition",
                    "Name": "Definition",
                    "DataType": {
                        "Type": "String"
                    }
                },
                "CLS-0#02-SourceStandard#001": {
                    "AttributeIndex": 13,
                    "DBIndex": 12,
                    "Type": "Property",
                    "Reference": "CLS-0#02-SourceStandard#001",
                    "Cardinality": 0,
                    "Annotation": "SourceStandard",
                    "Name": "Source Standard",
                    "DataType": {
                        "Type": "String"
                    }
                },
                "CLS-0#02-Remark#001": {
                    "AttributeIndex": 14,
                    "DBIndex": 13,
                    "Type": "Property",
                    "Reference": "CLS-0#02-Remark#001",
                    "Cardinality": 0,
                    "Annotation": "Remark",
                    "Name": "Remark",
                    "DataType": {
                        "Type": "String"
                    }
                },
                "CLS-0#02-SMLObjectId#001": {
                    "AttributeIndex": 15,
                    "DBIndex": 14,
                    "Type": "Property",
                    "Reference": "CLS-0#02-SMLObjectId#001",
                    "Cardinality": 0,
                    "Annotation": "SMLObjectId",
                    "Name": "Original SML Object Id",
                    "DataType": {
                        "Type": "String"
                    }
                },
                "CLS-0#02-SMLSyncDate#001": {
                    "AttributeIndex": 16,
                    "DBIndex": 1,
                    "Type": "Property",
                    "Reference": "CLS-0#02-SMLSyncDate#001",
                    "Cardinality": 0,
                    "Annotation": "SMLSyncDate",
                    "Name": "Last Sync Date",
                    "DataType": {
                        "Type": "Date"
                    }
                },
                "CLS-0#02-IsHideKeys#001": {
                    "AttributeIndex": 17,
                    "DBIndex": 2,
                    "Type": "Property",
                    "Reference": "CLS-0#02-IsHideKeys#001",
                    "Cardinality": 0,
                    "Annotation": "IsHideKeys",
                    "Name": "Is Hide Keys",
                    "DataType": {
                        "Type": "Boolean"
                    }
                },
                "CLS-0#02-LOVItems#001": {
                    "AttributeIndex": 18,
                    "DBIndex": 0,
                    "Type": "Property",
                    "Reference": "CLS-0#02-LOVItems#001",
                    "Cardinality": 0,
                    "Annotation": "LOVItems",
                    "Name": "LOV Items",
                    "DataType": {
                        "Type": "Reference",
                        "BlockReference": "CLS-0#09-LOVItems#001"
                    }
                },
                "CLS-0#02-UserData#001": {
                    "AttributeIndex": 19,
                    "DBIndex": 0,
                    "Type": "Property",
                    "Reference": "CLS-0#02-UserData#001",
                    "Cardinality": -1,
                    "Annotation": "UserData",
                    "Name": "User Data",
                    "DataType": {
                        "Type": "Reference",
                        "BlockReference": "CLS-0#01-UserData#001"
                    }
                }
            }
        }
    },
    "KeyLOVDefinitions": {
        "CLS-0#09-LOVItems#001": {
            "ObjectType": "09",
            "IRDI": "CLS-0#09-LOVItems#001",
            "Namespace": "CLS-0",
            "ID": "LOVItems",
            "Revision": "001",
            "Status": "Released",
            "Name": "LOV Items",
            "LOVItems": {
                "DataType": "Reference",
                "LOVReferenceItems": [
                    {
                        "StringValue": "Integer",
                        "DisplayValue": "Integer",
                        "BlockReference": "CLS-0#01-LOVIntegerItems#001"
                    },
                    {
                        "StringValue": "Double",
                        "DisplayValue": "Double",
                        "BlockReference": "CLS-0#01-LOVDoubleItems#001"
                    },
                    {
                        "StringValue": "Date",
                        "DisplayValue": "Date",
                        "BlockReference": "CLS-0#01-LOVDateItems#001"
                    },
                    {
                        "StringValue": "Reference",
                        "DisplayValue": "Reference",
                        "BlockReference": "CLS-0#01-LOVReferenceItems#001"
                    },
                    {
                        "StringValue": "String",
                        "DisplayValue": "String",
                        "BlockReference": "CLS-0#01-LOVStringItems#001"
                    },
                    {
                        "StringValue": "Boolean",
                        "DisplayValue": "Boolean",
                        "BlockReference": "CLS-0#01-LOVBooleanItems#001"
                    }
                ]
            },
            "ShortName": "LOVItems"
        }
    },
    "Blocks": {
        "CLS-0#01-UserData#001": {
            "IRDI": "CLS-0#01-UserData#001",
            "Namespace": "CLS-0",
            "ID": "UserData",
            "Revision": "001",
            "Status": "Released",
            "ClassType": "Block",
            "IsAbstract": true,
            "Name": "User Data",
            "ClassAttributes": {
                "CLS-0#02-Name#001": {
                    "AttributeIndex": 1,
                    "DBIndex": 1,
                    "Type": "Property",
                    "Reference": "CLS-0#02-Name#001",
                    "Cardinality": 0,
                    "Annotation": "Name",
                    "Name": "Name",
                    "DataType": {
                        "Type": "String"
                    }
                },
                "CLS-0#02-Value#001": {
                    "AttributeIndex": 2,
                    "DBIndex": 2,
                    "Type": "Property",
                    "Reference": "CLS-0#02-Value#001",
                    "Cardinality": 0,
                    "Annotation": "Value",
                    "Name": "Value",
                    "DataType": {
                        "Type": "String"
                    }
                }
            }
        },
        "CLS-0#01-LOVIntegerItems#001": {
            "IRDI": "CLS-0#01-LOVIntegerItems#001",
            "Namespace": "CLS-0",
            "ID": "LOVIntegerItems",
            "Revision": "001",
            "Status": "Released",
            "ClassType": "Block",
            "IsAbstract": true,
            "Name": "Integer Items",
            "ClassAttributes": {
                "CLS-0#02-IntegerItem#001": {
                    "AttributeIndex": 1,
                    "DBIndex": 0,
                    "Type": "Property",
                    "Reference": "CLS-0#02-IntegerItem#001",
                    "Cardinality": -1,
                    "Annotation": "",
                    "Name": "IntegerItem",
                    "DataType": {
                        "Type": "Reference",
                        "BlockReference": "CLS-0#01-IntegerItem#001"
                    }
                }
            }
        },
        "CLS-0#01-LOVDoubleItems#001": {
            "IRDI": "CLS-0#01-LOVDoubleItems#001",
            "Namespace": "CLS-0",
            "ID": "LOVDoubleItems",
            "Revision": "001",
            "Status": "Released",
            "ClassType": "Block",
            "IsAbstract": true,
            "Name": "Double Items",
            "ClassAttributes": {
                "CLS-0#02-DoubleItem#001": {
                    "AttributeIndex": 1,
                    "DBIndex": 0,
                    "Type": "Property",
                    "Reference": "CLS-0#02-DoubleItem#001",
                    "Cardinality": -1,
                    "Annotation": "",
                    "Name": "DoubleItem",
                    "DataType": {
                        "Type": "Reference",
                        "BlockReference": "CLS-0#01-DoubleItem#001"
                    }
                }
            }
        },
        "CLS-0#01-LOVDateItems#001": {
            "IRDI": "CLS-0#01-LOVDateItems#001",
            "Namespace": "CLS-0",
            "ID": "LOVDateItems",
            "Revision": "001",
            "Status": "Released",
            "ClassType": "Block",
            "IsAbstract": true,
            "Name": "Date Items",
            "ClassAttributes": {
                "CLS-0#02-DateItem#001": {
                    "AttributeIndex": 1,
                    "DBIndex": 0,
                    "Type": "Property",
                    "Reference": "CLS-0#02-DateItem#001",
                    "Cardinality": -1,
                    "Annotation": "",
                    "Name": "DateItem",
                    "DataType": {
                        "Type": "Reference",
                        "BlockReference": "CLS-0#01-DateItem#001"
                    }
                }
            }
        },
        "CLS-0#01-LOVReferenceItems#001": {
            "IRDI": "CLS-0#01-LOVReferenceItems#001",
            "Namespace": "CLS-0",
            "ID": "LOVReferenceItems",
            "Revision": "001",
            "Status": "Released",
            "ClassType": "Block",
            "IsAbstract": true,
            "Name": "Reference Items",
            "ClassAttributes": {
                "CLS-0#02-ReferenceItem#001": {
                    "AttributeIndex": 1,
                    "DBIndex": 0,
                    "Type": "Property",
                    "Reference": "CLS-0#02-ReferenceItem#001",
                    "Cardinality": -1,
                    "Annotation": "",
                    "Name": "ReferenceItem",
                    "DataType": {
                        "Type": "Reference",
                        "BlockReference": "CLS-0#01-ReferenceItem#001"
                    }
                }
            }
        },
        "CLS-0#01-LOVStringItems#001": {
            "IRDI": "CLS-0#01-LOVStringItems#001",
            "Namespace": "CLS-0",
            "ID": "LOVStringItems",
            "Revision": "001",
            "Status": "Released",
            "ClassType": "Block",
            "IsAbstract": true,
            "Name": "String Items",
            "ClassAttributes": {
                "CLS-0#02-StringItem#001": {
                    "AttributeIndex": 1,
                    "DBIndex": 0,
                    "Type": "Property",
                    "Reference": "CLS-0#02-StringItem#001",
                    "Cardinality": -1,
                    "Annotation": "",
                    "Name": "StringItem",
                    "DataType": {
                        "Type": "Reference",
                        "BlockReference": "CLS-0#01-StringItem#001"
                    }
                }
            }
        },
        "CLS-0#01-LOVBooleanItems#001": {
            "IRDI": "CLS-0#01-LOVBooleanItems#001",
            "Namespace": "CLS-0",
            "ID": "LOVBooleanItems",
            "Revision": "001",
            "Status": "Released",
            "ClassType": "Block",
            "IsAbstract": true,
            "Name": "Boolean Items",
            "ClassAttributes": {
                "CLS-0#02-BooleanItem#001": {
                    "AttributeIndex": 1,
                    "DBIndex": 0,
                    "Type": "Property",
                    "Reference": "CLS-0#02-BooleanItem#001",
                    "Cardinality": 2,
                    "Annotation": "",
                    "Name": "BooleanItem",
                    "DataType": {
                        "Type": "Reference",
                        "BlockReference": "CLS-0#01-BooleanItem#001"
                    }
                }
            }
        },
        "CLS-0#01-BooleanItem#001": {
            "IRDI": "CLS-0#01-BooleanItem#001",
            "Namespace": "CLS-0",
            "ID": "BooleanItem",
            "Revision": "001",
            "Status": "Released",
            "ClassType": "Block",
            "IsAbstract": true,
            "Name": "LOV Boolean Item",
            "ClassAttributes": {
                "CLS-0#02-Value#001": {
                    "AttributeIndex": 1,
                    "DBIndex": 1,
                    "Type": "Property",
                    "Reference": "CLS-0#02-Value#001",
                    "Cardinality": 0,
                    "Annotation": "Value",
                    "Name": "Value",
                    "DataType": {
                        "Type": "String"
                    }
                },
                "CLS-0#02-DisplayValue#001": {
                    "AttributeIndex": 2,
                    "DBIndex": 2,
                    "Type": "Property",
                    "Reference": "CLS-0#02-DisplayValue#001",
                    "Cardinality": 0,
                    "Annotation": "DisplayValue",
                    "Name": "Display Value",
                    "DataType": {
                        "Type": "String"
                    }
                },
                "CLS-0#02-IsDeprecated#001": {
                    "AttributeIndex": 3,
                    "DBIndex": 1,
                    "Type": "Property",
                    "Reference": "CLS-0#02-IsDeprecated#001",
                    "Cardinality": 0,
                    "Annotation": "IsDeprecated",
                    "Name": "Is Deprecated",
                    "DataType": {
                        "Type": "Boolean"
                    }
                }
            }
        },
        "CLS-0#01-DateItem#001": {
            "IRDI": "CLS-0#01-DateItem#001",
            "Namespace": "CLS-0",
            "ID": "DateItem",
            "Revision": "001",
            "Status": "Released",
            "ClassType": "Block",
            "IsAbstract": true,
            "Name": "Date Item",
            "ClassAttributes": {
                "CLS-0#02-DateValue#001": {
                    "AttributeIndex": 1,
                    "DBIndex": 1,
                    "Type": "Property",
                    "Reference": "CLS-0#02-DateValue#001",
                    "Cardinality": 0,
                    "Annotation": "DateValue",
                    "Name": "Date Value",
                    "DataType": {
                        "Type": "Date"
                    }
                },
                "CLS-0#02-ValueMeaning#001": {
                    "AttributeIndex": 2,
                    "DBIndex": 1,
                    "Type": "Property",
                    "Reference": "CLS-0#02-ValueMeaning#001",
                    "Cardinality": 0,
                    "Annotation": "ValueMeaning",
                    "Name": "Value Meaning",
                    "DataType": {
                        "Type": "String"
                    }
                },
                "CLS-0#02-DependencyKey#001": {
                    "AttributeIndex": 3,
                    "DBIndex": 2,
                    "Type": "Property",
                    "Reference": "CLS-0#02-DependencyKey#001",
                    "Cardinality": 0,
                    "Annotation": "DependencyKey",
                    "Name": "Dependency Key",
                    "DataType": {
                        "Type": "String"
                    }
                },
                "CLS-0#02-IsDeprecated#001": {
                    "AttributeIndex": 4,
                    "DBIndex": 1,
                    "Type": "Property",
                    "Reference": "CLS-0#02-IsDeprecated#001",
                    "Cardinality": 0,
                    "Annotation": "IsDeprecated",
                    "Name": "Is Deprecated",
                    "DataType": {
                        "Type": "Boolean"
                    }
                },
                "CLS-0#02-IsSubMenu#001": {
                    "AttributeIndex": 5,
                    "DBIndex": 2,
                    "Type": "Property",
                    "Reference": "CLS-0#02-IsSubMenu#001",
                    "Cardinality": 0,
                    "Annotation": "IsSubMenu",
                    "Name": "Is Sub Menu",
                    "DataType": {
                        "Type": "Boolean"
                    }
                },
                "CLS-0#02-SubMenuTitle#001": {
                    "AttributeIndex": 6,
                    "DBIndex": 3,
                    "Type": "Property",
                    "Reference": "CLS-0#02-SubMenuTitle#001",
                    "Cardinality": 0,
                    "Annotation": "SubMenuTitle",
                    "Name": "Sub Menu Title",
                    "DataType": {
                        "Type": "String"
                    }
                }
            }
        },
        "CLS-0#01-DoubleItem#001": {
            "IRDI": "CLS-0#01-DoubleItem#001",
            "Namespace": "CLS-0",
            "ID": "DoubleItem",
            "Revision": "001",
            "Status": "Released",
            "ClassType": "Block",
            "IsAbstract": true,
            "Name": "Double Item",
            "ClassAttributes": {
                "CLS-0#02-DoubleValue#001": {
                    "AttributeIndex": 1,
                    "DBIndex": 1,
                    "Type": "Property",
                    "Reference": "CLS-0#02-DoubleValue#001",
                    "Cardinality": 0,
                    "Annotation": "DoubleValue",
                    "Name": "Double Value",
                    "DataType": {
                        "Type": "Double"
                    }
                },
                "CLS-0#02-ValueMeaning#001": {
                    "AttributeIndex": 2,
                    "DBIndex": 1,
                    "Type": "Property",
                    "Reference": "CLS-0#02-ValueMeaning#001",
                    "Cardinality": 0,
                    "Annotation": "ValueMeaning",
                    "Name": "Value Meaning",
                    "DataType": {
                        "Type": "String"
                    }
                },
                "CLS-0#02-DependencyKey#001": {
                    "AttributeIndex": 3,
                    "DBIndex": 2,
                    "Type": "Property",
                    "Reference": "CLS-0#02-DependencyKey#001",
                    "Cardinality": 0,
                    "Annotation": "DependencyKey",
                    "Name": "Dependency Key",
                    "DataType": {
                        "Type": "String"
                    }
                },
                "CLS-0#02-IsDeprecated#001": {
                    "AttributeIndex": 4,
                    "DBIndex": 1,
                    "Type": "Property",
                    "Reference": "CLS-0#02-IsDeprecated#001",
                    "Cardinality": 0,
                    "Annotation": "IsDeprecated",
                    "Name": "Is Deprecated",
                    "DataType": {
                        "Type": "Boolean"
                    }
                },
                "CLS-0#02-IsSubMenu#001": {
                    "AttributeIndex": 5,
                    "DBIndex": 2,
                    "Type": "Property",
                    "Reference": "CLS-0#02-IsSubMenu#001",
                    "Cardinality": 0,
                    "Annotation": "IsSubMenu",
                    "Name": "Is Sub Menu",
                    "DataType": {
                        "Type": "Boolean"
                    }
                },
                "CLS-0#02-SubMenuTitle#001": {
                    "AttributeIndex": 6,
                    "DBIndex": 3,
                    "Type": "Property",
                    "Reference": "CLS-0#02-SubMenuTitle#001",
                    "Cardinality": 0,
                    "Annotation": "SubMenuTitle",
                    "Name": "Sub Menu Title",
                    "DataType": {
                        "Type": "String"
                    }
                }
            }
        },
        "CLS-0#01-IntegerItem#001": {
            "IRDI": "CLS-0#01-IntegerItem#001",
            "Namespace": "CLS-0",
            "ID": "IntegerItem",
            "Revision": "001",
            "Status": "Released",
            "ClassType": "Block",
            "IsAbstract": true,
            "Name": "Integer Item",
            "ClassAttributes": {
                "CLS-0#02-IntegerValue#001": {
                    "AttributeIndex": 1,
                    "DBIndex": 1,
                    "Type": "Property",
                    "Reference": "CLS-0#02-IntegerValue#001",
                    "Cardinality": 0,
                    "Annotation": "IntegerValue",
                    "Name": "Integer Value",
                    "DataType": {
                        "Type": "Integer"
                    }
                },
                "CLS-0#02-ValueMeaning#001": {
                    "AttributeIndex": 2,
                    "DBIndex": 1,
                    "Type": "Property",
                    "Reference": "CLS-0#02-ValueMeaning#001",
                    "Cardinality": 0,
                    "Annotation": "ValueMeaning",
                    "Name": "Value Meaning",
                    "DataType": {
                        "Type": "String"
                    }
                },
                "CLS-0#02-DependencyKey#001": {
                    "AttributeIndex": 3,
                    "DBIndex": 2,
                    "Type": "Property",
                    "Reference": "CLS-0#02-DependencyKey#001",
                    "Cardinality": 0,
                    "Annotation": "DependencyKey",
                    "Name": "Dependency Key",
                    "DataType": {
                        "Type": "String"
                    }
                },
                "CLS-0#02-IsDeprecated#001": {
                    "AttributeIndex": 4,
                    "DBIndex": 1,
                    "Type": "Property",
                    "Reference": "CLS-0#02-IsDeprecated#001",
                    "Cardinality": 0,
                    "Annotation": "IsDeprecated",
                    "Name": "Is Deprecated",
                    "DataType": {
                        "Type": "Boolean"
                    }
                },
                "CLS-0#02-IsSubMenu#001": {
                    "AttributeIndex": 5,
                    "DBIndex": 2,
                    "Type": "Property",
                    "Reference": "CLS-0#02-IsSubMenu#001",
                    "Cardinality": 0,
                    "Annotation": "IsSubMenu",
                    "Name": "Is Sub Menu",
                    "DataType": {
                        "Type": "Boolean"
                    }
                },
                "CLS-0#02-SubMenuTitle#001": {
                    "AttributeIndex": 6,
                    "DBIndex": 3,
                    "Type": "Property",
                    "Reference": "CLS-0#02-SubMenuTitle#001",
                    "Cardinality": 0,
                    "Annotation": "SubMenuTitle",
                    "Name": "Sub Menu Title",
                    "DataType": {
                        "Type": "String"
                    }
                }
            }
        },
        "CLS-0#01-ReferenceItem#001": {
            "IRDI": "CLS-0#01-ReferenceItem#001",
            "Namespace": "CLS-0",
            "ID": "ReferenceItem",
            "Revision": "001",
            "Status": "Released",
            "ClassType": "Block",
            "IsAbstract": true,
            "Name": "Reference Item",
            "ClassAttributes": {
                "CLS-0#02-StringValue#001": {
                    "AttributeIndex": 1,
                    "DBIndex": 1,
                    "Type": "Property",
                    "Reference": "CLS-0#02-StringValue#001",
                    "Cardinality": 0,
                    "Annotation": "StringValue",
                    "Name": "String Value",
                    "DataType": {
                        "Type": "String"
                    }
                },
                "CLS-0#02-DisplayValue#001": {
                    "AttributeIndex": 2,
                    "DBIndex": 2,
                    "Type": "Property",
                    "Reference": "CLS-0#02-DisplayValue#001",
                    "Cardinality": 0,
                    "Annotation": "DisplayValue",
                    "Name": "Display Value",
                    "DataType": {
                        "Type": "String"
                    }
                },
                "CLS-0#02-ValueMeaning#001": {
                    "AttributeIndex": 3,
                    "DBIndex": 3,
                    "Type": "Property",
                    "Reference": "CLS-0#02-ValueMeaning#001",
                    "Cardinality": 0,
                    "Annotation": "ValueMeaning",
                    "Name": "Value Meaning",
                    "DataType": {
                        "Type": "String"
                    }
                },
                "CLS-0#02-BlockReference#001": {
                    "AttributeIndex": 4,
                    "DBIndex": 4,
                    "Type": "Property",
                    "Reference": "CLS-0#02-BlockReference#001",
                    "Cardinality": 0,
                    "Annotation": "BlockReference",
                    "Name": "Block Reference",
                    "DataType": {
                        "Type": "String"
                    }
                }
            }
        },
        "CLS-0#01-StringItem#001": {
            "IRDI": "CLS-0#01-StringItem#001",
            "Namespace": "CLS-0",
            "ID": "StringItem",
            "Revision": "001",
            "Status": "Released",
            "ClassType": "Block",
            "IsAbstract": true,
            "Name": "String Item",
            "ClassAttributes": {
                "CLS-0#02-StringValue#001": {
                    "AttributeIndex": 1,
                    "DBIndex": 1,
                    "Type": "Property",
                    "Reference": "CLS-0#02-StringValue#001",
                    "Cardinality": 0,
                    "Annotation": "StringValue",
                    "Name": "String Value",
                    "DataType": {
                        "Type": "String"
                    }
                },
                "CLS-0#02-DisplayValue#001": {
                    "AttributeIndex": 2,
                    "DBIndex": 2,
                    "Type": "Property",
                    "Reference": "CLS-0#02-DisplayValue#001",
                    "Cardinality": 0,
                    "Annotation": "DisplayValue",
                    "Name": "Display Value",
                    "DataType": {
                        "Type": "String"
                    }
                },
                "CLS-0#02-ValueMeaning#001": {
                    "AttributeIndex": 3,
                    "DBIndex": 3,
                    "Type": "Property",
                    "Reference": "CLS-0#02-ValueMeaning#001",
                    "Cardinality": 0,
                    "Annotation": "ValueMeaning",
                    "Name": "Value Meaning",
                    "DataType": {
                        "Type": "String"
                    }
                },
                "CLS-0#02-DependencyKey#001": {
                    "AttributeIndex": 4,
                    "DBIndex": 4,
                    "Type": "Property",
                    "Reference": "CLS-0#02-DependencyKey#001",
                    "Cardinality": 0,
                    "Annotation": "DependencyKey",
                    "Name": "Dependency Key",
                    "DataType": {
                        "Type": "String"
                    }
                },
                "CLS-0#02-IsDeprecated#001": {
                    "AttributeIndex": 5,
                    "DBIndex": 1,
                    "Type": "Property",
                    "Reference": "CLS-0#02-IsDeprecated#001",
                    "Cardinality": 0,
                    "Annotation": "IsDeprecated",
                    "Name": "Is Deprecated",
                    "DataType": {
                        "Type": "Boolean"
                    }
                },
                "CLS-0#02-IsSubMenu#001": {
                    "AttributeIndex": 6,
                    "DBIndex": 2,
                    "Type": "Property",
                    "Reference": "CLS-0#02-IsSubMenu#001",
                    "Cardinality": 0,
                    "Annotation": "IsSubMenu",
                    "Name": "Is Sub Menu",
                    "DataType": {
                        "Type": "Boolean"
                    }
                },
                "CLS-0#02-SubMenuTitle#001": {
                    "AttributeIndex": 7,
                    "DBIndex": 5,
                    "Type": "Property",
                    "Reference": "CLS-0#02-SubMenuTitle#001",
                    "Cardinality": 0,
                    "Annotation": "SubMenuTitle",
                    "Name": "Sub Menu Title",
                    "DataType": {
                        "Type": "String"
                    }
                }
            }
        }
    }
}