{
    "SchemaVersion": "1.0.0",
    "BaseClasses": {
        "CLS-0#01-NodeDefinition#001": {
            "IRDI": "CLS-0#01-NodeDefinition#001",
            "Namespace": "CLS-0",
            "ID": "NodeDefinition",
            "Revision": "001",
            "Status": "Released",
            "ClassType": "Application Class",
            "IsAbstract": true,
            "Name": "Descriptor for Node Definition",
            "ClassAttributes": {
                "CLS-0#02-NodeId#001": {
                    "AttributeIndex": 1,
                    "DBIndex": 1,
                    "Type": "Property",
                    "Reference": "CLS-0#02-NodeId#001",
                    "Cardinality": 0,
                    "Annotation": "NodeId",
                    "Name": "Node ID",
                    "DataType": {
                        "Type": "String"
                    }
                },
                "CLS-0#02-Namespace#001": {
                    "AttributeIndex": 2,
                    "DBIndex": 2,
                    "Type": "Property",
                    "Reference": "CLS-0#02-Namespace#001",
                    "Cardinality": 0,
                    "Annotation": "Namespace",
                    "Name": "Namespace",
                    "DataType": {
                        "Type": "String"
                    }
                },
                "CLS-0#02-ID#001": {
                    "AttributeIndex": 3,
                    "DBIndex": 3,
                    "Type": "Property",
                    "Reference": "CLS-0#02-ID#001",
                    "Cardinality": 0,
                    "Annotation": "ID",
                    "Name": "ID",
                    "DataType": {
                        "Type": "String"
                    }
                },
                "CLS-0#02-Revision#001": {
                    "AttributeIndex": 4,
                    "DBIndex": 4,
                    "Type": "Property",
                    "Reference": "CLS-0#02-Revision#001",
                    "Cardinality": 0,
                    "Annotation": "Revision",
                    "Name": "Revision",
                    "DataType": {
                        "Type": "String"
                    }
                },
                "CLS-0#02-Name#001": {
                    "AttributeIndex": 5,
                    "DBIndex": 5,
                    "Type": "Property",
                    "Reference": "CLS-0#02-Name#001",
                    "Cardinality": 0,
                    "Annotation": "Name",
                    "Name": "Name",
                    "DataType": {
                        "Type": "String"
                    }
                },
                "CLS-0#02-ShortName#001": {
                    "AttributeIndex": 6,
                    "DBIndex": 6,
                    "Type": "Property",
                    "Reference": "CLS-0#02-ShortName#001",
                    "Cardinality": 0,
                    "Annotation": "ShortName",
                    "Name": "Short Name",
                    "DataType": {
                        "Type": "String"
                    }
                },
                "CLS-0#02-Note#001": {
                    "AttributeIndex": 7,
                    "DBIndex": 7,
                    "Type": "Property",
                    "Reference": "CLS-0#02-Note#001",
                    "Cardinality": 0,
                    "Annotation": "Note",
                    "Name": "Note",
                    "DataType": {
                        "Type": "String"
                    }
                },
                "CLS-0#02-Definition#001": {
                    "AttributeIndex": 8,
                    "DBIndex": 8,
                    "Type": "Property",
                    "Reference": "CLS-0#02-Definition#001",
                    "Cardinality": 0,
                    "Annotation": "Definition",
                    "Name": "Definition",
                    "DataType": {
                        "Type": "String"
                    }
                },
                "CLS-0#02-Remark#001": {
                    "AttributeIndex": 9,
                    "DBIndex": 9,
                    "Type": "Property",
                    "Reference": "CLS-0#02-Remark#001",
                    "Cardinality": 0,
                    "Annotation": "Remark",
                    "Name": "Remark",
                    "DataType": {
                        "Type": "String"
                    }
                },
                "CLS-0#02-HierarchicalPosition#001": {
                    "AttributeIndex": 10,
                    "DBIndex": 10,
                    "Type": "Property",
                    "Reference": "CLS-0#02-HierarchicalPosition#001",
                    "Cardinality": 0,
                    "Annotation": "HierarchicalPosition",
                    "Name": "Hierarchical Position",
                    "DataType": {
                        "Type": "String"
                    }
                },
                "CLS-0#02-Parent#001": {
                    "AttributeIndex": 11,
                    "DBIndex": 0,
                    "Type": "Property",
                    "Reference": "CLS-0#02-Parent#001",
                    "Cardinality": 0,
                    "Annotation": "Parent",
                    "Name": "Parent",
                    "DataType": {
                        "Type": "Reference",
                        "BlockReference": "CLS-0#01-Parent#001"
                    }
                },
                "CLS-0#02-ApplicationClass#001": {
                    "AttributeIndex": 12,
                    "DBIndex": 0,
                    "Type": "Property",
                    "Reference": "CLS-0#02-ApplicationClass#001",
                    "Cardinality": 0,
                    "Annotation": "ApplicationClass",
                    "Name": "Application Class",
                    "DataType": {
                        "Type": "Reference",
                        "BlockReference": "CLS-0#01-AppClass#001"
                    }
                }
            }
        }
    },
    "Blocks": {
        "CLS-0#01-Parent#001": {
            "IRDI": "CLS-0#01-Parent#001",
            "Namespace": "CLS-0",
            "ID": "Parent",
            "Revision": "001",
            "Status": "Released",
            "ClassType": "Block",
            "IsAbstract": true,
            "Name": "Parent",
            "ClassAttributes": {
                "CLS-0#02-NodeId#001": {
                    "AttributeIndex": 1,
                    "DBIndex": 1,
                    "Type": "Property",
                    "Reference": "CLS-0#02-NodeId#001",
                    "Cardinality": 0,
                    "Annotation": "NodeId",
                    "Name": "Node ID",
                    "DataType": {
                        "Type": "String"
                    }
                },
                "CLS-0#02-Namespace#001": {
                    "AttributeIndex": 2,
                    "DBIndex": 2,
                    "Type": "Property",
                    "Reference": "CLS-0#02-Namespace#001",
                    "Cardinality": 0,
                    "Annotation": "Namespace",
                    "Name": "Namespace",
                    "DataType": {
                        "Type": "String"
                    }
                },
                "CLS-0#02-ID#001": {
                    "AttributeIndex": 3,
                    "DBIndex": 3,
                    "Type": "Property",
                    "Reference": "CLS-0#02-ID#001",
                    "Cardinality": 0,
                    "Annotation": "ID",
                    "Name": "ID",
                    "DataType": {
                        "Type": "String"
                    }
                },
                "CLS-0#02-Revision#001": {
                    "AttributeIndex": 4,
                    "DBIndex": 4,
                    "Type": "Property",
                    "Reference": "CLS-0#02-Revision#001",
                    "Cardinality": 0,
                    "Annotation": "Revision",
                    "Name": "Revision",
                    "DataType": {
                        "Type": "String"
                    }
                }
            }
        },
        "CLS-0#01-AppClass#001": {
            "IRDI": "CLS-0#01-AppClass#001",
            "Namespace": "CLS-0",
            "ID": "AppClass",
            "Revision": "001",
            "Status": "Released",
            "ClassType": "Block",
            "IsAbstract": true,
            "Name": "Application Class",
            "ClassAttributes": {
                "CLS-0#02-Namespace#001": {
                    "AttributeIndex": 1,
                    "DBIndex": 1,
                    "Type": "Property",
                    "Reference": "CLS-0#02-Namespace#001",
                    "Cardinality": 0,
                    "Annotation": "Namespace",
                    "Name": "Namespace",
                    "DataType": {
                        "Type": "String"
                    }
                },
                "CLS-0#02-ID#001": {
                    "AttributeIndex": 2,
                    "DBIndex": 2,
                    "Type": "Property",
                    "Reference": "CLS-0#02-ID#001",
                    "Cardinality": 0,
                    "Annotation": "ID",
                    "Name": "ID",
                    "DataType": {
                        "Type": "String"
                    }
                }
            }
        }
    }
}