{
    "SchemaVersion": "1.0.0",
    "BaseClasses": {
        "CLS-0#01-PropertyDefinition#001": {
            "IRDI": "CLS-0#01-PropertyDefinition#001",
            "Namespace": "CLS-0",
            "ID": "PropertyDefinition",
            "Revision": "001",
            "Status": "Released",
            "ClassType": "Application Class",
            "IsAbstract": true,
            "Name": "Descriptor for Property Definition",
            "ClassAttributes": {
                "CLS-0#02-IRDI#001": {
                    "AttributeIndex": 1,
                    "DBIndex": 1,
                    "Type": "Property",
                    "Reference": "CLS-0#02-IRDI#001",
                    "Cardinality": 0,
                    "Annotation": "IRDI",
                    "Name": "IRDI",
                    "DataType": {
                        "Type": "String"
                    }
                },
                "CLS-0#02-ObjectType#001": {
                    "AttributeIndex": 2,
                    "DBIndex": 2,
                    "Type": "Property",
                    "Reference": "CLS-0#02-ObjectType#001",
                    "Cardinality": 0,
                    "Annotation": "ObjectType",
                    "Name": "Object Type",
                    "DataType": {
                        "Type": "String"
                    }
                },
                "CLS-0#02-Namespace#001": {
                    "AttributeIndex": 3,
                    "DBIndex": 3,
                    "Type": "Property",
                    "Reference": "CLS-0#02-Namespace#001",
                    "Cardinality": 0,
                    "Annotation": "Namespace",
                    "Name": "Namespace",
                    "DataType": {
                        "Type": "String"
                    }
                },
                "CLS-0#02-ID#001": {
                    "AttributeIndex": 4,
                    "DBIndex": 4,
                    "Type": "Property",
                    "Reference": "CLS-0#02-ID#001",
                    "Cardinality": 0,
                    "Annotation": "ID",
                    "Name": "ID",
                    "DataType": {
                        "Type": "String"
                    }
                },
                "CLS-0#02-Revision#001": {
                    "AttributeIndex": 5,
                    "DBIndex": 5,
                    "Type": "Property",
                    "Reference": "CLS-0#02-Revision#001",
                    "Cardinality": 0,
                    "Annotation": "Revision",
                    "Name": "Revision",
                    "DataType": {
                        "Type": "String"
                    }
                },
                "CLS-0#02-MinorRevision#001": {
                    "AttributeIndex": 6,
                    "DBIndex": 6,
                    "Type": "Property",
                    "Reference": "CLS-0#02-MinorRevision#001",
                    "Cardinality": 0,
                    "Annotation": "MinorRevision",
                    "Name": "Minor Revision",
                    "DataType": {
                        "Type": "String"
                    }
                },
                "CLS-0#02-Status#001": {
                    "AttributeIndex": 7,
                    "DBIndex": 7,
                    "Type": "Property",
                    "Reference": "CLS-0#02-Status#001",
                    "Cardinality": 0,
                    "Annotation": "Status",
                    "Name": "Status",
                    "DataType": {
                        "Type": "String"
                    }
                },
                "CLS-0#02-IsDeprecated#001": {
                    "AttributeIndex": 8,
                    "DBIndex": 1,
                    "Type": "Property",
                    "Reference": "CLS-0#02-IsDeprecated#001",
                    "Cardinality": 0,
                    "Annotation": "IsDeprecated",
                    "Name": "Is Deprecated",
                    "DataType": {
                        "Type": "Boolean"
                    }
                },
                "CLS-0#02-Name#001": {
                    "AttributeIndex": 9,
                    "DBIndex": 8,
                    "Type": "Property",
                    "Reference": "CLS-0#02-Name#001",
                    "Cardinality": 0,
                    "Annotation": "Name",
                    "Name": "Name",
                    "DataType": {
                        "Type": "String"
                    }
                },
                "CLS-0#02-ShortName#001": {
                    "AttributeIndex": 10,
                    "DBIndex": 9,
                    "Type": "Property",
                    "Reference": "CLS-0#02-ShortName#001",
                    "Cardinality": 0,
                    "Annotation": "ShortName",
                    "Name": "Short Name",
                    "DataType": {
                        "Type": "String"
                    }
                },
                "CLS-0#02-Note#001": {
                    "AttributeIndex": 11,
                    "DBIndex": 10,
                    "Type": "Property",
                    "Reference": "CLS-0#02-Note#001",
                    "Cardinality": 0,
                    "Annotation": "Note",
                    "Name": "Note",
                    "DataType": {
                        "Type": "String"
                    }
                },
                "CLS-0#02-Definition#001": {
                    "AttributeIndex": 12,
                    "DBIndex": 11,
                    "Type": "Property",
                    "Reference": "CLS-0#02-Definition#001",
                    "Cardinality": 0,
                    "Annotation": "Definition",
                    "Name": "Definition",
                    "DataType": {
                        "Type": "String"
                    }
                },
                "CLS-0#02-SourceStandard#001": {
                    "AttributeIndex": 13,
                    "DBIndex": 12,
                    "Type": "Property",
                    "Reference": "CLS-0#02-SourceStandard#001",
                    "Cardinality": 0,
                    "Annotation": "SourceStandard",
                    "Name": "Source Standard",
                    "DataType": {
                        "Type": "String"
                    }
                },
                "CLS-0#02-Remark#001": {
                    "AttributeIndex": 14,
                    "DBIndex": 13,
                    "Type": "Property",
                    "Reference": "CLS-0#02-Remark#001",
                    "Cardinality": 0,
                    "Annotation": "Remark",
                    "Name": "Remark",
                    "DataType": {
                        "Type": "String"
                    }
                },
                "CLS-0#02-SMLObjectId#001": {
                    "AttributeIndex": 15,
                    "DBIndex": 14,
                    "Type": "Property",
                    "Reference": "CLS-0#02-SMLObjectId#001",
                    "Cardinality": 0,
                    "Annotation": "SMLObjectId",
                    "Name": "Original SML Object Id",
                    "DataType": {
                        "Type": "String"
                    }
                },
                "CLS-0#02-SMLSyncDate#001": {
                    "AttributeIndex": 16,
                    "DBIndex": 1,
                    "Type": "Property",
                    "Reference": "CLS-0#02-SMLSyncDate#001",
                    "Cardinality": 0,
                    "Annotation": "SMLSyncDate",
                    "Name": "Last Sync Date",
                    "DataType": {
                        "Type": "Date"
                    }
                },
                "CLS-0#02-DataType#001": {
                    "AttributeIndex": 17,
                    "DBIndex": 0,
                    "Type": "Property",
                    "Reference": "CLS-0#02-DataType#001",
                    "Cardinality": 0,
                    "Annotation": "DataType",
                    "Name": "Data Type",
                    "DataType": {
                        "Type": "Reference",
                        "BlockReference": "CLS-0#09-DataType#001"
                    }
                },
                "CLS-0#02-DepConfigLevel#001": {
                    "AttributeIndex": 18,
                    "DBIndex": 15,
                    "Type": "Property",
                    "Reference": "CLS-0#02-DepConfigLevel#001",
                    "Cardinality": 0,
                    "Annotation": "",
                    "Name": "Dependency Configuration Level",
                    "DataType": {
                        "Type": "String"
                    }
                },
                "CLS-0#02-UserData#001": {
                    "AttributeIndex": 19,
                    "DBIndex": 0,
                    "Type": "Property",
                    "Reference": "CLS-0#02-UserData#001",
                    "Cardinality": -1,
                    "Annotation": "UserData",
                    "Name": "User Data",
                    "DataType": {
                        "Type": "Reference",
                        "BlockReference": "CLS-0#01-UserData#001"
                    }
                }
            }
        }
    },
    "KeyLOVDefinitions": {
        "CLS-0#09-DataType#001": {
            "ObjectType": "09",
            "IRDI": "CLS-0#09-DataType#001",
            "Namespace": "CLS-0",
            "ID": "DataType",
            "Revision": "001",
            "Status": "Released",
            "Name": "Data Type",
            "LOVItems": {
                "DataType": "Reference",
                "LOVReferenceItems": [
                    {
                        "StringValue": "Integer",
                        "DisplayValue": "Integer",
                        "BlockReference": "CLS-0#01-Integer#001"
                    },
                    {
                        "StringValue": "Double",
                        "DisplayValue": "Double",
                        "BlockReference": "CLS-0#01-Double#001"
                    },
                    {
                        "StringValue": "Date",
                        "DisplayValue": "Date"
                    },
                    {
                        "StringValue": "Reference",
                        "DisplayValue": "Reference",
                        "BlockReference": "CLS-0#01-Reference#001"
                    },
                    {
                        "StringValue": "String",
                        "DisplayValue": "String",
                        "BlockReference": "CLS-0#01-String#001"
                    },
                    {
                        "StringValue": "Boolean",
                        "DisplayValue": "Boolean",
                        "BlockReference": "CLS-0#01-Boolean#001"
                    },
                    {
                        "StringValue": "Position",
                        "DisplayValue": "Position"
                    },
                    {
                        "StringValue": "Axis",
                        "DisplayValue": "Axis"
                    },
                    {
                        "StringValue": "ValueRange",
                        "DisplayValue": "ValueRange"
                    },
                    {
                        "StringValue": "ValueWithTolerance",
                        "DisplayValue": "ValueWithTolerance"
                    },
                    {
                        "StringValue": "Level",
                        "DisplayValue": "Level"
                    }
                ]
            },
            "ShortName": "DataType"
        }
    },
    "Blocks": {
        "CLS-0#01-UserData#001": {
            "IRDI": "CLS-0#01-UserData#001",
            "Namespace": "CLS-0",
            "ID": "UserData",
            "Revision": "001",
            "Status": "Released",
            "ClassType": "Block",
            "IsAbstract": true,
            "Name": "User Data",
            "ClassAttributes": {
                "CLS-0#02-Name#001": {
                    "AttributeIndex": 1,
                    "DBIndex": 1,
                    "Type": "Property",
                    "Reference": "CLS-0#02-Name#001",
                    "Cardinality": 0,
                    "Annotation": "Name",
                    "Name": "Name",
                    "DataType": {
                        "Type": "String"
                    }
                },
                "CLS-0#02-Value#001": {
                    "AttributeIndex": 2,
                    "DBIndex": 2,
                    "Type": "Property",
                    "Reference": "CLS-0#02-Value#001",
                    "Cardinality": 0,
                    "Annotation": "Value",
                    "Name": "Value",
                    "DataType": {
                        "Type": "String"
                    }
                }
            }
        },
        "CLS-0#01-Integer#001": {
            "IRDI": "CLS-0#01-Integer#001",
            "Namespace": "CLS-0",
            "ID": "Integer",
            "Revision": "001",
            "Status": "Released",
            "ClassType": "Block",
            "IsAbstract": true,
            "Name": "Integer",
            "ClassAttributes": {
                "CLS-0#02-IntegerDataType#001": {
                    "AttributeIndex": 1,
                    "DBIndex": 0,
                    "Type": "Property",
                    "Reference": "CLS-0#02-IntegerDataType#001",
                    "Cardinality": 2,
                    "Annotation": "",
                    "Name": "IntegerDataType",
                    "DataType": {
                        "Type": "Reference",
                        "BlockReference": "CLS-0#01-IntegerDataType#001"
                    }
                }
            }
        },
        "CLS-0#01-Double#001": {
            "IRDI": "CLS-0#01-Double#001",
            "Namespace": "CLS-0",
            "ID": "Double",
            "Revision": "001",
            "Status": "Released",
            "ClassType": "Block",
            "IsAbstract": true,
            "Name": "Double",
            "ClassAttributes": {
                "CLS-0#02-DoubleDataType#001": {
                    "AttributeIndex": 1,
                    "DBIndex": 0,
                    "Type": "Property",
                    "Reference": "CLS-0#02-DoubleDataType#001",
                    "Cardinality": 2,
                    "Annotation": "",
                    "Name": "DoubleDataType",
                    "DataType": {
                        "Type": "Reference",
                        "BlockReference": "CLS-0#01-DoubleDataType#001"
                    }
                }
            }
        },
        "CLS-0#01-Reference#001": {
            "IRDI": "CLS-0#01-Reference#001",
            "Namespace": "CLS-0",
            "ID": "Reference",
            "Revision": "001",
            "Status": "Released",
            "ClassType": "Block",
            "IsAbstract": true,
            "Name": "Reference",
            "ClassAttributes": {
                "CLS-0#02-BlockReference#001": {
                    "AttributeIndex": 1,
                    "DBIndex": 1,
                    "Type": "Property",
                    "Reference": "CLS-0#02-BlockReference#001",
                    "Cardinality": 0,
                    "Annotation": "BlockReference",
                    "Name": "Block Reference",
                    "DataType": {
                        "Type": "String"
                    }
                },
                "CLS-0#02-CardinalityController#001": {
                    "AttributeIndex": 2,
                    "DBIndex": 2,
                    "Type": "Property",
                    "Reference": "CLS-0#02-CardinalityController#001",
                    "Cardinality": 0,
                    "Annotation": "CardinalityController",
                    "Name": "Cardinality Controller",
                    "DataType": {
                        "Type": "String"
                    }
                }
            }
        },
        "CLS-0#01-String#001": {
            "IRDI": "CLS-0#01-String#001",
            "Namespace": "CLS-0",
            "ID": "String",
            "Revision": "001",
            "Status": "Released",
            "ClassType": "Block",
            "IsAbstract": true,
            "Name": "String",
            "ClassAttributes": {
                "CLS-0#02-MaxLength#001": {
                    "AttributeIndex": 1,
                    "DBIndex": 1,
                    "Type": "Property",
                    "Reference": "CLS-0#02-MaxLength#001",
                    "Cardinality": 0,
                    "Annotation": "MaxLength",
                    "Name": "Max Length",
                    "DataType": {
                        "Type": "Integer"
                    }
                },
                "CLS-0#02-IsLocalizable#001": {
                    "AttributeIndex": 2,
                    "DBIndex": 1,
                    "Type": "Property",
                    "Reference": "CLS-0#02-IsLocalizable#001",
                    "Cardinality": 0,
                    "Annotation": "IsLocalizable",
                    "Name": "Is Localizable",
                    "DataType": {
                        "Type": "Boolean"
                    }
                },
                "CLS-0#02-Unit#001": {
                    "AttributeIndex": 3,
                    "DBIndex": 1,
                    "Type": "Property",
                    "Reference": "CLS-0#02-Unit#001",
                    "Cardinality": 0,
                    "Annotation": "Unit",
                    "Name": "Unit",
                    "DataType": {
                        "Type": "String"
                    }
                },
                "CLS-0#02-KeyLOV#001": {
                    "AttributeIndex": 4,
                    "DBIndex": 2,
                    "Type": "Property",
                    "Reference": "CLS-0#02-KeyLOV#001",
                    "Cardinality": 0,
                    "Annotation": "KeyLOV",
                    "Name": "Key LOV",
                    "DataType": {
                        "Type": "String"
                    }
                },
                "CLS-0#02-IsPolymorphismController#001": {
                    "AttributeIndex": 5,
                    "DBIndex": 2,
                    "Type": "Property",
                    "Reference": "CLS-0#02-IsPolymorphismController#001",
                    "Cardinality": 0,
                    "Annotation": "IsPolymorphismController",
                    "Name": "Is Polymorphism Controller",
                    "DataType": {
                        "Type": "Boolean"
                    }
                }
            }
        },
        "CLS-0#01-Boolean#001": {
            "IRDI": "CLS-0#01-Boolean#001",
            "Namespace": "CLS-0",
            "ID": "Boolean",
            "Revision": "001",
            "Status": "Released",
            "ClassType": "Block",
            "IsAbstract": true,
            "Name": "Boolean",
            "ClassAttributes": {
                "CLS-0#02-Unit#001": {
                    "AttributeIndex": 1,
                    "DBIndex": 1,
                    "Type": "Property",
                    "Reference": "CLS-0#02-Unit#001",
                    "Cardinality": 0,
                    "Annotation": "",
                    "Name": "Unit",
                    "DataType": {
                        "Type": "String"
                    }
                },
                "CLS-0#02-KeyLOV#001": {
                    "AttributeIndex": 2,
                    "DBIndex": 2,
                    "Type": "Property",
                    "Reference": "CLS-0#02-KeyLOV#001",
                    "Cardinality": 0,
                    "Annotation": "",
                    "Name": "Key LOV",
                    "DataType": {
                        "Type": "String"
                    }
                }
            }
        },
        "CLS-0#01-DoubleDataType#001": {
            "IRDI": "CLS-0#01-DoubleDataType#001",
            "Namespace": "CLS-0",
            "ID": "DoubleDataType",
            "Revision": "001",
            "Status": "Released",
            "ClassType": "Block",
            "IsAbstract": true,
            "Name": "Double Data Type",
            "ClassAttributes": {
                "CLS-0#02-Precision#001": {
                    "AttributeIndex": 1,
                    "DBIndex": 1,
                    "Type": "Property",
                    "Reference": "CLS-0#02-Precision#001",
                    "Cardinality": 0,
                    "Annotation": "Precision",
                    "Name": "Precision",
                    "DataType": {
                        "Type": "Integer"
                    }
                },
                "CLS-0#02-Scale#001": {
                    "AttributeIndex": 2,
                    "DBIndex": 2,
                    "Type": "Property",
                    "Reference": "CLS-0#02-Scale#001",
                    "Cardinality": 0,
                    "Annotation": "Scale",
                    "Name": "Scale",
                    "DataType": {
                        "Type": "Integer"
                    }
                },
                "CLS-0#02-Unit#001": {
                    "AttributeIndex": 3,
                    "DBIndex": 1,
                    "Type": "Property",
                    "Reference": "CLS-0#02-Unit#001",
                    "Cardinality": 0,
                    "Annotation": "Unit",
                    "Name": "Unit",
                    "DataType": {
                        "Type": "String"
                    }
                },
                "CLS-0#02-KeyLOV#001": {
                    "AttributeIndex": 4,
                    "DBIndex": 2,
                    "Type": "Property",
                    "Reference": "CLS-0#02-KeyLOV#001",
                    "Cardinality": 0,
                    "Annotation": "KeyLOV",
                    "Name": "Key LOV",
                    "DataType": {
                        "Type": "String"
                    }
                }
            }
        },
        "CLS-0#01-IntegerDataType#001": {
            "IRDI": "CLS-0#01-IntegerDataType#001",
            "Namespace": "CLS-0",
            "ID": "IntegerDataType",
            "Revision": "001",
            "Status": "Released",
            "ClassType": "Block",
            "IsAbstract": true,
            "Name": "Integer Data Type",
            "ClassAttributes": {
                "CLS-0#02-NumOfDigits#001": {
                    "AttributeIndex": 1,
                    "DBIndex": 1,
                    "Type": "Property",
                    "Reference": "CLS-0#02-NumOfDigits#001",
                    "Cardinality": 0,
                    "Annotation": "NumOfDigits",
                    "Name": "Number of Digits",
                    "DataType": {
                        "Type": "Integer"
                    }
                },
                "CLS-0#02-Unit#001": {
                    "AttributeIndex": 2,
                    "DBIndex": 1,
                    "Type": "Property",
                    "Reference": "CLS-0#02-Unit#001",
                    "Cardinality": 0,
                    "Annotation": "Unit",
                    "Name": "Unit",
                    "DataType": {
                        "Type": "String"
                    }
                },
                "CLS-0#02-KeyLOV#001": {
                    "AttributeIndex": 3,
                    "DBIndex": 2,
                    "Type": "Property",
                    "Reference": "CLS-0#02-KeyLOV#001",
                    "Cardinality": 0,
                    "Annotation": "KeyLOV",
                    "Name": "Key LOV",
                    "DataType": {
                        "Type": "String"
                    }
                }
            }
        }
    }
}