{
  "SchemaVersion": "1.0.0",
  "Classes": [
        {
            "ID": "SS_class947_01",
            "Enabled": [ "94702" ],
            "Disabled": [ "94700", "94704" ]
        },
        {
            "ID": "SS_class947_02",
            "Enabled": [ "*" ],
            "Disabled": [ "94700" ]
        },
        {
            "ID": "SS_class947_03",
            "Enabled": [ "94705", "94704" ],
            "Disabled": [ "*" ]
        },
        {
            "ID": "SS_class947_04",
            "Enabled": [ "94704" ],
            "Disabled": [ ]
        },
        {
            "ID": "SS_class947_05",
            "Enabled": [ ],
            "Disabled": [ "94703" ]
        }
    ],
  "Attributes": {
    "Enabled": [ "94701", "94703" ],
    "Disabled": [ "94705" ]
  }
}

