{
    "$schema": "http://json-schema.org/draft-04/schema#",
    "description": "Defines the schema for a classification or library element \"find\" or \"delete\" request.",
    "type": "object",
    "properties": {
        "SchemaVersion": {
            "description": "The schema version to use when processing the JSON request to find or delete classification application objects.",
            "type": "string",
            "enum": [
              "1.0.0",
              "1.1.0"
            ]
        },
        "Locale": {
            "description": "The locale in which the request is to be processed. These are the common Teamcenter languages codes. The language codes within Teamcenter follow the standard Java language naming convention (for example, en_US and fr_FR ). It is a five-letter code containing a two-letter language, an underscore, and a two-letter area code in uppercase. This follows the ISO639_ISO3166 template.",
            "type": "string",
            "minLength": 5,
            "maxLength": 5
        },
        "Context": {
            "type": "object",
            "properties": {
                "Type": {
                    "description": "The context (e.g. Library) in which the request is to be processed. To get or delete the classification object, do not specify the context.",
                    "type": "string",
                    "enum": [
                        "Library"
                    ]
                },
                "ID": {
                    "description": "The ID of the context.(For Type 'Library', ID would be Library ID)",
                    "type": "string"
                },
                "Hierarchy": {
                    "description": "The ID of the Library Hierarchy. Applicable only for Type 'Library'",
                    "type": "string"
                }
            },
            "additionalProperties": false
        },
        "ObjectIDList": {
            "description": "This list defines the properties to use when searching for objects. At least the \"ID\" must be specified.",
            "type": "array",
            "minItems": 1,
            "uniqueItems": true,
            "items": {
                "type": "object",
                "properties": {
                    "Namespace": {
                        "description": "The namespace of the object to be found. This is an optional property for property records. Please refer to the Teamcenter documentation for more information on Namespace.",
                        "type": "string"
                    },
                    "ID": {
                        "description": "The ID of the object to be found.",
                        "type": "string"
                    },
                    "Revision": {
                        "description": "The revision ID of the object to be found.",
                        "type": "string"
                    }
                },
                "required": [
                    "ID"
                ],
                "additionalProperties": false
            }
        }
    },
    "required": [
        "SchemaVersion",
        "Locale",
        "ObjectIDList"
    ],
    "additionalProperties": false
}
