{
    "$schema": "http://json-schema.org/draft-04/schema#",
    "description": "Define a request to save classification objects or library elements.",
    "type": "object",
    "properties": {
        "SchemaVersion": {
            "description": "The schema version to use when processing the JSON request.",
            "type": "string",
            "enum": [
                "1.0.0",
                "1.1.0"
            ]
        },
        "Locale": {
            "description": "The locale in which the request is to be processed. These are the common Teamcenter languages codes. The language codes within Teamcenter follow the standard Java language naming convention (for example, en_US and fr_FR ). It is a five-letter code containing a two-letter language, an underscore, and a two-letter area code in uppercase. This follows the ISO639_ISO3166 template.",
            "type": "string",
            "minLength": 5,
            "maxLength": 5
        },
        "Context": {
            "type": "object",
            "properties": {
                "Type": {
                    "description": "The context (e.g. Library) in which the request is to be processed. To save the classification object, do not specify the context.",
                    "type": "string",
                    "enum": [
                        "Library"
                    ]
                },
                "ID": {
                    "description": "The ID of the context.(For Type 'Library', ID would be Library ID)",
                    "type": "string"
                },
                "Hierarchy": {
                    "description": "The ID of the Library Hierarchy. Applicable only for Type 'Library'",
                    "type": "string"
                }
            },
            "additionalProperties": false
        },
        "PropertyRecords": {
            "type": "array",
            "minItems": 1,
            "uniqueItems": true,
            "items": {
            }
        }
    },
    "required": [
        "SchemaVersion",
        "Locale",
        "PropertyRecords"
    ],
    "additionalProperties": false,
    "definitions": {
        "L10NProperty": {
            "description": "This can be either a simple string or an L10N construct.",
            "oneOf": [{
                    "type": "string"
                },
                {
                    "$ref": "#/definitions/L10NString"
                }
            ]
        },
        "Position": {
        "type": "object",
        "description": "A position in 3 dimensions ",
        "properties": {
            "Position": {
                "X": {
                "description": "Position X",
                    "type": "number"
                },
                "Y": {
                    "description": "Position Y",
                    "type": "number"
                },
                "Z": {
                    "description": "Position Z",
                    "type": "number"
                }
            }
          },
          "required": [
                    "Position"
          ],
          "additionalProperties": false
        },
        "Axis": {
            "type": "object",
            "description": "A 3-dimensional axis, with both position and rotation about each dimension",
            "properties": {
                "Position": {
                    "X": {
                        "description": "Position X",
                        "type": "number"
                    },
                    "Y": {
                        "description": "Position Y",
                        "type": "number"
                    },
                    "Z": {
                        "description": "Position Z",
                        "type": "number"
                    }
            },
            "Rotation": {
                "X": {
                    "description": "Rotation X",
                    "type": "number"
                },
                "Y": {
                    "description": "Rotation Y",
                    "type": "number"
                },
                "Z": {
                    "description": "Rotation Z",
                    "type": "number"
                }
            }
        },
        "required": [
            "Position",
            "Rotation"
        ],
            "additionalProperties": false
        },
        "Value_Range": {
            "type": "object",
            "description": "A value with a range from a minimum to a maximum",
            "properties": {
            "Min": {
                "description": "Defines the minimum value of the range",
                "type": "number"
            },
            "Max": {
                "description": "Defines the maximum value of the range",
                "type": "number"
            }
          },
        "required": [
            "Min",
            "Max"
        ],
            "additionalProperties": false
        },
        "Value_With_Tolerance": {
            "type": "object",
            "description": "A value with a tolerance between minimum and maximum values",
            "properties": {
                "Nominal": {
                    "description": "Defines the nominal value",
                    "type": "number"
                },
                "Min": {
                    "description": "Defines the minimum value that is within tolerance",
                    "type": "number"
                },
                "Max": {
                    "description": "Defines the maximum value that is within tolerance",
                    "type": "number"
                }
        },
        "required": [
            "Nominal",
            "Min",
            "Max"
        ],
            "additionalProperties": false
        },
        "Level": {
            "type": "object",
            "description": "A value between a minimum and maximum, that also has a nominal and typical value",
            "properties": {
                "Nominal": {
                    "description": "Defines the nominal value of the level",
                    "type": "number"
                },
                "Typical": {
                    "description": "Defines the typical value of the level",
                    "type": "number"
                },
                "Min": {
                    "description": "Defines the minimum value of the level",
                    "type": "number"
                },
                "Max": {
                    "description": "Defines the maximum value of the level",
                    "type": "number"
                }
        },
        "required": [
            "Nominal",
            "Typical",
            "Min",
            "Max"
        ],
            "additionalProperties": false
        },
        "L10NTranslation": {
            "description": "The localization values.",
            "type": "object",
            "properties": {
                "Locale": {
                    "description": "The locale in which the request is to be processed. These are the common Teamcenter languages codes. The language codes within Teamcenter follow the standard Java language naming convention (for example, en_US and fr_FR ). It is a five-letter code containing a two-letter language, an underscore, and a two-letter area code in uppercase. This follows the ISO639_ISO3166 template.",
                    "type": "string",
                    "minLength": 5,
                    "maxLength": 5
                },
                "IsMasterLocale": {
                    "description": "Defines whether this entry represents the master locale. Only one locale can be marked as master locale.",
                    "type": "boolean"
                },
                "TranslationStatus": {
                    "description": "The status of the translation value: M- Master, A - Approved, I - Invalid, R - In Review, P - Pending.",
                    "type": "string",
                    "enum": [
                        "M",
                        "A",
                        "I",
                        "R",
                        "P"
                    ]
                },
                "Value": {
                    "description": "The translation value.",
                    "type": "string",
                    "maxLength": 1024
                }
            },
            "required": [
                "Locale",
                "TranslationStatus",
                "Value"
            ],
            "additionalProperties": false
        },
        "L10NString": {
            "description": "A translatable string value",
            "type": "object",
            "properties": {
                "Locale": {
                    "description": "The locale in which the request is to be processed. These are the common Teamcenter languages codes. The language codes within Teamcenter follow the standard Java language naming convention (for example, en_US and fr_FR ). It is a five-letter code containing a two-letter language, an underscore, and a two-letter area code in uppercase. This follows the ISO639_ISO3166 template.",
                    "type": "string",
                    "minLength": 5,
                    "maxLength": 5
                },
                "IsMasterLocale": {
                    "description": "Defines whether this entry represents the master locale. Only one locale can be marked as master locale.",
                    "type": "boolean"
                },
                "TranslationStatus": {
                    "description": "The status of the translation value: M- Master, A - Approved, I - Invalid, R - In Review, P - Pending.",
                    "type": "string",
                    "enum": [
                        "M",
                        "A",
                        "I",
                        "R",
                        "P"
                    ]
                },
                "Value": {
                    "description": "The translation value.",
                    "type": "string",
                    "maxLength": 1024
                },
                "Translations": {
                    "description": "The translation values.",
                    "type": "array",
                    "items": {
                        "$ref": "#/definitions/L10NTranslation"
                    }
                }
            },
            "required": [
                "Locale",
                "TranslationStatus",
                "Value"
            ],
            "additionalProperties": false
        },
        "PropertyRecord": {
            "title": "Classification PropertyRecord Definition(Classification Object)",
            "type": "object",
            "properties": {
                "PropertyRecordUID": {
                    "description": "Unique identifier of the PropertyRecord. This is optional during create but will be used for update use case.",
                    "type": "string"
                },
                "ID": {
                    "description": "The ID to use during PropertyRecord creation. This will be ignored if current property record is not a standalone object.",
                    "type": "string",
                    "maxLength": 128
                },
                "Locale": {
                    "description": "Locale in which localizable values are provided if not specified individually.",
                    "type": "string"
                },
                "NodeId": {
                    "description": "The ID of the node where current PropertyRecord is being saved.",
                    "type": "string"
                },
                "HierarchicalPosition": {
                    "description": "Optional information used by eCl@ss import. This information is not stored for PropertyRecord.",
                    "type": "string"
                },
                "OriginalClassDefinition": {
                    "description": "Optional information used by eCl@ss import. This is just optional information and not stored in the PropertyRecord. It has been added to align with BMECat format.",
                    "type": "string"
                },
                "UnitSystem": {
                    "description": "The Unit system of the PropertyRecord: 1 - 'metric', 2 - 'non-metric'",
                    "type": "integer",
                    "enum": [
                        1,
                        2
                    ]
                },
                "IsRetired": {
                    "description": "Identifies if the object is the active revision (if set to false). Only one revision can be active by definition. This is just optional information written out and not considered during save.",
                    "type": "boolean"
                },
                "RevisionAnchor": {
                    "description": "This is used as the unique identifier that relates multiple revisions of Property records together. This is just optional information written out and not considered during save.",
                    "type": "string"
                },
                "Properties": {
                    "description": "This array contains all the properties to be stored in the property record.",
                    "type": "array",
                    "items": {
                        "$ref": "#/definitions/Property"
                    }
                },
                "ClassifiedObject": {
                    "description": "Detailed information on the object to be classified. This will be used to find or create the object.",
                    "oneOf": [{
                            "description": "UID of the classified object",
                            "type": "string"
                        },
                        {
                            "$ref": "#/definitions/ClassifiedObjectinformation"
                        }
                    ]
                }
            },
            "required": [
                "ID",
                "NodeId",
                "UnitSystem"
            ],
            "additionalProperties": false
        },
        "Property": {
            "type": "object",
            "properties": {
                "ID": {
                    "description": "Required IRDI of the PropertyDefinition for which the value is specified.",
                    "type": "string"
                },
                "Name": {
                    "description": "Name of the Property as defined in the PropertyDefinition. This is just optional information and not stored in the PropertyRecord. It has been added to align with BMECat format.",
                    "type": "string"
                },
                "Value": {
                    "$ref": "#/definitions/PropertyValue"
                },
                "Unit": {
                    "description": "Optional unit in which the value is provided. If no unit is provided it will be assumed that the value is provided in the same unit as specified in the property definition. For properties whose definition doesn't have a unit specified it will be ignored.",
                    "type": "string"
                }
            },
            "additionalProperties": false
        },
        "PropertyValue": {
            "description": "The value of the property which can be of type String, Number, Boolean, a nested block of properties or an array of any of these. Dates are in UTC format and stored as String.",
            "oneOf": [{
                    "$ref": "#/definitions/L10NProperty"
                },
                {
                    "type": "number"
                },
                {
                    "type": "boolean"
                },
                {
                  "$ref": "#/definitions/Position"
                },
                {
                  "$ref": "#/definitions/Axis"
                },
                {
                  "$ref": "#/definitions/Value_Range"
                },
                {
                  "$ref": "#/definitions/Value_With_Tolerance"
                },
                {
                  "$ref": "#/definitions/Level"
                },
                {
                    "type": "object",
                    "properties": {
                        "ClassDefinition": {
                            "type": "string"
                        },
                        "Properties": {
                            "type": "array",
                            "items": {
                                "$ref": "#/definitions/Property"
                            }
                        }
                    },
                    "additionalProperties": false
                },
                {
                    "type": "array",
                    "items": {
                        "oneOf": [{
                                "$ref": "#/definitions/L10NProperty"
                            },
                            {
                                "type": "number"
                            },
                            {
                                "type": "boolean"
                            },
                            {
                              "$ref": "#/definitions/Position"
                            },
                            {
                              "$ref": "#/definitions/Axis"
                            },
                            {
                              "$ref": "#/definitions/Value_Range"
                            },
                            {
                              "$ref": "#/definitions/Value_With_Tolerance"
                            },
                            {
                              "$ref": "#/definitions/Level"
                            },
                            {
                                "type": "object",
                                "properties": {
                                    "ClassDefinition": {
                                        "type": "string"
                                    },
                                    "Index": {
                                        "type": "integer"
                                    },
                                    "Properties": {
                                        "type": "array",
                                        "items": {
                                            "$ref": "#/definitions/Property"
                                        }
                                    }
                                },
                                "required": [
                                    "ClassDefinition",
                                    "Index"
                                ],
                                "additionalProperties": false
                            }
                        ]
                    }
                }
            ]
        },
        "ClassifiedObjectinformation": {
            "type": "object",
            "properties": {
                "ObjectType": {
                    "description": "The Teamcenter Workspace Object type name e.g. Item",
                    "type": "string"
                },
                "ClassifyRevision": {
                    "description": "Defines if the revision should be classified.",
                    "type": "boolean"
                },
                "ID": {
                    "description": "Parameter to identify the object.",
                    "type": "array",
                    "items": {
                        "type": "object",
                        "properties": {
                            "PropertyName": {
                                "description": "Defines the name of a property.",
                                "type": "string"
                            },
                            "PropertyValue": {
                                "description": "Defines the value of the property.",
                                "type": "string"
                            }
                        },
                        "additionalProperties": false
                    }
                },
                "Properties": {
                    "description": "Additional properties to be set on creation of the object which are not part of the ID.",
                    "type": "array",
                    "items": {
                        "type": "object",
                        "properties": {
                            "PropertyName": {
                                "description": "Defines the name of a property.",
                                "type": "string"
                            },
                            "PropertyValue": {
                                "description": "Defines the value of the property.",
                                "type": "string"
                            }
                        },
                        "additionalProperties": false
                    }
                }
            },
            "required": [
                "ObjectType",
                "ID"
            ],
            "additionalProperties": false
        }
    }
}
