{
  "SchemaVersion": "1.1.0",
  "Locale": "en_US",
  "PropertyRecords": [
    {
      "ID": "COMPTESTOBJ_12345",
      "ObjectType": "PR",
      "HierarchicalPosition": "27-04-07-01",
      "ClassDefinition": "SPLM-0#01-TESTCLASSCOMPLEX01#001",
      "UnitSystem": 1,
      "Properties": [
        {
          "ID": "SPLM-0#02-TESTPOSITION01#001",
          "Name": "Position Value",
          "Value": {
                        "Position": {
                            "X" : 10.0,
                            "Y" : 10.0,
                            "Z" : 10.0
                        }
          }
        },
        {
          "ID": "SPLM-0#02-TESTAXIS01#001",
          "Name": "Axis Value",
          "Value": {
                        "Position": {
                            "X" : 10.0,
                            "Y" : 10.0,
                            "Z" : 10.0
                        },
                        "Rotation": {
                            "X" : 3.0,
                            "Y" : 2.0,
                            "Z" : 1.0
                        }
          }
        },
        {
          "ID": "SPLM-0#02-TESTVALUERANGE01#001",
          "Name": "Value_Range Value",
          "Value": {
            "Min": 0,
            "Max": 100
          }
        },
        {
          "ID": "SPLM-0#02-TESTTOLERANCE01#001",
          "Name": "Value_With_Tolerance Value",
          "Value": {
            "Nominal": 20,
            "Min": 0,
            "Max": 100
          }
        },
        {
          "ID": "SPLM-0#02-TESTLEVEL01#001",
          "Name": "Level Value",
          "Value": {
            "Nominal": 20,
            "Typical": 20,
            "Min": 0,
            "Max": 100
          }
        }
      ]
    }
  ]
}
