{
  "SchemaVersion": "1.0.0",
  "Locale": "en_US",
  "KeyLOVDefinitions": [
    {
      "ObjectType": "KeyLOVDefinition",
      "IRDI": "SPLM-0#09-000306#001",
      "Namespace": "SPLM-0",
      "ID": "000306",
      "Revision": "001",
      "MinorRevision": "001",
      "Status": "Develop",
      "Name": "Integer Example",
      "IsHideKeys": true,
      "LOVItems": {
        "DataType": "Integer",
        "LOVIntegerItems": [
          {
            "IntegerValue": 1,
            "IsDeprecated": true
          },
          {
            "IntegerValue": 2
          },
          {
            "IntegerValue": 3,
            "IsDeprecated": true
          },
          {
            "IntegerValue": 1234567890
          }
        ]
      }
    }
  ]
}
