{
  "SchemaVersion": "1.0.0",
  "Locale": "en_US",
  "KeyLOVDefinitions": [
    {
      "ObjectType": "KeyLOVDefinition",
      "IRDI": "SPLM-0#09-KEYLOV001#001",
      "Namespace": "SPLM-0",
      "ID": "KEYLOV001",
      "Revision": "001",
      "MinorRevision": "001",
      "Status": "Develop",
      "IsHideKeys": true,
      "Name": {
        "Locale": "en_US",
        "IsMasterLocale": true,
        "TranslationStatus": "M",
        "Value": "KeyLOV Name 1"
      },
      "LOVItems": {
        "DataType": "String",
        "LOVStringItems": [
          {
            "StringValue": "01",
            "DisplayValue": {
              "Value": "Germany",
              "Locale": "en_US",
              "TranslationStatus": "M",
              "IsMasterLocale": true
            },
            "IsDeprecated": true
          },
          {
            "StringValue": "02",
            "DisplayValue": "France"
          }
        ]
      }
    }
  ]
}
