{
    "$schema": "http://json-schema.org/draft-04/schema#",
    "description": "This schema describes a JSON request for setting status on classification admin object.",
    "type": "object",
    "properties": {
        "SchemaVersion": {
            "description": "The schema version to use when processing the JSON request and response.",
            "type": "string",
            "enum": [
                "1.0.0"
            ]
        },
        "Status": {
            "description": "The status to be set on classification admin object. Currently classification admin objects supports Develop, Released and Retired status. Develop status means an object is still under development and can be changed. Released objects are finalized and ready to use. Retired objects should not be used anymore.",
            "type": "string",
            "enum": [
                "Released",
                "Retired"
            ]
        },
        "Options": {
            "description": "The options provide extended control of the set status operation. - recursive: Release the entire hierarchy and all referenced objects (i.e. Property and KeyLOV Definitions ) that are used by this classes. - dryrun: Displays errors/warnings without actually releasing the objects. - verbose: Print more detailed information.",
            "type": "array",
            "items": {
                "type": "string",
                "enum": [
                    "recursive",
                    "dryrun",
                    "verbose"
                ]
            }
        },
        "ObjectIRDIList": {
            "description": "This list defines the unique identifiers (IRDIs) to use when retrieving objects.",
            "type": "array",
            "items": {
                "type": "string"
            }
        }
    },
    "required": [
        "SchemaVersion",
        "Status",
        "ObjectIRDIList"
    ],
    "additionalProperties": false
}
