{
    "$schema":"http://json-schema.org/draft-04/schema#",
    "description":"Object defining the request containing expressions to search Classification Standard Taxonomy objects. This schema is intended for internal use by Library Management module only. This schema version supports property searches on application data. The search is limited to properties that are NOT marked as 'cardinal' or localizable' or identified as a block property.",
    "type":"object",
    "properties":{
        "SchemaVersion":{
            "description":"The schema version to use when processing the JSON request.",
            "type":"string",
            "enum":[
                "1.0.0"
            ]
        },
        "Locale":{
            "description":"The locale in which the request is to be processed. These are the common Teamcenter languages codes. The language codes within Teamcenter follow the standard Java language naming convention (for ex-ample, en_US and fr_FR ). It is a five-letter code containing a two-letter language, an underscore, and a two-letter area code in uppercase. This follows the ISO639_ISO3166 template.",
            "type":"string",
            "minLength":5,
            "maxLength":5
        },
        "ExpressionList":{
            "description":"Defines the list of search criteria to be used while forming POM expressions",
            "type":"array",
            "items":{
                "$ref":"#/definitions/Expression"
            }
        }
    },
    "required":[
        "SchemaVersion",
        "Locale",
        "ExpressionList"
    ],
    "additionalProperties":false,
    "definitions":{
        "Expression":{
            "description":"Defines the search criteria for forming the POM expressions.",
            "type":"object",
            "properties":{
                "EnquiryName":{
                    "description":"The name of an existing enquiry. All POM expressions will be created using this enquiry name.",
                    "type":"string"
                },
                "SearchContext":{
                    "description":"This specifies the context of the object being searched for. All the object specific properties will be defined here. This schema version supports search on application objects i.e. PropertyRecords only",
                    "oneOf":[
                        {
                            "type":"object",
                            "$ref":"#/definitions/PropertyRecordContext"
                        }
                    ]
                },
                "SelectTerms":{
                    "description":"List of POM attributes associated with the ObjectType that must form the select expression. If not specified, only the UID of the specified ObjectType will be included.",
                    "type":"array",
                    "items":{
                        "type":"string"
                    }
                },
                "SearchTerms":{
                    "description":"List of search terms to be used while searching or querying on the specified ObjectType.",
                    "type":"array",
                    "minItems":1,
                    "items":{
                        "$ref":"#/definitions/SearchTerm"
                    }
                },
                "OrderByTerms":{
                    "description":"This is used to specify POM attributes and their sort orders.",
                    "type":"array",
                    "minItems":1,
                    "items":{
                        "type":"object",
                        "properties":{
                            "ID":{
                                "type":"string",
                                "description":"The POM attribute name of the specified ObjectType on which the sort will be performed."
                            },
                            "Sort":{
                                "description":"Specifies the sort direction, where 'ASC' indicates ascending and 'DESC' indicates descending order.",
                                "type":"string",
                                "enum":[
                                    "ASC",
                                    "DESC"
                                ]
                            }
                        },
                        "additionalProperties":false
                    }
                }
            },
            "required":[
                "EnquiryName",
                "SearchContext"
            ],
            "additionalProperties":false
        },
        "PropertyRecordContext":{
            "type":"object",
            "properties":{
                "ObjectType":{
                    "description":"The object type definition, this can be either \"PR\" or \"PropertyRecord\"",
                    "type":"string",
                    "enum":[
                        "PR",
                        "PropertyRecord"
                    ]
                },
                "ClassDefinition":{
                    "description":"This is used to specify the application class IRDI. Property records belonging to this class will be queried.",
                    "type":"string"
                }
            },
            "required":[
                "ObjectType",
                "ClassDefinition"
            ],
            "additionalProperties":false
        },
        "SearchTerm":{
            "description":"This is used to specify either the search object or the relation among multiple search objects. This schema supports 'AND' relation only.",
            "oneOf":[
                {
                    "$ref":"#/definitions/SearchObject"
                },
                {
                    "$ref":"#/definitions/AndTerms"
                }
            ]
        },
        "SearchObject":{
            "description":"This object defines the operator, the class attribute IRDI and the value to search against the IRDI.",
            "oneOf":[
                {
                    "$ref":"#/definitions/EqualsOperator"
                },
                {
                    "$ref":"#/definitions/NotEqualsOperator"
                },
                {
                    "$ref":"#/definitions/GreaterThanOperator"
                },
                {
                    "$ref":"#/definitions/LessThanOperator"
                },
                {
                    "$ref":"#/definitions/GreaterThanOrEqualToOperator"
                },
                {
                    "$ref":"#/definitions/LessThanOrEqualToOperator"
                },
                {
                    "$ref":"#/definitions/LikeOperator"
                },
                {
                    "$ref":"#/definitions/NotLikeOperator"
                },
                {
                    "$ref":"#/definitions/InOperator"
                },
                {
                    "$ref":"#/definitions/NotInOperator"
                }
            ]
        },
        "AndTerms":{
            "description":"This is used to specify an 'AND' relation. All the search objects specified within will be ANDed against each other.",
            "type":"object",
            "properties":{
                "$and":{
                    "type":"array",
                    "minItems":2,
                    "items":{
                        "$ref":"#/definitions/SearchTerm"
                    }
                }
            },
            "additionalProperties":false
        },
        "EqualsOperator":{
            "description":"This is the 'equals' operator",
            "type":"object",
            "properties":{
                "$eq":{
                    "type":"object",
                    "properties":{
                        "ID":{
                            "description":"This is the class attribute IRDI to be used for the search.",
                            "type":"string"
                        },
                        "Value":{
                            "description":"This is the value to be searched against the ID",
                            "$ref":"#/definitions/DataTypes"
                        }
                    },
                    "required":[
                        "ID",
                        "Value"
                    ],
                    "additionalProperties":false
                }
            },
            "additionalProperties":false
        },
        "NotEqualsOperator":{
            "description":"This is the 'not equal to' operator",
            "type":"object",
            "properties":{
                "$ne":{
                    "type":"object",
                    "properties":{
                        "ID":{
                            "description":"This is the class attribute IRDI to be used for the search.",
                            "type":"string"
                        },
                        "Value":{
                            "description":"This is the value to be searched against the ID",
                            "$ref":"#/definitions/DataTypes"
                        }
                    },
                    "required":[
                        "ID",
                        "Value"
                    ],
                    "additionalProperties":false
                }
            },
            "additionalProperties":false
        },
        "GreaterThanOperator":{
            "description":"This is the 'greater than' operator",
            "type":"object",
            "properties":{
                "$gt":{
                    "type":"object",
                    "properties":{
                        "ID":{
                            "description":"This is the class attribute IRDI to be used for the search.",
                            "type":"string"
                        },
                        "Value":{
                            "description":"This is the value to be searched against the ID",
                            "oneOf":[
                                {
                                    "type":"string"
                                },
                                {
                                    "type":"number"
                                }
                            ]
                        }
                    },
                    "required":[
                        "ID",
                        "Value"
                    ],
                    "additionalProperties":false
                }
            },
            "additionalProperties":false
        },
        "LessThanOperator":{
            "type":"object",
            "properties":{
                "$lt":{
                    "description":"This is the 'less than' operator",
                    "type":"object",
                    "properties":{
                        "ID":{
                            "description":"This is the class attribute IRDI to be used for the search.",
                            "type":"string"
                        },
                        "Value":{
                            "description":"This is the value to be searched against the ID",
                            "oneOf":[
                                {
                                    "type":"string"
                                },
                                {
                                    "type":"number"
                                }
                            ]
                        }
                    },
                    "required":[
                        "ID",
                        "Value"
                    ],
                    "additionalProperties":false
                }
            },
            "additionalProperties":false
        },
        "GreaterThanOrEqualToOperator":{
            "type":"object",
            "properties":{
                "$gte":{
                    "description":"This is the 'greater than or equal to' operator",
                    "type":"object",
                    "properties":{
                        "ID":{
                            "description":"This is the class attribute IRDI to be used for the search.",
                            "type":"string"
                        },
                        "Value":{
                            "description":"This is the value to be searched against the ID",
                            "oneOf":[
                                {
                                    "type":"string"
                                },
                                {
                                    "type":"number"
                                }
                            ]
                        }
                    },
                    "required":[
                        "ID",
                        "Value"
                    ],
                    "additionalProperties":false
                }
            },
            "additionalProperties":false
        },
        "LessThanOrEqualToOperator":{
            "type":"object",
            "properties":{
                "$lte":{
                    "description":"This is the 'less than or equal to' operator",
                    "type":"object",
                    "properties":{
                        "ID":{
                            "description":"This is the class attribute IRDI to be used for the search.",
                            "type":"string"
                        },
                        "Value":{
                            "description":"This is the value to be searched against the ID",
                            "oneOf":[
                                {
                                    "type":"string"
                                },
                                {
                                    "type":"number"
                                }
                            ]
                        }
                    },
                    "required":[
                        "ID",
                        "Value"
                    ],
                    "additionalProperties":false
                }
            },
            "additionalProperties":false
        },
        "LikeOperator":{
            "type":"object",
            "properties":{
                "$like":{
                    "description":"Use this to specify a wildcard string that the property ID should match.",
                    "type":"object",
                    "properties":{
                        "ID":{
                            "description":"This is the class attribute IRDI to be used for the search.",
                            "type":"string"
                        },
                        "Value":{
                            "description":"This is the value to be searched against the ID",
                            "type":"string"
                        }
                    },
                    "required":[
                        "ID",
                        "Value"
                    ],
                    "additionalProperties":false
                }
            },
            "additionalProperties":false
        },
        "NotLikeOperator":{
            "type":"object",
            "properties":{
                "$nlike":{
                    "description":"Use this to specify a wildcard string that the property ID should NOT match.",
                    "type":"object",
                    "properties":{
                        "ID":{
                            "description":"This is the class attribute IRDI to be used for the search.",
                            "type":"string"
                        },
                        "Value":{
                            "description":"This is the value to be searched against the ID",
                            "type":"string"
                        }
                    },
                    "required":[
                        "ID",
                        "Value"
                    ],
                    "additionalProperties":false
                }
            },
            "additionalProperties":false
        },
        "InOperator":{
            "description":"Use this to specify an array of values of which at least one must match.",
            "type":"object",
            "properties":{
                "$in":{
                    "type":"object",
                    "properties":{
                        "ID":{
                            "description":"This is the class attribute IRDI to be used for the search.",
                            "type":"string"
                        },
                        "Value":{
                            "description":"This is the value to be searched against the ID",
                            "type":"array",
                            "minItems":1,
                            "items":{
                                "$ref":"#/definitions/DataTypes"
                            }
                        }
                    },
                    "required":[
                        "ID",
                        "Value"
                    ],
                    "additionalProperties":false
                }
            },
            "additionalProperties":false
        },
        "NotInOperator":{
            "description":"Use this to specify an array of values NONE of which should match.",
            "type":"object",
            "properties":{
                "$nin":{
                    "type":"object",
                    "properties":{
                        "ID":{
                            "description":"This is the class attribute IRDI to be used for the search.",
                            "type":"string"
                        },
                        "Value":{
                            "description":"This is the value to be searched against the ID",
                            "type":"array",
                            "minItems":1,
                            "items":{
                                "$ref":"#/definitions/DataTypes"
                            }
                        }
                    },
                    "required":[
                        "ID",
                        "Value"
                    ],
                    "additionalProperties":false
                }
            },
            "additionalProperties":false
        },
        "DataTypes":{
            "description":"List of supported data-types in expressions.",
            "oneOf":[
                {
                    "type":"boolean"
                },
                {
                    "type":"number"
                },
                {
                    "type":"string"
                }
            ]
        }
    }
}