{
  "$schema": "http://json-schema.org/draft-04/schema#",
  "description": "Object defining the request meant to get the Classification Standard Taxonomy class descriptors using IRDIs.",
  "type": "object",
  "properties": {
    "SchemaVersion": {
      "description": "The schema version to use when processing the JSON request to get the Classification Standard Taxonomy class descriptors using class definition IRDIs.",
      "type": "string",
      "enum": [
        "1.0.0"
      ]
    },
    "Locale": {
      "description": "The locale in which the request is to be processed. These are the common Teamcenter languages codes.
      The language codes within Teamcenter follow the standard Java language naming convention ( for example, en_US and fr_FR ).
      It is a five-letter code containing a two-letter language, an underscore, and a two-letter area code in uppercase.
      This follows the ISO639_ISO3166 template.",
      "type": "string",
      "minLength": 5,
      "maxLength": 5
    },
    "ClassIRDIList": {
      "description": "This list defines the class definition IRDIs to operate on.",
      "type": "array",
      "minItems": 1,
      "uniqueItems": true,
      "items": {
        "type": "string"
      }
    },
    "SessionInfo": {
      "description": "This object carries the session info when triggering this request.",
      "type": "object",
      "properties": {
        "UserId": {
          "description": "This must be the identifier of the User for the session.",
          "type": "string",
          "minLength": 1,
          "maxLength": 128
        },
        "RoleName": {
          "description": "This must be the name of the Role for the session.",
          "type": "string",
          "minLength": 1,
          "maxLength": 128
        },
        "GroupName": {
          "description": "This must be the name of the Group for the session.",
          "type": "string",
          "minLength": 1,
          "maxLength": 128
        }
      },
      "required": [
        "UserId",
        "RoleName",
        "GroupName"
      ]
    },
    "ViewSelectionOrder": {
      "description": "This list defines the precedence order for honoring View objects.
      If this property is not specified, the response will capture the full raw view of the class definitions.",
      "type": "array",
      "minItems": 1,
      "uniqueItems": true,
      "items": {
        "type": "string",
        "enum": [
          "UserView",
          "RoleView",
          "GroupView"
        ]
      }
    }
  },
  "required": [
    "SchemaVersion",
    "Locale",
    "ClassIRDIList"
  ],
  "additionalProperties": false,
  "dependencies": {
    "ViewSelectionOrder": {
      "required": [
        "SessionInfo"
      ]
    }
  }
}
