{
  "$schema": "http://json-schema.org/draft-04/schema#",
  "description": "Object defining the request that require a list of Classification View Definition admin objects as input. e.g save.",
  "type": "object",
  "properties": {
    "SchemaVersion": {
      "description": "The schema version to use when processing the JSON request.",
      "type": "string",
      "enum": [
        "1.0.0"
      ]
    },
    "Locale": {
      "description": "The locale in which the request is to be processed. These are the common Teamcenter language codes. The language codes within Teamcenter follow the standard Java language naming convention ( for example, en_US and fr_FR ). It is a five-letter code containing a two-letter language, an underscore, and a two-letter area code in uppercase. This follows the ISO639_ISO3166 template.",
      "type": "string",
      "minLength": 5,
      "maxLength": 5
    },
    "ViewDefinitions": {
      "type": "array",
      "minItems": 1,
      "uniqueItems": true,
      "items": {
        "$ref": "#/definitions/ViewDefinition"
      }
    }
  },
  "required": [
    "SchemaVersion",
    "Locale",
    "ViewDefinitions"
  ],
  "additionalProperties": false,
  "definitions": {
    "ViewDefinition": {
      "title": "View Definition",
      "description": "Views enable you to define how the properties in a class are displayed by setting attribute protections and hiding class properties on a user, group or role basis. You can set view precedence for displaying views in Classification using the ICS_view_selection_order preference. Consult the Active Workspace documentation.",
      "type": "object",
      "properties": {
        "ClassDefinition": {
          "description": "This IRDI (International Registration Data Identifier) references the Class Definition the view exclusively belongs to.",
          "type": "string",
          "maxLength": 128
        },
        "ViewType": {
          "description": "Only one Base view type can be created per class. A Base view displays all the properties in a class in the order listed in the JSON input file. The other views can be used to hide properties and / or override the reordering found in the Base view.",
          "type": "string",
          "enum": [
            "BaseView",
            "UserView",
            "RoleView",
            "GroupView"
          ]
        },
        "ViewId": {
          "description": "The ID used during view creation. This must be the identifier of the User, Group or Role view type. For example, use the user ID for user views, the group name for group views and the role name for role views. For Base view type, use \"BaseView\" as the identifer. The combination of \"ClassDefinition\", \"ViewType\" and \"ViewId\" forms a unique key.",
          "type": "string",
          "maxLength": 128
        },
        "ViewAttributes": {
          "type": "array",
          "description": "The order of the properties in this array defines the order of their appearance in the UI. Any property not added to this array is not visible in the UI.",
          "uniqueItems": true,
          "items": {
            "$ref": "#/definitions/ViewAttribute"
          }
        }
      },
      "required": [
        "ClassDefinition",
        "ViewType",
        "ViewId",
        "ViewAttributes"
      ],
      "additionalProperties": false
    },
    "ViewAttribute": {
      "title": "View Attribute Definition",
      "type": "object",
      "properties": {
        "IRDI": {
          "description": "This IRDI (International Registration Data Identifier) references the Property Definition to be included in the view.",
          "type": "string",
          "maxLength": 128
        },
        "IsRequired": {
          "description": "Specifies that the value must be entered for the property in the UI. If set to true, a value is required for this property.",
          "type": "boolean"
        },
        "IsProtected": {
          "description": "Specifies that the property value is protected in the UI. Properties designated as protected cannot be edited. You can, however, perform searches using protected properties. If set to true, the value of this property is protected.",
          "type": "boolean"
        }
      },
      "required": [
        "IRDI"
      ],
      "additionalProperties": false
    }
  }
}
