{
  "$schema": "http://json-schema.org/draft-04/schema#",
  "description": "Object defining the request that requires the identification of a classification admin object",
  "type": "object",
  "properties": {
    "SchemaVersion": {
      "description": "The schema version to use when processing the JSON request to find Classification admin objects using IRDIs.",
      "type": "string",
      "enum": [
        "1.0.0"
      ]
    },
    "Locale": {
      "description": "The locale in which the request is to be processed. These are the common Teamcenter languages codes.
      The language codes within Teamcenter follow the standard Java language naming convention (for example, en_US and fr_FR ).
      It is a five-letter code containing a two-letter language, an underscore, and a two-letter area code in uppercase.
      This follows the ISO639_ISO3166 template.",
      "type": "string",
      "minLength": 5,
      "maxLength": 5
    },
    "Options": {
      "description": "These options are currently just used for a delete request. All other requests will ignore this setting.
      - recursive: Delete the entire hierarchy and all referenced objects (i.e. Property and KeyLOV Definitions ) that are not used by other classes. This is only applicable for ClassDefinition deletion.
      - dryrun: This option helps users to know of any possible errors/warnings without actually deleting the objects.
      - verbose: Print more information like details.",
      "type": "array",
      "items": {
        "type": "string",
        "enum": [
          "recursive",
          "dryrun",
          "verbose"
        ]
      }
    },
    "ObjectIRDIList": {
      "description": "This list defines the IRDIs to use when retrieving objects.",
      "type": "array",
      "minItems": 1,
      "uniqueItems": true,
      "items": {
        "type": "string"
      }
    }
  },
  "required": [
    "SchemaVersion",
    "Locale",
    "ObjectIRDIList"
  ],
  "additionalProperties": false
}
