{
    "$schema": "http://json-schema.org/draft-04/schema#",
    "description": "This schema describes a JSON request for creating Classification PropertyDefinitions.",
    "type": "object",
    "properties": {
        "SchemaVersion": {
            "description": "The schema version to use when processing the JSON request.",
            "type": "string",
            "enum": [
                "1.0.0"
            ]
        },
        "Locale": {
            "description": "The locale in which the request is to be processed. These are the common Teamcenter languages codes. The language codes within Teamcenter follow the standard Java language naming convention (for example, en_US and fr_FR ).It is a five-letter code containing a two-letter language, an underscore, and a two-letter area code in uppercase. This follows the ISO639_ISO3166 template.",
            "type": "string",
            "minLength": 5,
            "maxLength": 5
        },
        "PropertyDefinitions": {
            "description": "An array of PropertyDefinitions to create.",
            "type": "array",
            "items": {
                "$ref": "#/definitions/PropertyDefinition"
            }
        }
    },
    "required": [
        "SchemaVersion",
        "Locale",
        "PropertyDefinitions"
    ],
    "additionalProperties": false,
    "definitions": {
        "PropertyDefinition": {
            "description": "A Classification PropertyDefinition",
            "type": "object",
            "properties": {
                "IRDI": {
                    "description": "Unique identifier of property definition. This IRDI (International Registration Data Identifier) is build from Namespace, ID and Revision separated by \"#\".",
                    "type": "string",
                    "maxLength": 128
                },
                "ObjectType": {
                    "description": "Defines the object type of property definition, this can be either \"02\" or \"PropertyDefinition\".",
                    "type": "string",
                    "enum": [
                        "02",
                        "PropertyDefinition"
                    ]
                },
                "SMLObjectId": {
                    "description": "ID of migrated traditional classification dictionary attribute. This property will only be used by the migration utility.",
                    "type": "string"
                },
                "Namespace": {
                    "description": "The namespace to use during PropertyDefinition creation. Please refer to the Teamcenter documentation for more information on Namespace.",
                    "type": "string",
                    "maxLength": 32
                },
                "ID": {
                    "description": "The ID to use during PropertyDefinition creation.",
                    "type": "string",
                    "maxLength": 32
                },
                "Revision": {
                    "description": "Defines the revision identifier of PropertyDefinition.",
                    "type": "string",
                    "maxLength": 3
                },
                "MinorRevision": {
                    "description": "Minor Revision identifies changes between (major) Revisions. This feature is currently not supported.",
                    "type": "string",
                    "maxLength": 3
                },
                "Status": {
                    "description": "The status of the PropertyDefinition. Currently PropertyDefinition supports Develop, Released and Retired status. Develop status means an object is still under development and can be changed. Released objects are finalized and ready to use. Retired objects should not be used anymore.",
                    "type": "string",
                    "enum": [
                        "Develop",
                        "Released",
                        "Retired"
                    ]
                },
                "IsDeprecated": {
                    "description": "Defines whether the PropertyDefinition is deprecated and should not be used further.",
                    "type": "boolean"
                },
                "Name": {
                    "description": "Defines the name of the PropertyDefinition. This can be either a simple string or an L10N construct.",
                    "$ref": "#/definitions/L10NProperty"
                },
                "ShortName": {
                    "description": "Defines the short name of the PropertyDefinition. This can be either a simple string or an L10N construct.",
                    "$ref": "#/definitions/L10NProperty"
                },
                "Definition": {
                    "description": "The definition of the PropertyDefinition. This can be either a simple string or an L10N construct.",
                    "$ref": "#/definitions/L10NProperty"
                },
                "SourceStandard": {
                    "description": "Specifies the eClass version of the PropertyDefinition.",
                    "type": "string"
                },
                "Note": {
                    "description": "Defines the note of the PropertyDefinition. This can be either a simple string or an L10N construct.",
                    "$ref": "#/definitions/L10NProperty"
                },
                "Remark": {
                    "description": "Defines the remark of the PropertyDefinition. This can be either a simple string or an L10N construct.",
                    "$ref": "#/definitions/L10NProperty"
                },
                "UserData": {
                    "description": "An array of user data attached to the PropertyDefinition.",
                    "type": "array",
                    "items": {
                        "$ref": "#/definitions/UserDataEntry"
                    }
                },
                "DataType": {
                    "description": "Defines whether the PropertyDefinition represents an string, integer, double, boolean, reference or date property.",
                    "oneOf": [
                        {
                            "$ref": "#/definitions/StringDataType"
                        },
                        {
                            "$ref": "#/definitions/IntegerDataType"
                        },
                        {
                            "$ref": "#/definitions/DoubleDataType"
                        },
                        {
                            "$ref": "#/definitions/BooleanDataType"
                        },
                        {
                            "$ref": "#/definitions/ReferenceDataType"
                        },
                        {
                            "$ref": "#/definitions/DateDataType"
                        }
                    ]
                },
                "DepConfigLevel": {
                    "description": "The configuration level represents the hierarchy level to use in case of interdependency functionality.",
                    "type": "string"
                }
            },
            "required": [
                "ObjectType",
                "Namespace",
                "ID",
                "Name",
                "DataType"
            ],
            "additionalProperties": false,
            "definitions": {
                "UserDataEntry": {
                    "description": "Defines the user specific name-value pairs.",
                    "type": "object",
                    "properties": {
                        "Name": {
                            "description": "Defines the name of a user data entry.",
                            "type": "string"
                        },
                        "Value": {
                            "description": "Defines the value of a user data entry.",
                            "type": "string"
                        }
                    },
                    "additionalProperties": false
                }
            }
        },
        "DoubleDataType": {
            "description": "The data type definition of a PropertyDefinition that represents a double property.",
            "type": "object",
            "properties": {
                "Type": {
                    "description": "Defines the data type of a PropertyDefinition.",
                    "type": "string",
                    "enum": [
                        "Double"
                    ]
                },
                "Precision": {
                    "description": "Defines the total number of digits of a numeric value in metric unit system.",
                    "type": "integer"
                },
                "Scale": {
                    "description": "Defines the digits after the decimal point of a numeric value in metric unit system.",
                    "type": "integer"
                },
                "Unit": {
                    "description": "Defines the unit of a PropertyDefinition in metric unit system.",
                    "type": "string"
                },
                "KeyLOV": {
                    "description": "Defines the KeyLOV associated with PropertyDefinition in metric unit system. Valid value for this field is a KeyLOVDefinition IRDI.",
                    "type": "string"
                },
                "NonMetricFormat": {
                    "type": "object",
                    "properties": {
                        "Precision": {
                            "description": "Defines the total number of digits of a numeric value in non-metric unit system.",
                            "type": "integer"
                        },
                        "Scale": {
                            "description": "Defines the digits after the decimal point of a numeric value in non-metric unit system.",
                            "type": "integer"
                        },
                        "Unit": {
                            "description": "Defines the unit of a PropertyDefinition in non-metric unit system.",
                            "type": "string"
                        },
                        "KeyLOV": {
                            "description": "Defines the KeyLOV associated with PropertyDefinition in non-metric unit system. Valid value for this field is a KeyLOVDefinition IRDI.",
                            "type": "string"
                        }
                    },
                    "required": [
                        "Precision",
                        "Scale"
                    ],
                    "additionalProperties": false
                }
            },
            "required": [
                "Type"
            ],
            "additionalProperties": false
        },
        "StringDataType": {
            "description": "The data type definition of a PropertyDefinition that represents a string property.",
            "type": "object",
            "properties": {
                "Type": {
                    "description": "Defines the data type of a PropertyDefinition.",
                    "type": "string",
                    "enum": [
                        "String"
                    ]
                },
                "MaxLength": {
                    "description": "Defines the total number of characters allowed in ",
                    "type": "integer"
                },
                "IsLocalizable": {
                    "description": "Flag representing if the PropertyDefinition is localizable. Valid values are True or False.",
                    "type": "boolean"
                },
                "Unit": {
                    "description": "Defines the unit of a PropertyDefinition in metric unit system.",
                    "type": "string"
                },
                "KeyLOV": {
                    "description": "Defines the KeyLOV associated with PropertyDefinition in metric unit system. Valid value for this field is a KeyLOVDefinition IRDI.",
                    "type": "string"
                },
                "IsPolymorphismController": {
                    "description": "Defines whether this property definition points to a class definition that represents a polymorphic superclass. Valid values are True or False.",
                    "type": "boolean"
                }
            },
            "required": [
                "Type"
            ],
            "additionalProperties": false
        },
        "DateDataType": {
            "description": "The data type definition of a PropertyDefinition that represents a date property.",
            "type": "object",
            "properties": {
                "Type": {
                    "description": "Defines the data type of a PropertyDefinition.",
                    "type": "string",
                    "enum": [
                        "Date"
                    ]
                }
            },
            "required": [
                "Type"
            ],
            "additionalProperties": false
        },
        "IntegerDataType": {
            "description": "The data type definition of a PropertyDefinition that represents a integer property.",
            "type": "object",
            "properties": {
                "Type": {
                    "description": "Defines the data type of a PropertyDefinition.",
                    "type": "string",
                    "enum": [
                        "Integer"
                    ]
                },
                "NumberOfDigits": {
                    "description": "Defines the total number of digits of a numeric value in metric unit system.",
                    "type": "integer"
                },
                "Unit": {
                    "description": "Defines the unit of a PropertyDefinition in metric unit system.",
                    "type": "string"
                },
                "KeyLOV": {
                    "description": "Defines the KeyLOV associated with PropertyDefinition in metric unit system. Valid value for this field is a KeyLOVDefinition IRDI.",
                    "type": "string"
                },
                "NonMetricFormat": {
                    "type": "object",
                    "properties": {
                        "NumberOfDigits": {
                            "description": "Defines the total number of digits of a numeric value in metric unit system.",
                            "type": "integer"
                        },
                        "Unit": {
                            "description": "Defines the unit of a PropertyDefinition in non-metric unit system.",
                            "type": "string"
                        },
                        "KeyLOV": {
                            "description": "Defines the KeyLOV associated with PropertyDefinition in non-metric unit system. Valid value for this field is a KeyLOVDefinition IRDI.",
                            "type": "string"
                        }
                    },
                    "additionalProperties": false
                }
            },
            "required": [
                "Type"
            ],
            "additionalProperties": false
        },
        "BooleanDataType": {
            "description": "The data type definition of a PropertyDefinition that represents a boolean property.",
            "type": "object",
            "properties": {
                "Type": {
                    "description": "Defines the data type of a PropertyDefinition.",
                    "type": "string",
                    "enum": [
                        "Boolean"
                    ]
                },
                "Unit": {
                    "description": "Defines the unit of a PropertyDefinition in metric unit system.",
                    "type": "string"
                },
                "KeyLOV": {
                    "description": "Defines the KeyLOV associated with PropertyDefinition in metric unit system. Valid value for this field is a KeyLOVDefinition IRDI.",
                    "type": "string"
                }
            },
            "required": [
                "Type"
            ],
            "additionalProperties": false
        },
        "ReferenceDataType": {
            "description": "The data type definition of a PropertyDefinition that represents a reference property.",
            "type": "object",
            "properties": {
                "Type": {
                    "description": "Defines the data type of a PropertyDefinition.",
                    "type": "string",
                    "enum": [
                        "Reference"
                    ]
                },
                "BlockReference": {
                    "description": "The BlockReference can point to the following:  Property Block; KeyLOV(Type: Reference); KeyLOV(Type: String). ",
                    "type": "string"
                },
                "CardinalityController": {
                    "description": "Defines the IRDI string reference to the property that represents the block property definition.",
                    "type": "string"
                }
            },
            "required": [
                "Type"
            ],
            "additionalProperties": false
        },
        "L10NProperty": {
            "description": "This can be either a simple string or an L10N construct.",
            "oneOf": [
                {
                    "type": "string"
                },
                {
                    "$ref": "#/definitions/L10NString"
                }
            ]
        },
        "L10NTranslation": {
            "description": "The localization values.",
            "type": "object",
            "properties": {
                "Locale": {
                    "description": "The locale in which the request is to be processed. These are the common Teamcenter languages codes. The language codes within Teamcenter follow the standard Java language naming convention (for example, en_US and fr_FR ). It is a five-letter code containing a two-letter language, an underscore, and a two-letter area code in uppercase. This follows the ISO639_ISO3166 template.",
                    "type": "string",
                    "minLength": 5,
                    "maxLength": 5
                },
                "IsMasterLocale": {
                    "description": "Defines whether this entry represents the master locale. Only one locale can be marked as master locale.",
                    "type": "boolean"
                },
                "TranslationStatus": {
                    "description": "The status of the translation value: M- Master, A - Approved, I - Invalid, R - In Review, P - Pending.",
                    "type": "string",
                    "enum": [
                        "M",
                        "A",
                        "I",
                        "R",
                        "P"
                    ]
                },
                "Value": {
                    "description": "The translation value.",
                    "type": "string",
                    "minLength": 1,
                    "maxLength": 1024
                }
            },
            "required": [
                "Locale",
                "TranslationStatus",
                "Value"
            ],
            "additionalProperties": false
        },
        "L10NString": {
            "description": "A translatable string value",
            "type": "object",
            "properties": {
                "Locale": {
                    "description": "The locale in which the request is to be processed. These are the common Teamcenter languages codes. The language codes within Teamcenter follow the standard Java language naming convention (for example, en_US and fr_FR ). It is a five-letter code containing a two-letter language, an underscore, and a two-letter area code in uppercase. This follows the ISO639_ISO3166 template.",
                    "type": "string",
                    "minLength": 5,
                    "maxLength": 5
                },
                "IsMasterLocale": {
                    "description": "Defines whether this entry represents the master locale. Only one locale can be marked as master locale.",
                    "type": "boolean"
                },
                "TranslationStatus": {
                    "description": "The status of the translation value: M- Master, A - Approved, I - Invalid, R - In Review, P - Pending.",
                    "type": "string",
                    "enum": [
                        "M",
                        "A",
                        "I",
                        "R",
                        "P"
                    ]
                },
                "Value": {
                    "description": "The translation value.",
                    "type": "string",
                    "minLength": 1,
                    "maxLength": 1024
                },
                "Translations": {
                    "description": "The translation values.",
                    "type": "array",
                    "items": {
                        "$ref": "#/definitions/L10NTranslation"
                    }
                }
            },
            "required": [
                "Locale",
                "TranslationStatus",
                "Value"
            ],
            "additionalProperties": false
        },
        "UserDataEntry": {
            "description": "User specific name-value pairs",
            "type": "object",
            "properties": {
                "Name": {
                    "description": "Defines the name of an UserDataEntry.",
                    "type": "string",
                    "maxLength": 128
                },
                "Sequence": {
                    "description": "Defines the sequence number of an UserDataEntry.",
                    "type": "integer",
                    "minimum": 1
                },
                "Value": {
                    "description": "Defines the value of an UserDataEntry.",
                    "type": "string",
                    "minLength": 1,
                    "maxLength": 1024
                }
            },
            "required": [
                "Name",
                "Value"
            ],
            "additionalProperties": false
        }
    }
}
