{
  "$schema": "http://json-schema.org/draft-04/schema#",
  "description": "Object defining the request that require a list of Classification ClassDefinition admin objects as input. e.g save",
  "type": "object",
  "properties": {
    "SchemaVersion": {
      "type": "string",
      "enum": [
        "1.0.0"
      ]
    },
    "Locale": {
      "description": "The locale in which the request is to be processed. These are the common Teamcenter language codes. The language codes within Teamcenter follow the standard Java language naming convention (for example, en_US and fr_FR ).It is a five-letter code containing a two-letter language, an underscore, and a two-letter area code in uppercase. This follows the ISO639_ISO3166 template.",
      "type": "string",
      "minLength": 5,
      "maxLength": 5
    },
    "ClassDefinitions": {
      "type": "array",
      "items": {
        "$ref": "#/definitions/ClassDefinition"
      }
    }
  },
  "required": [
    "SchemaVersion",
    "Locale",
    "ClassDefinitions"
  ],
  "additionalProperties": false,
  "definitions": {
    "ClassDefinition": {
      "title": "Classification Class Definition",
      "type": "object",
      "properties": {
        "IRDI": {
                "description": "Unique identifier of the Class definition. This IRDI (International Registration Data Identifier) is build from Namespace, ID and Revision separated by \"#\".",
                "type": "string"
        },
        "SMLObjectId": {
                    "description": "ID of migrated traditional classification class. This property will only be used by the migration utility.",
                    "type": "string"
        },
        "ObjectType": {
                    "description": "Defines the object type definition, this can be either \"01\" or \"ClassDefinition\".",
          "type": "string",
          "enum": [
            "01",
            "ClassDefinition"
          ]
        },
        "Namespace": {
          "description": "The namespace to use during ClassDefinition creation. Please refer to the Teamcenter documentation for more information on Namespace.",
          "type": "string",
          "maxLength": 32
        },
        "ID": {
          "description": "The ID to use during ClassDefinition creation.",
          "type": "string",
          "maxLength": 32
        },
        "Revision": {
                    "description": "Defines the Revision to use during ClassDefinition creation.",
          "type": "string",
          "maxLength": 3
        },
        "MinorRevision": {
                    "description": "Minor Revision identifies changes between (major) Revisions. This feature is currently not supported.",
          "type": "string",
          "maxLength": 3
        },
        "Status": {
                    "description": "The status of the ClassDefinition. Currently ClassDefinition supports Develop, Released and Retired status. Develop status means an object is still under development and can be changed. Released objects are finalized and ready to use. Retired objects should not be used anymore.",
          "type": "string",
          "enum": [
            "Develop",
            "Released",
            "Retired"
          ]
        },
        "IsDeprecated": {
          "description": "Defines whether the ClassDefinition is deprecated and should not be used further.",
          "type": "boolean"
        },
        "Name": {
                    "description": "Defines the name of the ClassDefinition. This can be either a simple string or an L10N construct.",
                    "$ref": "#/definitions/L10NProperty"
                },
                "ShortName": {
                    "description": "Defines the short name of the ClassDefinition. This can be either a simple string or an L10N construct.",
          "$ref": "#/definitions/L10NProperty"
        },
        "Definition": {
          "description": "The definition of the ClassDefinition. This can be either a simple string or an L10N construct.",
          "$ref": "#/definitions/L10NProperty"
        },
        "SourceStandard": {
            "description": "Specifies the eClass version of the ClassDefinition.",
            "type": "string"
        },
        "Note": {
                    "description": "Defines the note of the ClassDefinition. This can be either a simple string or an L10N construct.",
          "$ref": "#/definitions/L10NProperty"
        },
        "Remark": {
                    "description": "Defines the remark of the ClassDefinition. This can be either a simple string or an L10N construct.",
          "$ref": "#/definitions/L10NProperty"
        },
        "UserData": {
          "description": "An array of user data attached to the ClassDefinition.",
          "type": "array",
          "items": {
            "$ref": "#/definitions/UserDataEntry"
          }
        },
        "Parents": {
                    "description": "An array that contains the IRDI(s) of any parent hierarchy. The first entry in the list is the direct parent.",
          "type": "array",
          "items": {
            "type": "string"
          }
        },
        "ClassType": {
          "description": "Defines the type of the class. Possible Values are: \"Application Class\", \"Block\" or \"Aspect\".",
          "type": "string",
          "enum": [
            "Application Class",
            "Aspect",
            "Block"
          ]
        },
        "IsAbstract": {
                    "description": "Defines the instantiation of the ClassDefinition. If this property is set to True; user will not be able to save any instances of this ClassDefinition. Abstract classes are used primarily to gather common attributes that are inherited by child (descendant) classes.",
                    "type": "boolean"
                },
                "UnitSystem": {
                    "description": "Defines the unit system in which the instances of this class will be stored: 1 - 'metric', 2 - 'non-metric', 3 - 'both'",
          "type": "integer",
          "enum": [
            1,
            2,
            3
          ]
        },
        "ClassAttributes": {
                    "description": "Defines the list of attributes being added to current ClassDefinition.",
                    "type": "array",
                    "items": {
                        "$ref": "#/definitions/ClassAttribute"
                    }
                },
                "ClassAttributeOptions": {
                    "description": "Defines the options for local and inherited attributes.",
          "type": "array",
          "items": {
            "oneOf": [
              {
                "type": "object",
                "properties": {
                  "AttributeIRDI": {
                    "description": "IRDI of the attribute to which this option should be associated. The attribute needs to be part of the class definition either local or inherited.",
                    "type": "string"
                  },
                  "MetricMinValue": {
                    "description": "The minimum metric value a numeric property (integer or double) must have.",
                    "type": "number"
                  }
                },
                "required": [
                  "AttributeIRDI",
                  "MetricMinValue"
                ],
                "additionalProperties": false
              },
              {
                "type": "object",
                "properties": {
                  "AttributeIRDI": {
                    "description": "IRDI of the attribute to which this option should be associated. The attribute needs to be part of the class definition either local or inherited.",
                    "type": "string"
                  },
                  "NonMetricMinValue": {
                    "description": "The minimum nonmetric value a numeric property (integer or double) must have.",
                    "type": "number"
                  }
                },
                "required": [
                  "AttributeIRDI",
                  "NonMetricMinValue"
                ],
                "additionalProperties": false
              },
              {
                "type": "object",
                "properties": {
                  "AttributeIRDI": {
                    "description": "IRDI of the attribute to which this option should be associated. The attribute needs to be part of the class definition either local or inherited.",
                    "type": "string"
                  },
                  "MetricMaxValue": {
                    "description": "The maximum metric value a numeric (integer or double) property must have.",
                    "type": "number"
                  }
                },
                "required": [
                  "AttributeIRDI",
                  "MetricMaxValue"
                ],
                "additionalProperties": false
              },
              {
                "type": "object",
                "properties": {
                  "AttributeIRDI": {
                    "description": "IRDI of the attribute to which this option should be associated. The attribute needs to be part of the class definition either local or inherited.",
                    "type": "string"
                  },
                  "NonMetricMaxValue": {
                    "description": "The maximum nonmetric value a numeric (integer or double) property must have.",
                    "type": "number"
                  }
                },
                "required": [
                  "AttributeIRDI",
                  "NonMetricMaxValue"
                ],
                "additionalProperties": false
              },
              {
                "type": "object",
                "properties": {
                  "AttributeIRDI": {
                    "description": "IRDI of the attribute to which this option should be associated. The attribute needs to be part of the class definition either local or inherited.",
                    "type": "string"
                  },
                  "MetricDefaultValue": {
                    "description": "The metric value a property should have if no other value has been specified.",
                    "type": [
                      "string",
                      "number",
                      "boolean"
                    ]
                  }
                },
                "required": [
                  "AttributeIRDI",
                  "MetricDefaultValue"
                ],
                "additionalProperties": false
              },
              {
                "type": "object",
                "properties": {
                  "AttributeIRDI": {
                    "description": "IRDI of the attribute to which this option should be associated. The attribute needs to be part of the class definition either local or inherited.",
                    "type": "string"
                  },
                  "NonMetricDefaultValue": {
                    "description": "The nonmetric value a property should have if no other value has been specified.",
                    "type": [
                      "string",
                      "number",
                      "boolean"
                    ]
                  }
                },
                "required": [
                  "AttributeIRDI",
                  "NonMetricDefaultValue"
                ],
                "additionalProperties": false
              },
              {
                "type": "object",
                "properties": {
                  "AttributeIRDI": {
                    "description": "IRDI of the attribute to which this option should be associated. The attribute needs to be part of the class definition either local or inherited.",
                    "type": "string"
                  },
                  "MetricConstantValue": {
                    "description": "Defines the metric value that will be always set as the property value and which can't be overwritten.",
                    "type": [
                      "string",
                      "number",
                      "boolean"
                    ]
                  }
                },
                "required": [
                  "AttributeIRDI",
                  "MetricConstantValue"
                ],
                "additionalProperties": false
              },
              {
                "type": "object",
                "properties": {
                  "AttributeIRDI": {
                    "description": "IRDI of the attribute to which this option should be associated. The attribute needs to be part of the class definition either local or inherited.",
                    "type": "string"
                  },
                  "NonMetricConstantValue": {
                    "description": "Defines the nonmetric value that will be always set as the property value and which can't be overwritten.",
                    "type": [
                      "string",
                      "number",
                      "boolean"
                    ]
                  }
                },
                "required": [
                  "AttributeIRDI",
                  "NonMetricConstantValue"
                ],
                "additionalProperties": false
              },
              {
                "type": "object",
                "properties": {
                  "AttributeIRDI": {
                    "description": "IRDI of the attribute to which this option should be associated. The attribute needs to be part of the class definition either local or inherited.",
                    "type": "string"
                  },
                  "IsRequired": {
                                        "description": "Specifies if a value for this property is required in order to save the instances of the ClassDefinition.",
                    "type": "boolean"
                  }
                },
                "required": [
                  "AttributeIRDI",
                  "IsRequired"
                ],
                "additionalProperties": false
              }
            ]
          }
        }
      },
      "required": [
        "ObjectType",
        "Namespace",
        "ID",
        "Name",
        "ClassType",
        "UnitSystem"
      ],
      "additionalProperties": false
    },
    "ClassAttribute": {
            "description": "Defines the properties of a class attribute.",
      "title": "Classification Class Attribute Definition",
      "type": "object",
      "properties": {
        "AttributeIndex": {
          "description": "Position of the attribute within the class. Note: This property will be ignored during import and will just be written out.",
          "type": "integer",
          "minimum": 1
        },
        "DBIndex": {
          "description": "Position of the attribute value in the Cst0PropertyRecord object that holds the instances of the class definitions.
          This value is unique within each data type of the attribute and will be 0 (unset) for VLA and localizable attributes. E.g.: Cst0PropInteger_1.
          Note: This property will be ignored during import and will just be written out.",
          "type": "integer"
        },
        "Type": {
          "description": "Defines the type of this class attribute. 'Aspect' if the \"Reference\" property points to a class definition of type 'Aspect' or 'Property' if the \"Reference\" property points to a property definition",
          "type": "string",
          "enum": [
            "Property",
            "Aspect"
          ]
        },
        "Reference": {
          "description": "IRDI of the Property, Class or KeyLOV representing this attribute.",
          "type": "string"
        },
        "Cardinality": {
          "description": "The number of values that can be stored for this attribute.
          -1: unlimited. unset.
          0,1: one value only.
          2 ... N: maximum number of values allowed.",
          "type": "integer"
        },
        "Annotation": {
          "description": "A short string used to build a reference to a class specific image.",
          "type": "string",
          "maxLength": 32
        },
        "IsDeprecated": {
          "description": "Defines whether the PropertyDefinition is deprecated and should not be used further.",
          "type": "boolean"
        },
        "UserData": {
          "description": "An array of user data attached to the ClassDefinition.",
          "type": "array",
          "items": {
            "$ref": "#/definitions/UserDataEntry"
          }
        }
      },
      "required": [
        "Type",
        "Reference"
      ],
      "additionalProperties": false
    },
    "L10NProperty": {
      "description": "This can be either a simple string or an L10N construct.",
      "oneOf": [
        {
          "type": "string"
        },
        {
          "$ref": "#/definitions/L10NString"
        }
      ]
    },
    "L10NTranslation": {
      "description": "The localization values.",
      "type": "object",
      "properties": {
        "Locale": {
          "description": "The locale in which the request is to be processed. These are the common Teamcenter language codes. The language codes within Teamcenter follow the standard Java language naming convention (for example, en_US and fr_FR). It is a five-letter code containing a two-letter language, an underscore, and a two-letter area code in uppercase. This follows the ISO639_ISO3166 template.",
          "type": "string",
          "minLength": 5,
          "maxLength": 5
        },
        "IsMasterLocale": {
          "description": "Defines whether this entry represents the master locale. Only one locale can be marked as master locale.",
          "type": "boolean"
        },
        "TranslationStatus": {
          "description": "The status of the translation value: M- Master, A - Approved, I - Invalid, R - In Review, P - Pending.",
          "type": "string",
          "enum": [
            "M",
            "A",
            "I",
            "R",
            "P"
          ]
        },
        "Value": {
          "description": "The translation value.",
          "type": "string",
          "minLength": 1,
          "maxLength": 1024
        }
      },
      "required": [
        "Locale",
        "TranslationStatus",
        "Value"
      ],
      "additionalProperties": false
    },
    "L10NString": {
      "description": "A translatable string value",
      "type": "object",
      "properties": {
        "Locale": {
          "description": "The locale in which the request is to be processed. These are the common Teamcenter language codes. The language codes within Teamcenter follow the standard Java language naming convention (for example, en_US and fr_FR ). It is a five-letter code containing a two-letter language, an underscore, and a two-letter area code in uppercase. This follows the ISO639_ISO3166 template.",
          "type": "string",
          "minLength": 5,
          "maxLength": 5
        },
        "IsMasterLocale": {
          "description": "Defines whether this entry represents the master locale. Only one locale can be marked as master locale.",
          "type": "boolean"
        },
        "TranslationStatus": {
          "description": "The status of the translation value: M- Master, A - Approved, I - Invalid, R - In Review, P - Pending.",
          "type": "string",
          "enum": [
            "M",
            "A",
            "I",
            "R",
            "P"
          ]
        },
        "Value": {
          "description": "The translation value.",
          "type": "string",
          "minLength": 1,
          "maxLength": 1024
        },
        "Translations": {
          "description": "The translation values.",
          "type": "array",
          "items": {
            "$ref": "#/definitions/L10NTranslation"
          }
        }
      },
      "required": [
        "Locale",
        "TranslationStatus",
        "Value"
      ],
      "additionalProperties": false
    },
    "UserDataEntry": {
            "description": "Defines the user specific name-value pairs",
      "type": "object",
      "properties": {
        "Name": {
          "type": "string",
          "maxLength": 128
        },
        "Sequence": {
          "type": "integer",
          "minimum": 1
        },
        "Value": {
          "type": "string",
          "minLength": 1,
          "maxLength": 1024
        }
      },
      "required": [
        "Name",
        "Value"
      ],
      "additionalProperties": false
    }
  }
}
