{
    "$schema": "http://json-schema.org/draft-04/schema#",
    "description": "Object defining the request containing expressions to search Classification Standard Taxonomy definition objects.",
    "type": "object",
    "properties": {
        "SchemaVersion": {
            "description": "The schema version to use when processing the JSON request.",
            "type": "string",
            "enum": [
                "1.0.0"
            ]
        },
        "Locale": {
            "description": "The locale in which the request is to be processed. These are the common Teamcenter languages codes. The language codes within Teamcenter follow the standard Java language naming convention (for ex-ample, en_US and fr_FR ). It is a five-letter code containing a two-letter language, an underscore, and a two-letter area code in uppercase. This follows the ISO639_ISO3166 template.",
            "type": "string",
            "minLength": 5,
            "maxLength": 5
        },
        "IncludeDisplayNames": {
            "description": "Indicates whether display names of properties belonging to all definition types should be returned.",
            "type": "boolean"
        },
        "SearchCriteria": {
            "description": "Defines a list of search criteria to be used while performing searches. An independent search is performed for each criteria defined.",
            "type": "array",
            "items": {
                "$ref": "#/definitions/Criteria"
            }
        }
    },
    "required": [
        "SchemaVersion",
        "Locale",
        "SearchCriteria"
    ],
    "additionalProperties": false,
    "definitions": {
        "Criteria": {
            "description": "Defines the object containing various parameters to use while performing search and/or while returning search results.",
            "type": "object",
            "properties": {
                "ObjectType": {
                    "description": "The object type definition.",
                    "type": "string",
                    "enum": [
                        "NodeDefinition",
                        "ClassDefinition",
                        "PropertyDefinition",
                        "KeyLOVDefinition"
                    ]
                },
                "Select": {
                    "description": "Defines the list of properties to be populated in the response. If not defined, IRDI will be populated by default. Array properties are not supported. In addition to schema properties, select on 'HasChildren' is supported for 'ClassDefinition'. This is a boolean property indicating whether a ClassDefinition has children.",
                    "type": "array",
                    "minItems": 1,
                    "items": {
                        "type": "string"
                    }
                },
                "SearchExpression": {
                    "description": "Expression to be used while searching or querying on the specified 'ObjectType'.",
                    "type": "object",
                    "oneOf": [
                        {
                            "$ref": "#/definitions/OperatorExpression"
                        },
                        {
                            "$ref": "#/definitions/AndExpression"
                        }
                    ]
                },
                "OrderBy": {
                    "description": "Defines the list of properties to use for ordering the search results. If no term is provided, results will be ordered based on 'Last Saved Date'.",
                    "type": "array",
                    "minItems": 1,
                    "items": {
                        "$ref": "#/definitions/OrderByTerm"
                    }
                },
                "Options": {
                    "description": "Defines parameters to control information returned in search results.",
                    "type": "object",
                    "properties": {
                        "limit": {
                            "description": "Defines the number of results to be returned. A negative value will return all found results.",
                            "type": "number"
                        },
                        "offset": {
                            "description": "Defines the starting index from which the results will be returned. A negative value will be ignored and results will be returned starting from index 0.",
                            "type": "number"
                        },
                        "loadObjects": {
                            "description": "Flag to indicate whether the result objects should be loaded. If set to true, the response will contain complete object information in 'ObjectDefinitions' container.",
                            "type": "boolean"
                        }
                    },
                    "additionalProperties": false
                }
            },
            "required": [
                "ObjectType"
            ],
            "additionalProperties": false
        },
        "OperatorExpression": {
            "description": "Defines the object containing the operator, the property name and the value to search against the property. An error will be returned if the specified property does not exist on the 'ObjectType' or if the specified value type does not match with the actual type of the property.",
            "oneOf": [
                {
                    "$ref": "#/definitions/EqualsOperator"
                },
                {
                    "$ref": "#/definitions/NotEqualsOperator"
                },
                {
                    "$ref": "#/definitions/GreaterThanOperator"
                },
                {
                    "$ref": "#/definitions/LessThanOperator"
                },
                {
                    "$ref": "#/definitions/GreaterThanOrEqualToOperator"
                },
                {
                    "$ref": "#/definitions/LessThanOrEqualToOperator"
                },
                {
                    "$ref": "#/definitions/LikeOperator"
                },
                {
                    "$ref": "#/definitions/NotLikeOperator"
                },
                {
                    "$ref": "#/definitions/InOperator"
                },
                {
                    "$ref": "#/definitions/NotInOperator"
                },
                {
                    "$ref": "#/definitions/NullOperator"
                },
                {
                    "$ref": "#/definitions/NotNullOperator"
                }
            ]
        },
        "AndExpression": {
            "description": "This is used to specify an 'AND' relation. All the search expressions specified within will be ANDed against each other.",
            "type": "object",
            "properties": {
                "$and": {
                    "type": "array",
                    "minItems": 2,
                    "items": {
                        "$ref": "#/definitions/OperatorExpression"
                    }
                }
            },
            "additionalProperties": false
        },
        "OrderByTerm": {
            "type": "object",
            "properties": {
                "ID": {
                    "type": "string",
                    "description": "The name of the property on which the results are to be ordered."
                },
                "Sort": {
                    "description": "Specifies the sort direction, where 'ASC' indicates ascending and 'DESC' indicates descending order.",
                    "type": "string",
                    "enum": [
                        "ASC",
                        "DESC"
                    ]
                }
            },
            "additionalProperties": false
        },
        "EqualsOperator": {
            "description": "This is the 'equals' operator",
            "type": "object",
            "properties": {
                "$eq": {
                    "type": "object",
                    "properties": {
                        "ID": {
                            "description": "This is the name of the property to be used for the search.",
                            "type": "string"
                        },
                        "Value": {
                            "description": "This is the value to be searched against the ID.",
                            "$ref": "#/definitions/DataTypes"
                        }
                    },
                    "required": [
                        "ID",
                        "Value"
                    ],
                    "additionalProperties": false
                }
            },
            "additionalProperties": false
        },
        "NotEqualsOperator": {
            "description": "This is the 'not equal to' operator",
            "type": "object",
            "properties": {
                "$ne": {
                    "type": "object",
                    "properties": {
                        "ID": {
                            "description": "This is the property name to be used for the search.",
                            "type": "string"
                        },
                        "Value": {
                            "description": "This is the value to be searched against the ID.",
                            "$ref": "#/definitions/DataTypes"
                        }
                    },
                    "required": [
                        "ID",
                        "Value"
                    ],
                    "additionalProperties": false
                }
            },
            "additionalProperties": false
        },
        "GreaterThanOperator": {
            "description": "This is the 'greater than' operator",
            "type": "object",
            "properties": {
                "$gt": {
                    "type": "object",
                    "properties": {
                        "ID": {
                            "description": "This is the property name to be used for the search.",
                            "type": "string"
                        },
                        "Value": {
                            "description": "This is the value to be searched against the ID.",
                            "oneOf": [
                                {
                                    "type": "string"
                                },
                                {
                                    "type": "number"
                                }
                            ]
                        }
                    },
                    "required": [
                        "ID",
                        "Value"
                    ],
                    "additionalProperties": false
                }
            },
            "additionalProperties": false
        },
        "LessThanOperator": {
            "type": "object",
            "properties": {
                "$lt": {
                    "description": "This is the 'less than' operator",
                    "type": "object",
                    "properties": {
                        "ID": {
                            "description": "This is the property name to be used for the search.",
                            "type": "string"
                        },
                        "Value": {
                            "description": "This is the value to be searched against the ID.",
                            "oneOf": [
                                {
                                    "type": "string"
                                },
                                {
                                    "type": "number"
                                }
                            ]
                        }
                    },
                    "required": [
                        "ID",
                        "Value"
                    ],
                    "additionalProperties": false
                }
            },
            "additionalProperties": false
        },
        "GreaterThanOrEqualToOperator": {
            "type": "object",
            "properties": {
                "$gte": {
                    "description": "This is the 'greater than or equal to' operator",
                    "type": "object",
                    "properties": {
                        "ID": {
                            "description": "This is the property name to be used for the search.",
                            "type": "string"
                        },
                        "Value": {
                            "description": "This is the value to be searched against the ID.",
                            "oneOf": [
                                {
                                    "type": "string"
                                },
                                {
                                    "type": "number"
                                }
                            ]
                        }
                    },
                    "required": [
                        "ID",
                        "Value"
                    ],
                    "additionalProperties": false
                }
            },
            "additionalProperties": false
        },
        "LessThanOrEqualToOperator": {
            "type": "object",
            "properties": {
                "$lte": {
                    "description": "This is the 'less than or equal to' operator",
                    "type": "object",
                    "properties": {
                        "ID": {
                            "description": "This is the property name to be used for the search.",
                            "type": "string"
                        },
                        "Value": {
                            "description": "This is the value to be searched against the ID.",
                            "oneOf": [
                                {
                                    "type": "string"
                                },
                                {
                                    "type": "number"
                                }
                            ]
                        }
                    },
                    "required": [
                        "ID",
                        "Value"
                    ],
                    "additionalProperties": false
                }
            },
            "additionalProperties": false
        },
        "LikeOperator": {
            "type": "object",
            "properties": {
                "$like": {
                    "description": "Use this to specify a wildcard string that the property ID should match.",
                    "type": "object",
                    "properties": {
                        "ID": {
                            "description": "This is the property name to be used for the search.",
                            "type": "string"
                        },
                        "Value": {
                            "description": "This is the value to be searched against the ID.",
                            "type": "string"
                        }
                    },
                    "required": [
                        "ID",
                        "Value"
                    ],
                    "additionalProperties": false
                }
            },
            "additionalProperties": false
        },
        "NotLikeOperator": {
            "type": "object",
            "properties": {
                "$nlike": {
                    "description": "Use this to specify a wildcard string that the property ID should NOT match.",
                    "type": "object",
                    "properties": {
                        "ID": {
                            "description": "This is the property name to be used for the search.",
                            "type": "string"
                        },
                        "Value": {
                            "description": "This is the value to be searched against the ID.",
                            "type": "string"
                        }
                    },
                    "required": [
                        "ID",
                        "Value"
                    ],
                    "additionalProperties": false
                }
            },
            "additionalProperties": false
        },
        "InOperator": {
            "description": "Use this to specify an array of values of which at least one must match.",
            "type": "object",
            "properties": {
                "$in": {
                    "type": "object",
                    "properties": {
                        "ID": {
                            "description": "This is the property name to be used for the search.",
                            "type": "string"
                        },
                        "Value": {
                            "description": "This is the value to be searched against the ID.",
                            "type": "array",
                            "minItems": 1,
                            "items": {
                                "$ref": "#/definitions/DataTypes"
                            }
                        }
                    },
                    "required": [
                        "ID",
                        "Value"
                    ],
                    "additionalProperties": false
                }
            },
            "additionalProperties": false
        },
        "NotInOperator": {
            "description": "Use this to specify an array of values NONE of which should match.",
            "type": "object",
            "properties": {
                "$nin": {
                    "type": "object",
                    "properties": {
                        "ID": {
                            "description": "This is the property name to be used for the search.",
                            "type": "string"
                        },
                        "Value": {
                            "description": "This is the value to be searched against the ID.",
                            "type": "array",
                            "minItems": 1,
                            "items": {
                                "$ref": "#/definitions/DataTypes"
                            }
                        }
                    },
                    "required": [
                        "ID",
                        "Value"
                    ],
                    "additionalProperties": false
                }
            },
            "additionalProperties": false
        },
        "NullOperator": {
            "description": "Use this to specify that a given property has null value.",
            "type": "object",
            "properties": {
                "$null": {
                    "type": "object",
                    "properties": {
                        "ID": {
                            "description": "This is the property name to be used for the search.",
                            "type": "string"
                        }
                    },
                    "required": [
                        "ID"
                    ],
                    "additionalProperties": false
                }
            },
            "additionalProperties": false
        },
        "NotNullOperator": {
            "description": "Use this to specify that a given property does NOT have a null value.",
            "type": "object",
            "properties": {
                "$notNull": {
                    "type": "object",
                    "properties": {
                        "ID": {
                            "description": "This is the property name to be used for the search.",
                            "type": "string"
                        }
                    },
                    "additionalProperties": false
                }
            },
            "additionalProperties": false
        },
        "DataTypes": {
            "description": "List of supported data-types in expressions.",
            "oneOf": [
                {
                    "type": "boolean"
                },
                {
                    "type": "number"
                },
                {
                    "type": "string"
                }
            ]
        }
    }
}
