{
  "$schema": "http://json-schema.org/draft-04/schema#",
  "description": "The file is used when processing the JSON request to get Classification admin objects using UIDs.",
  "type": "object",
  "properties": {
    "SchemaVersion": {
      "description": "The schema version to use when processing the JSON request to get Classification admin objects using UIDs.",
      "type": "string",
      "enum": [
        "1.0.0"
      ]
    },
    "Locale": {
      "description": "The locale in which the request is to be processed. These are the common Teamcenter languages codes.
      The language codes within Teamcenter follow the standard Java language naming convention (for example, en_US and fr_FR ).
      It is a five-letter code containing a two-letter language, an underscore, and a two-letter area code in uppercase.
      This follows the ISO639_ISO3166 template.",
      "type": "string",
      "minLength": 5,
      "maxLength": 5
    },
    "ObjectUIDList": {
      "description": "This list defines the UIDs to use when retrieving objects.",
      "type": "array",
      "minItems": 1,
      "uniqueItems": true,
      "items": {
        "type": "string"
      }
    }
  },
  "required": [
    "SchemaVersion",
    "Locale",
    "ObjectUIDList"
  ],
  "additionalProperties": false
}
