{
    "$schema": "http://json-schema.org/draft-04/schema#",
    "description": "This file defines the schema for a Classification Standard Taxonomy \"find\" request.",
    "type": "object",
    "properties": {
        "SchemaVersion": {
            "description": "The schema version to use when processing the JSON request to find Classification admin and application objects.",
            "type": "string",
            "enum": [
                "1.0.0"
            ]
        },
        "Locale": {
            "description": "The locale in which the request is to be processed. These are the common Teamcenter languages codes.
            The language codes within Teamcenter follow the standard Java language naming convention (for example, en_US and fr_FR ).
            It is a five-letter code containing a two-letter language, an underscore, and a two-letter area code in uppercase.
            This follows the ISO639_ISO3166 template.",
            "type": "string",
            "minLength": 5,
            "maxLength": 5
        },
        "ObjectIDList": {
            "description": "This list defines the properties to use when searching for objects. At least the \"ID\" must be specified.",
            "type": "array",
            "minItems": 1,
            "uniqueItems": true,
            "items": {
                "type": "object",
                "properties": {
                    "Namespace": {
                        "description": "The namespace of the object to be found. This is an optional property for property records. Please refer to the Teamcenter documentation for more information on Namespace.",
                        "type": "string"
                    },
                    "ID": {
                        "description": "The ID of the object to be found.",
                        "type": "string"
                    },
                    "Revision": {
                        "description": "The revision ID of the object to be found.",
                        "type": "string"
                    }
                },
                "required": [
                    "ID"
                ],
                "additionalProperties": false
            }
        }
    },
    "required": [
        "SchemaVersion",
        "Locale",
        "ObjectIDList"
    ],
    "additionalProperties": false
}
