{
  "$schema": "http://json-schema.org/draft-04/schema#",
  "description": "This schema describes a JSON request for creating Classification NodeDefinitions.",
  "type": "object",
  "properties": {
    "SchemaVersion": {
      "description": "The schema version to use when processing the JSON request.",
      "type": "string",
      "enum": [
        "1.0.0"
      ]
    },
    "Locale": {
      "description": "The locale in which the request is to be processed. These are the common Teamcenter languages codes. The language codes within Teamcenter follow the standard Java language naming convention (for example, en_US and fr_FR ).It is a five-letter code containing a two-letter language, an underscore, and a two-letter area code in uppercase. This follows the ISO639_ISO3166 template.",
      "type": "string",
      "minLength": 5,
      "maxLength": 5
    },
    "NodeDefinitions": {
      "description": "An array of NodeDefinitions to create.",
      "type": "array",
      "minItems": 1,
      "uniqueItems": true,
      "items": {
        "$ref": "#/definitions/NodeDefinition"
      }
    }
  },
  "required": [
    "SchemaVersion",
    "Locale",
    "NodeDefinitions"
  ],
  "additionalProperties": false,
  "definitions": {
    "NodeDefinition": {
      "description": "A Classification NodeDefinition",
      "type": "object",
      "properties": {
        "Namespace": {
          "description": "The namespace to use during NodeDefinition creation. Please refer to the Teamcenter documentation for more information on Namespace.",
          "type": "string",
          "maxLength": 32
        },
        "ID": {
          "description": "The ID to use during NodeDefinition creation.",
          "type": "string",
          "maxLength": 32
        },
        "Revision": {
          "description": "Defines the revision identifier of NodeDefinition. This feature is currently not supported.",
          "type": "string",
          "maxLength": 3
        },
        "MinorRevision": {
          "description": "Defines the MinorRevision of a NodeDefinition. Minor Revision identifies changes between (major) Revisions. This feature is currently not supported.",
          "type": "string",
          "maxLength": 3
        },
        "IsDeprecated": {
          "description": "Defines whether the NodeDefinition is deprecated and should not be used further. This feature is currently not supported.",
          "type": "boolean"
        },
        "UserData": {
          "description": "An array of user data attached to the NodeDefinition. This feature is currently not supported.",
          "type": "array",
          "items": {
            "$ref": "#/definitions/UserDataEntry"
          }
        },
        "Name": {
          "description": "The name of the NodeDefinition.",
          "type": "string",
          "maxLength": 128
        },
        "ShortName": {
          "description": "The short name of the NodeDefinition.",
          "type": "string",
          "maxLength": 1024
        },
        "Definition": {
          "description": "The definition of the NodeDefinition.",
          "type": "string",
          "maxLength": 1024
        },
        "Note": {
          "description": "The note of the NodeDefinition.",
          "type": "string",
          "maxLength": 1024
        },
        "Remark": {
          "description": "The remark of the NodeDefinition.",
          "type": "string",
          "maxLength": 1024
        },
        "HierarchicalPosition": {
          "type": "string",
          "maxLength": 11
        },
        "Parent": {
          "type": "object",
          "properties": {
            "Namespace": {
              "description": "The namespace of the parent NodeDefinition.",
              "type": "string",
              "maxLength": 32
            },
            "ID": {
              "description": "The ID of the parent NodeDefinition.",
              "type": "string",
              "maxLength": 32
            },
            "Revision": {
              "description": "The Revision of the parent NodeDefinition.",
              "type": "string",
              "maxLength": 3
            }
          },
          "required": [
            "Namespace",
            "ID"
          ],
          "additionalProperties": false
        },
        "ApplicationClass": {
          "type": "object",
          "properties": {
            "Namespace": {
              "description": "The namespace of the application class.",
              "type": "string",
              "maxLength": 32
            },
            "ID": {
              "description": "The ID of the application class.",
              "type": "string",
              "maxLength": 32
            },
            "Revision": {
              "description": "The Revision of the application class.",
              "type": "string",
              "maxLength": 3
            }
          },
          "required": [
            "Namespace",
            "ID"
          ],
          "additionalProperties": false
        }
      },
      "required": [
        "Namespace",
        "ID",
        "Name"
      ],
      "additionalProperties": false
    },
    "UserDataEntry": {
      "description": "User specific name-value pairs",
      "type": "object",
      "properties": {
        "Name": {
          "description": "Defines the name of a UserDataEntry.",
          "type": "string",
          "maxLength": 128
        },
        "Sequence": {
          "description": "Defines the sequence number of a UserDataEntry.",
          "type": "integer",
          "minimum": 1
        },
        "Value": {
          "description": "Defines the value of a UserDataEntry.",
          "type": "string",
          "minLength": 1,
          "maxLength": 1024
        }
      },
      "required": [
        "Name",
        "Value"
      ],
      "additionalProperties": false
    }
  }
}
