{
    "$schema": "http://json-schema.org/draft-04/schema#",
    "description": "This schema describes a JSON request for creating Classification KeyLOVDefinitions.",
    "type": "object",
    "properties": {
        "SchemaVersion": {
            "description": "The schema version to use when processing the JSON request.",
            "type": "string",
            "enum": [
                "1.0.0"
            ]
        },
        "Locale": {
            "description": "The locale in which the request is to be processed. These are the common Teamcenter languages codes. The language codes within Teamcenter follow the standard Java language naming convention (for example, en_US and fr_FR ). It is a five-letter code containing a two-letter language, an underscore, and a two-letter area code in uppercase. This follows the ISO639_ISO3166 template.",
            "type": "string",
            "minLength": 5,
            "maxLength": 5
        },
        "KeyLOVDefinitions": {
            "description": "An array of KeyLOVDefinitions to create.",
            "type": "array",
            "items": {
                "$ref": "#/definitions/KeyLOVDefinition"
            }
        }
    },
    "required": [
        "SchemaVersion",
        "Locale",
        "KeyLOVDefinitions"
    ],
    "additionalProperties": false,
    "definitions": {
        "KeyLOVStringItem": {
            "description": "Defines the entries for string values.",
            "type": "object",
            "properties": {
                "StringValue": {
                    "description": "Defines the key of a KeyLOV entry.",
                    "type": "string"
                },
                "DisplayValue": {
                    "description": "Defines the values of a KeyLOV entry.",
                    "$ref": "#/definitions/L10NProperty"
                },
                "ValueMeaning": {
                    "description": "The IRDI of the Value",
                    "type": "string"
                },
                "IsSubMenu": {
                    "description": "Defines whether this LOVStringItem displays a value or a submenu entry.",
                    "type": "boolean"
                },
                "SubMenuTitle": {
                    "description": "Defines the title of the submenu. If IsSubMenu is set to true and the SubMenuTitle is missing, the SubMenuTitle is set to the DisplayValue. If both are missing, the SubMenuTitle is set to the mandatory property StringValue.",
                    "$ref": "#/definitions/L10NProperty"
                },
                "DependencyKey": {
                    "description": "Defines the key of the KeyLOV entry on which current submenu is dependent on. Only valid for submenu entries.",
                    "type": "string"
                },
                "SubMenuItems": {
                    "description": "Defines the list of submenu entries if IsSubMenu is true.",
                    "type": "array",
                    "items": {
                        "$ref": "#/definitions/KeyLOVStringItem"
                    }
                }
            },
            "required": [
                "StringValue"
            ],
            "additionalProperties": false
        },
        "KeyLOVIntegerItem": {
            "description": "Defines the entries for integer values.",
            "type": "object",
            "properties": {
                "IntegerValue": {
                    "description": "Defines the integer value of the entry. This value is required unless IsSubMenu is set to true",
                    "type": "integer"
                },
                "ValueMeaning": {
                    "description": "The IRDI of the Value",
                    "type": "string"
                },
                "IsSubMenu": {
                    "description": "Defines whether this LOVIntegerItem displays a value or a submenu entry. If IsSubMenu is set to true and the submenu is not used in a dependency configuration, the required IntegerValue must be set to 0",
                    "type": "boolean"
                },
                "SubMenuTitle": {
                    "description": "Defines the title of the submenu. If IsSubMenu is set to true and the SubMenuTitle is missing, the SubMenuTitle is set to the mandatory property IntegerValue",
                    "$ref": "#/definitions/L10NProperty"
                },
                "DependencyKey": {
                    "description": "Defines the key of the KeyLOV entry on which current submenu is dependent on. Only valid for submenu entries",
                    "type": "string"
                },
                "SubMenuItems": {
                    "description": "Defines the list of submenu entries if IsSubMenu is true",
                    "type": "array",
                    "items": {
                        "$ref": "#/definitions/KeyLOVIntegerItem"
                    }
                }
            },
            "required": [
                "IntegerValue"
            ],
            "additionalProperties": false
        },
        "KeyLOVDoubleItem": {
            "description": "Defines the entries for numeric values",
            "type": "object",
            "properties": {
                "DoubleValue": {
                    "description": "Defiles the double value of the entry. This value is required unless IsSubMenu is set to true.",
                    "type": "number"
                },
                "ValueMeaning": {
                    "description": "The IRDI of the Value.",
                    "type": "string"
                },
                "IsSubMenu": {
                    "description": "Defines whether this LOVDoubleItem displays a value or a submenu entry. If IsSubMenu is set to true and the submenu is not used in a dependency configuration, the required DoubleValue must be set to 0.0",
                    "type": "boolean"
                },
                "SubMenuTitle": {
                    "description": "Defines the title of the submenu. If IsSubMenu is set to true and the SubMenuTitle is missing, the SubMenuTitle is set to the mandatory property DoubleValue.",
                    "$ref": "#/definitions/L10NProperty"
                },
                "DependencyKey": {
                    "description": "Defines the key of the KeyLOV entry on which current submenu is dependent on. Only valid for submenu entries",
                    "type": "string"
                },
                "SubMenuItems": {
                    "description": "Defines the list of submenu entries if IsSubMenu is true.",
                    "type": "array",
                    "items": {
                        "$ref": "#/definitions/KeyLOVDoubleItem"
                    }
                }
            },
            "required": [
                "DoubleValue"
            ],
            "additionalProperties": false
        },
        "KeyLOVDateItem": {
            "description": "Defines the entries for date-string values.",
            "type": "object",
            "properties": {
                "DateValue": {
                    "description": "Defines the Date-string value of the entry. This value is required unless IsSubMenu is set to true.",
                    "type": "string"
                },
                "ValueMeaning": {
                    "description": "The IRDI of the Value.",
                    "type": "string"
                },
                "IsSubMenu": {
                    "description": "Defines whether this LOVDateItem displays a value or a submenu entry. If IsSubMenu is set to true and the submenu is not used in a dependency configuration, the required DateValue must be set to an empty string.",
                    "type": "boolean"
                },
                "SubMenuTitle": {
                    "description": "Defines the title of the submenu. If IsSubMenu is set to true and the SubMenuTitle is missing, the SubMenuTitle is set to the mandatory property DateValue.",
                    "$ref": "#/definitions/L10NProperty"
                },
                "DependencyKey": {
                    "description": "Defines the key of the KeyLOV entry on which current submenu is dependent on. Only valid for submenu entries",
                    "type": "string"
                },
                "SubMenuItems": {
                    "description": "Defines the list of submenu entries if IsSubMenu is true.",
                    "type": "array",
                    "items": {
                        "$ref": "#/definitions/KeyLOVDateItem"
                    }
                }
            },
            "required": [
                "DateValue"
            ],
            "additionalProperties": false
        },
        "KeyLOVReferenceItem": {
            "description": "Defines the entries for References.",
            "type": "object",
            "properties": {
                "StringValue": {
                    "description": "Defines the string value of the entry. This is a mandatory property.",
                    "type": "string"
                },
                "DisplayValue": {
                    "description": "Defines the display value of the entry.",
                    "$ref": "#/definitions/L10NProperty"
                },
                "ValueMeaning": {
                    "description": "The IRDI of the Value",
                    "type": "string"
                },
                "BlockReference": {
                    "description": "The IRDI references to the ClassDefinition that represents the Polymorphic Block definitions.",
                    "type": "string"
                }
            },
            "required": [
                "StringValue"
            ],
            "additionalProperties": false
        },
        "KeyLOVBooleanItem": {
            "description": "Defines the entries for Boolean KeyLOVs",
            "type": "object",
            "properties": {
                "False": {
                    "type": "object",
                    "properties": {
                        "Value": {
                            "description": "The value representing the false state like \"off\"",
                            "type": "string"
                        },
                        "DisplayValue": {
                            "$ref": "#/definitions/L10NProperty"
                        }
                    },
                    "required": [
                        "Value"
                    ],
                    "additionalProperties": false
                },
                "True": {
                    "type": "object",
                    "properties": {
                        "Value": {
                            "description": "The value representing the true state like \"on\"",
                            "type": "string"
                        },
                        "DisplayValue": {
                            "$ref": "#/definitions/L10NProperty"
                        }
                    },
                    "required": [
                        "Value"
                    ],
                    "additionalProperties": false
                }
            },
            "additionalProperties": false
        },
        "KeyLOVDefinition": {
            "title": "Classification KeyLOV Definition",
            "type": "object",
            "properties": {
                "IRDI": {
                    "description": "Unique identifier of KeyLOV definition. This IRDI (International Registration Data Identifier) is build from Namespace, ID and Revision separated by \"#\".",
                    "type": "string"
                },
                "ObjectType": {
                    "description": "Defines the object type of KeyLOV definition, this can be either \"09\" or \"KeyLOVDefinition\".",
                    "type": "string",
                    "enum": [
                        "09",
                        "KeyLOVDefinition"
                    ]
                },
                "SMLObjectId": {
                    "description": "ID of migrated traditional classification KeyLOV. This property will only be used by the migration utility.",
                    "type": "string"
                },
                "Namespace": {
                    "description": "The namespace to use during KeyLOVDefinition creation. Please refer to the Teamcenter documentation for more information on Namespace.",
                    "type": "string",
                    "maxLength": 32
                },
                "ID": {
                    "description": "The ID to use during KeyLOVDefinition creation.",
                    "type": "string",
                    "maxLength": 32
                },
                "Revision": {
                    "description": "The Revision to use during KeyLOVDefinition creation.",
                    "type": "string",
                    "maxLength": 3
                },
                "MinorRevision": {
                    "description": "Minor Revision identifies changes between (major) Revisions. This feature is currently not supported.",
                    "type": "string",
                    "maxLength": 3
                },
                "Status": {
                    "description": "This property defines the status of the KeyLOVDefinition. Currently KeyLOVDefinition supports Develop, Released and Retired status. Develop status represents an object which is still under development and can be changed. Released objects are finalized and ready to use. Retired objects should not be used anymore.",
                    "type": "string",
                    "enum": [
                        "Develop",
                        "Released",
                        "Retired"
                    ]
                },
                "IsDeprecated": {
                    "description": "Defines whether the KeyLOVDefinition is deprecated and should not be used further.",
                    "type": "boolean"
                },
                "Name": {
                    "description": "Defines the name of the KeyLOVDefinition. This can be either a simple string or an L10N construct.",
                    "$ref": "#/definitions/L10NProperty"
                },
                "ShortName": {
                    "description": "Defines the short name of the KeyLOVDefinition. This can be either a simple string or an L10N construct.",
                    "$ref": "#/definitions/L10NProperty"
                },
                "Definition": {
                    "description": "The definition of the KeyLOVDefinition. This can be either a simple string or an L10N construct.",
                    "$ref": "#/definitions/L10NProperty"
                },
                "SourceStandard": {
                    "description": "Specifies the eClass version of the KeyLOVDefinition.",
                    "type": "string"
                },
                "Note": {
                    "description": "Defines the note of the KeyLOVDefinition. This can be either a simple string or an L10N construct.",
                    "$ref": "#/definitions/L10NProperty"
                },
                "Remark": {
                    "description": "Defines the remark of the KeyLOVDefinition. This can be either a simple string or an L10N construct.",
                    "$ref": "#/definitions/L10NProperty"
                },
                "UserData": {
                    "description": "An array of user data attached to the KeyLOVDefinition.",
                    "type": "array",
                    "items": {
                        "$ref": "#/definitions/UserDataEntry"
                    }
                },
                "LOVItems": {
                    "type": "object",
                    "oneOf": [
                        {
                            "properties": {
                                "DataType": {
                                    "type": "string",
                                    "enum": [
                                        "String"
                                    ]
                                },
                                "LOVStringItems": {
                                    "type": "array",
                                    "items": {
                                        "$ref": "#/definitions/KeyLOVStringItem"
                                    }
                                }
                            },
                            "required": [
                                "DataType",
                                "LOVStringItems"
                            ],
                            "additionalProperties": false
                        },
                        {
                            "properties": {
                                "DataType": {
                                    "type": "string",
                                    "enum": [
                                        "Integer"
                                    ]
                                },
                                "LOVIntegerItems": {
                                    "type": "array",
                                    "items": {
                                        "$ref": "#/definitions/KeyLOVIntegerItem"
                                    }
                                }
                            },
                            "required": [
                                "DataType",
                                "LOVIntegerItems"
                            ],
                            "additionalProperties": false
                        },
                        {
                            "properties": {
                                "DataType": {
                                    "type": "string",
                                    "enum": [
                                        "Double"
                                    ]
                                },
                                "LOVDoubleItems": {
                                    "type": "array",
                                    "items": {
                                        "$ref": "#/definitions/KeyLOVDoubleItem"
                                    }
                                }
                            },
                            "required": [
                                "DataType",
                                "LOVDoubleItems"
                            ],
                            "additionalProperties": false
                        },
                        {
                            "properties": {
                                "DataType": {
                                    "type": "string",
                                    "enum": [
                                        "Date"
                                    ]
                                },
                                "LOVDateItems": {
                                    "type": "array",
                                    "items": {
                                        "$ref": "#/definitions/KeyLOVDateItem"
                                    }
                                }
                            },
                            "required": [
                                "DataType",
                                "LOVDateItems"
                            ],
                            "additionalProperties": false
                        },
                        {
                            "properties": {
                                "DataType": {
                                    "type": "string",
                                    "enum": [
                                        "Reference"
                                    ]
                                },
                                "LOVReferenceItems": {
                                    "type": "array",
                                    "items": {
                                        "$ref": "#/definitions/KeyLOVReferenceItem"
                                    }
                                }
                            },
                            "required": [
                                "DataType",
                                "LOVReferenceItems"
                            ],
                            "additionalProperties": false
                        },
                        {
                            "properties": {
                                "DataType": {
                                    "type": "string",
                                    "enum": [
                                        "Boolean"
                                    ]
                                },
                                "LOVBooleanItems": {
                                    "$ref": "#/definitions/KeyLOVBooleanItem"
                                }
                            },
                            "required": [
                                "DataType",
                                "LOVBooleanItems"
                            ],
                            "additionalProperties": false
                        }
                    ]
                }
            },
            "required": [
                "ObjectType",
                "Namespace",
                "ID",
                "Name",
                "LOVItems"
            ],
            "additionalProperties": false
        },
        "L10NProperty": {
            "description": "Defines the L10N property. This can be either a simple string or an L10N construct.",
            "oneOf": [
                {
                    "type": "string"
                },
                {
                    "$ref": "#/definitions/L10NString"
                }
            ]
        },
        "L10NTranslation": {
            "description": "The localization values.",
            "type": "object",
            "properties": {
                "Locale": {
                    "description": "The locale in which the request is to be processed. These are the common Teamcenter languages codes. The language codes within Teamcenter follow the standard Java language naming convention (for example, en_US and fr_FR ). It is a five-letter code containing a two-letter language, an underscore, and a two-letter area code in uppercase. This follows the ISO639_ISO3166 template.",
                    "type": "string",
                    "minLength": 5,
                    "maxLength": 5
                },
                "IsMasterLocale": {
                    "description": "Defines whether this entry represents the master locale. Only one locale can be marked as master locale.",
                    "type": "boolean"
                },
                "TranslationStatus": {
                    "description": "The status of the translation value: M- Master, A - Approved, I - Invalid, R - In Review, P - Pending.",
                    "type": "string",
                    "enum": [
                        "M",
                        "A",
                        "I",
                        "R",
                        "P"
                    ]
                },
                "Value": {
                    "description": "Defines the translation value for a given property.",
                    "type": "string",
                    "minLength": 1,
                    "maxLength": 1024
                }
            },
            "required": [
                "Locale",
                "TranslationStatus",
                "Value"
            ],
            "additionalProperties": false
        },
        "L10NString": {
            "description": "A translatable string value",
            "type": "object",
            "properties": {
                "Locale": {
                    "description": "The locale in which the request is to be processed. These are the common Teamcenter languages codes. The language codes within Teamcenter follow the standard Java language naming convention (for example, en_US and fr_FR ). It is a five-letter code containing a two-letter language, an underscore, and a two-letter area code in uppercase. This follows the ISO639_ISO3166 template.",
                    "type": "string",
                    "minLength": 5,
                    "maxLength": 5
                },
                "IsMasterLocale": {
                    "description": "Defines whether this entry represents the master locale. Only one locale can be marked as master locale.",
                    "type": "boolean"
                },
                "TranslationStatus": {
                    "description": "The status of the translation value: M- Master, A - Approved, I - Invalid, R - In Review, P - Pending.",
                    "type": "string",
                    "enum": [
                        "M",
                        "A",
                        "I",
                        "R",
                        "P"
                    ]
                },
                "Value": {
                    "description": "Defines the translation value.",
                    "type": "string",
                    "minLength": 1,
                    "maxLength": 1024
                },
                "Translations": {
                    "description": "Defines the list of translation values.",
                    "type": "array",
                    "items": {
                        "$ref": "#/definitions/L10NTranslation"
                    }
                }
            },
            "required": [
                "Locale",
                "TranslationStatus",
                "Value"
            ],
            "additionalProperties": false
        },
        "UserDataEntry": {
            "description": "Defines the user specific name-value pairs",
            "type": "object",
            "properties": {
                "Name": {
                    "description": "Defines the name of UserData entry.",
                    "type": "string",
                    "maxLength": 128
                },
                "Sequence": {
                    "description": "Defines the sequence of UserData entry.",
                    "type": "integer",
                    "minimum": 1
                },
                "Value": {
                    "description": "Defines the values of UserData entry.",
                    "type": "string",
                    "minLength": 1,
                    "maxLength": 1024
                }
            },
            "required": [
                "Name",
                "Value"
            ],
            "additionalProperties": false
        }
    }
}
