{
  "$schema": "http://json-schema.org/draft-04/schema#",
  "description": "This file defines the schema for a Classification Standard Taxonomy find ViewDefinitions request.",
  "type": "object",
  "properties": {
    "SchemaVersion": {
      "description": "The schema version to use when processing the JSON request.",
      "type": "string",
      "enum": [
        "1.0.0"
      ]
    },
    "Locale": {
      "description": "The locale in which the request is to be processed. These are the common Teamcenter language codes. The language codes within Teamcenter follow the standard Java language naming convention ( for example, en_US and fr_FR ). It is a five-letter code containing a two-letter language, an underscore, and a two-letter area code in uppercase. This follows the ISO639_ISO3166 template.",
      "type": "string",
      "minLength": 5,
      "maxLength": 5
    },
    "ViewDefinitions": {
      "type": "array",
      "minItems": 1,
      "uniqueItems": true,
      "items": {
        "type": "object",
        "minProperties": 1,
        "properties": {
          "ClassDefinition": {
            "description": "This IRDI (International Registration Data Identifier) references the Class Definition the view exclusively belongs to.",
            "type": "string",
            "minLength": 1,
            "maxLength": 128
          },
          "ViewType": {
            "description": "The type specified during view creation.",
            "type": "string",
            "enum": [
              "BaseView",
              "UserView",
              "RoleView",
              "GroupView"
            ]
          },
          "ViewId": {
            "description": "The ID specified during view creation.",
            "type": "string",
            "minLength": 1,
            "maxLength": 128
          }
        },
        "additionalProperties": false
      }
    }
  },
  "required": [
    "SchemaVersion",
    "Locale",
    "ViewDefinitions"
  ],
  "additionalProperties": false
}
