{
  "AttributeIDsForDocumentation": {
    "0173-1#AAQ680": {
      "PropertyIDsForDocumentation": {
        "0173-1#AAC311": "FileName",
        "0173-1#AAS193": "DocumentName",
        "0173-1#AAM660": "DocumentDescription"
      }
    }
  },
  "ClassifiedObjectAttachment": {
    "DocumentRevision": {
      "JPG": {
        "DatasetType": "JPEG_Thumbnail",
        "NamedReference": "JPEG_Reference",
        "RelationType": "IMAN_manifestation"
      },
      "PNG": {
        "DatasetType": "PNG_Thumbnail",
        "NamedReference": "PNG_Reference",
        "RelationType": "IMAN_manifestation"
      },
      "DXF": {
        "DatasetType": "UGPART",
        "NamedReference": "Autocad-files",
        "RelationType": "IMAN_Rendering"
      },
      "STP": {
        "DatasetType": "UGPART",
        "NamedReference": "STEP-files",
        "RelationType": "IMAN_Rendering"
      },
      "PDF": {
        "DatasetType": "PDF",
        "NamedReference": "PDF_Reference",
        "RelationType": "IMAN_reference"
      },
      "DEFAULT_EXT": {
        "DatasetType": "MISC",
        "NamedReference": "MISC_BINARY",
        "RelationType": "IMAN_reference"
      }
    },
    "ItemRevision": {
      "JPG": {
        "DatasetType": "JPEG_Thumbnail",
        "NamedReference": "JPEG_Reference",
        "RelationType": "IMAN_manifestation"
      },
      "PNG": {
        "DatasetType": "PNG_Thumbnail",
        "NamedReference": "PNG_Reference",
        "RelationType": "IMAN_manifestation"
      },
      "DXF": {
        "DatasetType": "UGPART",
        "NamedReference": "Autocad-files",
        "RelationType": "IMAN_Rendering"
      },
      "STP": {
        "DatasetType": "UGPART",
        "NamedReference": "STEP-files",
        "RelationType": "IMAN_Rendering"
      },
      "PDF": {
        "DatasetType": "PDF",
        "NamedReference": "PDF_Reference",
        "RelationType": "IMAN_reference"
      },
      "DEFAULT_EXT": {
        "DatasetType": "MISC",
        "NamedReference": "MISC_BINARY",
        "RelationType": "IMAN_reference"
      }
    }
  }
}
