{
  "SchemaVersion": "1.0.0",
  "ResultStatus": 377022,
  "HasPartialErrors": true,
  "HasWarnings": false,
  "HasInfos": false,
  "BaseClasses": {
    "SPLM#Failing_1": {
      "ResultStatus": 132010,
      "ErrorDetails": "The specified Hierarchy node with ID \"SPLM#Failing_1\" cannot be found."
    },
    "SPLM#Failing_2": {
      "ResultStatus": 132010,
      "ErrorDetails": "The specified Hierarchy node with ID \"SPLM#Failing_2\" cannot be found."
    },
    "SPLM#Failing_3": {
      "ResultStatus": 132010,
      "ErrorDetails": "The specified Hierarchy node with ID \"SPLM#Failing_3\" cannot be found."
    }
  }
}
