{
  "SchemaVersion": "1.0.0",
  "ResultStatus": 0,
  "HasPartialErrors": false,
  "HasWarnings": false,
  "HasInfos": false,
  "BaseClasses": {
    "SPLM#CSTAB4": {
      "IRDI": "SPLM#01-000853#001",
      "Namespace": "SPLM",
      "IsAbstract": false,
      "Revision": "001",
      "Status": "Develop",
      "ClassType": "Application Class",
      "ClassAttributes": {
        "SPLM#02-000926#001": {
          "AttributeIndex": 1,
          "DBIndex": 1,
          "Type": "Property",
          "Reference": "SPLM#02-000926#001",
          "Cardinality": 1,
          "Annotation": "",
          "Name": "Name 2",
          "DataType": {
            "Type": "String"
          }
        },
        "SPLM#01-000865#001": {
          "AttributeIndex": 2,
          "DBIndex": 0,
          "Type": "Aspect",
          "Reference": "SPLM#01-000865#001",
          "Cardinality": 1,
          "Annotation": "",
          "Name": "Block Definition"
        }
      },
      "ID": "SPLM#CSTAB4",
      "Name": "CLA Test Node 4",
      "UnitSystem": 3
    },
    "SPLM#CSTAB6": {
      "IRDI": "SPLM#01-000855#001",
      "Namespace": "SPLM",
      "IsAbstract": false,
      "Revision": "001",
      "Status": "Develop",
      "ClassType": "Application Class",
      "ClassAttributes": {
        "SPLM#02-000930#001": {
          "AttributeIndex": 1,
          "DBIndex": 1,
          "Type": "Property",
          "Reference": "SPLM#02-000930#001",
          "Cardinality": 1,
          "Annotation": "",
          "Name": "Name 6",
          "DataType": {
            "Type": "Double",
            "Precision": 6,
            "Scale": 6,
            "KeyLOV": "0175-SPLM#09-001102#001",
            "NonMetricFormat": {
              "Precision": 6,
              "Scale": 3,
              "KeyLOV": "0175-SPLM#09-001103#001"
            }
          }
        },
        "SPLM#01-000866#001": {
          "AttributeIndex": 2,
          "DBIndex": 0,
          "Type": "Aspect",
          "Reference": "SPLM#01-000866#001",
          "Cardinality": 1,
          "Annotation": "",
          "Name": "Aspect Definition"
        }
      },
      "ID": "SPLM#CSTAB6",
      "Name": "CLA Test Node 6",
      "UnitSystem": 3
    }
  },
  "KeyLOVDefinitions": {
    "0175-SPLM#09-001102#001": {
      "ObjectType": "09",
      "IRDI": "0175-SPLM#09-001102#001",
      "Namespace": "0175-SPLM",
      "ID": "001102",
      "Revision": "001",
      "Status": "Develop",
      "LOVItems": {
        "DataType": "Double",
        "LOVDoubleItems": [
          {
            "DoubleValue": 4.568
          }
        ]
      },
      "Name": "KeyLOV Definition"
    },
    "0175-SPLM#09-001103#001": {
      "ObjectType": "09",
      "IRDI": "0175-SPLM#09-001103#001",
      "Namespace": "0175-SPLM",
      "ID": "001103",
      "Revision": "001",
      "Status": "Develop",
      "LOVItems": {
        "DataType": "Double",
        "LOVDoubleItems": [
          {
            "DoubleValue": 3.937
          }
        ]
      },
      "Name": "KeyLOV Definition"
    }
  },
  "Blocks": {
    "SPLM#01-000865#001": {
      "IRDI": "SPLM#01-000865#001",
      "Namespace": "SPLM",
      "ID": "000865",
      "Revision": "001",
      "Status": "Develop",
      "ClassType": "Aspect",
      "IsAbstract": false,
      "Name": "Block Definition",
      "ClassAttributes": {
        "SPLM#02-000925#001": {
          "AttributeIndex": 1,
          "DBIndex": 1,
          "Type": "Property",
          "Reference": "SPLM#02-000925#001",
          "Cardinality": 1,
          "Annotation": "",
          "Name": "Name 1",
          "DataType": {
            "Type": "Integer",
            "NumberOfDigits": 6,
            "Unit": "mm",
            "NonMetricFormat": {
              "NumberOfDigits": 6,
              "Unit": "in"
            }
          }
        }
      }
    },
    "SPLM#01-000866#001": {
      "IRDI": "SPLM#01-000866#001",
      "Namespace": "SPLM",
      "ID": "000866",
      "Revision": "001",
      "Status": "Develop",
      "ClassType": "Aspect",
      "IsAbstract": false,
      "Name": "Aspect Definition",
      "ClassAttributes": {
        "SPLM#02-000926#001": {
          "AttributeIndex": 1,
          "DBIndex": 1,
          "Type": "Property",
          "Reference": "SPLM#02-000926#001",
          "Cardinality": 1,
          "Annotation": "",
          "Name": "Name 2",
          "DataType": {
            "Type": "String"
          }
        }
      }
    }
  }
}
