{
    "SchemaVersion": "1.0.0",
    "ResultStatus": 0,
    "HasPartialErrors": false,
    "HasWarnings": false,
    "HasInfos": false,
    "Result": [
        {
            "IRDI": "PQR#01-CLS501#001",
            "Namespace": "PQR",
            "ID": "CLS501",
            "ObjectType": "01",
            "Revision": "001",
            "Name": "Amplifier",
            "ResultStatus": 0
        },
        {
            "IRDI": "PQR#01-CLS502#001",
            "Namespace": "PQR",
            "ID": "CLS502",
            "ObjectType": "01",
            "Revision": "001",
            "Name": "Cable",
            "ResultStatus": 0
        }
    ]
}