{
   "SchemaVersion":"1.0.0",
   "ResultStatus":0,
   "HasPartialErrors":false,
   "HasWarnings":false,
   "HasInfos":false,
   "Result":[
      {
         "ResultStatus":0,
         "NodeInfo":{
            "ID":"MotorVer1",
            "Name":"Motor Version 1",
            "Children":[
               {
                  "ID":"MotorVer12",
                  "Name":"Motor Version 12"
               },
               {
                  "ID":"MotorVer22",
                  "Name":"Motor Version 22"
               }
            ],
            "Parents":[
               {
                  "ID":"MotorRoot1",
                  "Name":"Motor Root"
               },
               {
                  "ID":"Motor Ver 0",
                  "Name":"Motor Version 0"
               }
            ]
         }
      },
      {
         "ResultStatus":0,
         "NodeInfo":{
            "ID":"ValveVer2",
            "Name":"Valve Version 2",
            "Children":[
               {
                  "ID":"ValveVer12",
                  "Name":"Valve Version 12"
               },
               {
                  "ID":"MotorVer22",
                  "Name":"Valve Version 22"
               }
            ],
            "Parents":[
               {
                  "ID":"ValveRoot1",
                  "Name":"Valve Root"
               },
               {
                  "ID":"ValveVer0",
                  "Name":"Valve Version 0"
               }
            ]
         }
      }
   ]
}
