{
    "SchemaVersion":"1.0.0",
    "ResultStatus":0,
    "HasPartialErrors":false,
    "HasWarnings":false,
    "HasInfos":false,
    "Result":[
        {
            "ResultStatus":0,
            "ObjectDefinitions":[
                {
                    "UnitSystem":1,
                    "ID":"ID_100",
                    "Properties":[
                        {
                            "ID":"20001",
                            "Value":"Test description 1"
                        }
                    ],
                    "PropertyRecordUID":"gTZ1G_Ptqd$DyB",
                    "NodeId":"CLS01",
                    "ClassifiedObject":"AAAAAAAAAAAAAA"
                }
            ]
        },
        {
            "ResultStatus":0,
            "ObjectDefinitions":[
                {
                    "UnitSystem":1,
                    "ID":"AAAA100\/A",
                    "Properties":[
                        {
                            "ID":"20001",
                            "Value":"Test description 2"
                        },
                        {
                            "ID":"20002",
                            "Value":100
                        },
                        {
                            "ID":"20003",
                            "Value":25.25
                        }
                    ],
                    "PropertyRecordUID":"fTZ1G_Ptqd$DyB",
                    "NodeId":"CLS02",
                    "ClassifiedObject":"xUz1GAPtqd$DyB"
                }
            ]
        }
    ]
}