{
    "SchemaVersion":"1.0.0",
    "Locale":"en_US",
    "PropertyRecords":[
        {
            "ID":"ID_100",
            "NodeId":"CLS01",
            "UnitSystem":1,
            "Properties":[
                {
                    "ID":"20001",
                    "Value":"Test description 1"
                }
            ]
        },
        {
            "ID":"ID_200",
            "NodeId":"CLS02",
            "ClassifiedObject":{
                "ObjectType":"Item",
                "ClassifyRevision":true,
                "ID":[
                    {
                        "PropertyName":"item_id",
                        "PropertyValue":"AAAA100"
                    }
                ],
                "Properties":[
                    {
                        "PropertyName":"object_name",
                        "PropertyValue":"Test Item AAAA100"
                    }
                ]
            },
            "UnitSystem":1,
            "Properties":[
                {
                    "ID":"20001",
                    "Value":"Test description 2"
                },
                {
                    "ID":"20002",
                    "Value":100
                },
                {
                    "ID":"20003",
                    "Value":25.25
                }
            ]
        }
    ]
}