{
  "SchemaVersion": "1.0.0",
  "ResultStatus": 0,
  "HasPartialErrors": false,
  "HasWarnings": false,
  "HasInfos": false,
  "Result": [
    {
      "ResultStatus": 0,
      "Context": {
        "LibraryId": "Electrical",
        "HierarchyId": "Motor",
        "NodeId": "DC motor"
      },
      "SearchResult": [
        {
          "UnitSystem": 1,
          "ID": "01915LbrElem1",
          "ClassifiedObject": "UFGwWH5MoVvzDF",
          "Properties": [
            {
              "ID": "1001",
              "Value": 100
            },
            {
              "ID": "1002",
              "Value": "Parallel"
            },
            {
              "ID": "1003",
              "Value": "test1"
            }
          ],
          "ClassDefinition": "01915ClsMasterNode",
          "PropertyRecordUID": "mB99FYFJSYm1Cu"
        }
      ]
    },
    {
      "ResultStatus": 0,
      "Context": {
        "LibraryId": "Mechanical",
        "HierarchyId": "Engine",
        "NodeId": "Gear"
      },
      "SearchResult": [
        {
          "UnitSystem": 1,
          "ID": "01915LbrElem2",
          "ClassifiedObject": "2dWeOqTVnAzwyP",
          "Properties": [
            {
              "ID": "1004",
              "Value": 200
            },
            {
              "ID": "1005",
              "Value": "Rectangle"
            },
            {
              "ID": "1006",
              "Value": "test1"
            }
          ],
          "ClassDefinition": "01915ClsMasterNode",
          "PropertyRecordUID": "J0Cl7bKGuwAlKx"
        }
      ]
    }
  ]
}
