{
    "SchemaVersion": "1.0.0",
    "Locale": "en_US",
  "SearchExpressionList": [
    {
      "Context": {
        "LibraryId": "Electrical",
        "HierarchyId": "Motor",
        "NodeId": "DC motor"
      },
      "SearchExpressions": [
        {
          "PropertyName": "sml01001",
          "Expression": ">= 90"
        },
        {
          "PropertyName": "sml01002",
          "Expression": "= Parallel"
        }
      ]
    },
    {
      "Context": {
        "LibraryId": "Mechanical",
        "HierarchyId": "Engine",
        "NodeId": "Gear"
      },
      "SearchExpressions": [
        {
          "PropertyName": "sml01004",
          "Expression": "150 - 500"
        },
        {
          "PropertyName": "sml01005",
          "Expression": "!= Line"
        }
      ]
    }
  ]
}