{
  "_comment": "Copyright 2020. Siemens Digital Industries Software. All Rights Reserved.",
  "$id": "checkOverlapState_Request_Schema.json",
  "$schema": "http://json-schema.org/draft-07/schema#",
  "description": "Request schema for the configurator Service \"CheckOverlapState\"",
  "createRelease": "tc13.1.0.0",
  "isThirdParty": "false",
  "name": "checkOverlapState",
  "namespace": "Teamcenter::CheckOverlapState",
  "type": "object",
  "properties": {
    "jsonType": {
      "description": "Type of the json request or response. This will help us debugging the logs",
      "const": "checkOverlapStateRequest"
    },
    "onlyMatch": {
      "description": "An optional property that indicates which overlap states are of interest. If set to true, the only retrieved states are #MathOverlapStateMatch and #MathOverlapStateNone.Default value is true",
      "type": "boolean"
    },
    "expressionsToCompare": {
      "description": "List of pair of expressions, which shall be used with this request",
      "type": "array",
      "items": {
        "description": "A Teamcenter configuration condition. The condition may be specified either in Teamcenter formula syntax or in SMTLib2 format.",
        "type": "object",
        "properties": {
          "id": {
            "description": "Uniquely identifies the pair of expression within the scope of this JSON document. A globally unique identifier like Object pointer is legitimate. However, for this field the value only needs to be unique within the JSON document. You might therefore also use an index like \"0\"",
            "type": "string"
          },
          "left": {
            "description": "left hand side condition for comparison",
            "$ref": "ConfiguratorServiceDefinitions.json#/definitions/ConfigCondition"
          },
          "right": {
            "description": "right hand side condition for comparison",
            "$ref": "ConfiguratorServiceDefinitions.json#/definitions/ConfigCondition"
          }
        }
      }
    }
  },
  "required": [ "jsonType", "expressionsToCompare" ]
}
