{
  "_comment": "Copyright 2020. Siemens Digital Industries Software. All Rights Reserved.",
  "$id": "checkOverlapState_Response_Schema.json",
  "$schema": "http://json-schema.org/draft-07/schema#",
  "description": "Response schema for the configurator Service \"CheckOverlapState\"",
  "createRelease": "tc13.1.0.0",
  "isThirdParty": "false",
  "name": "checkOverlapState",
  "namespace": "Teamcenter::CheckOverlapState",
  "returnDescription": "Output structure specifies the value that was set for a family based on constraint processing.",
  "type": "object",
  "properties": {
    "overlapState": {
      "description": "List of The overlap status for each given pair of expressions",
      "type": "array",
      "items": {
        "description": "Identifies check overlap verdict for which the overlap check passed",
        "type": "object",
        "properties": {
          "key": {
            "description": "The IDs correspond to request property \"expressionsToTest\"",
            "type": "string"
          },
          "value": {
            "description": "The verdict corrosponds to the overlap state for expression pair of id \"key\"",
            "type": "string",
            "enum": [
              "MathOverlapStateNone",
              "MathOverlapStateMatch",
              "MathOverlapStateSubset",
              "MathOverlapStateSuperset",
              "MathOverlapStateIntersect",
              null
            ]
          }
        }
      }
    },
    "jsonType": {
      "description": "Type of the json request or response. This will help us debugging the logs",
      "const": "checkOverlapStateResponse"
    },
    "TcErrorStack": {
      "description": "json object that hold details of the errors that occurred during processing the input json request. The order of errors in this array will be stack top-down. It means the 0th index in the array would represent most recent error and last index in array would be the first/oldest error",
      "$ref": "ConfiguratorServiceDefinitions.json#/definitions/TcErrorStack"
    }
  },
  "required": [ "jsonType" ]
}
