{
  "_comment": "Copyright 2019. Siemens Product Lifecycle Management Software Inc. All Rights Reserved.",
  "$id": "ConfiguratorServiceDefinitions.json",
  "$schema": "http://json-schema.org/draft-07/schema#",
  "description": "Configurator Microservice Common definitions.",
  "createRelease": "tc12.3.0.0",
  "isThirdParty": "false",
  "definitions": {
    "ConfigCondition": {
      "description": "A Teamcenter configuration condition. The condition may be specified either in Teamcenter formula syntax or in SMTLib2 format.",
      "type": "object",
      "properties": {
        "tc": {
          "description": "The configuration condition in Teamcenter formula syntax",
          "type": "string"
        },
        "smtlib2": {
          "description": "The variant condition in SMTLib2 syntax",
          "type": "string"
        }
      }
    },
    "VariantOptionFamily": {
      "description": "A configuration option family. The object maps to business object type \"kk\". By Default a family will be a single-select family of type String",
      "type": "object",
      "properties": {
        "id": {
          "description": "Uniquely identifies the family within the scope of this JSON document. A globally unique identifier like \"[namespace]familyName\" is legitimate. However, for this field the value only needs to be unique within the JSON document in which the family appears. You might therefore also use an index like \"0\"",
          "type": "string"
        },
        "familyName": {
          "description": "A string representation to specify the name of the family.",
          "type": "string"
        },
        "familyNamespace": {
          "description": "The namespace value \"Teamcenter::\" is reserved for internal teamcenter families and should be not used",
          "type": "string"
        },
        "parentFamily": {
          "description": "Optionally specifies a parent family for a family. This is required for intermediate families in multi-select families, unless they are embedded in their parent family.",
          "$ref": "#/definitions/VariantOptionFamily"
        },
        "childFamilies": {
          "description": "Optionally specifies one or more child families in a family. This allows for embedding intermediate families in multi-select families. Embedding child elements can help eliminate repeated definitions of parent elements",
          "type": "array",
          "items": {
            "description": "A child family in this family, e.g. an intermediate family in a multi-select family",
            "$ref": "#/definitions/VariantOptionFamily"
          }
        },
        "values": {
          "description": "Optionally specifies an array of values in this family. Embedding child elements can help eliminate repeated definitions of parent elements",
          "type": "array",
          "items": {
            "description": "A value in this family",
            "$ref": "#/definitions/VariantOptionValue"
          }
        },
        "familyType": {
          "description": "If this attribute is not provided, Text type family is assumed. This enum correspond to the CFG_CONFIGURATOR_<data type>_type definitions in <booleansolve/cfg_tokens.h>",
          "type": "string",
          "enum": [
            "Text",
            "Integer",
            "Boolean",
            "FloatingPoint",
            "Date",
            null
          ]
        },
        "familyUOM": {
          "description": "Only applicable for numeric family types, e.g. \"Integer\" or \"Floating Point\"",
          "type": "string"
        },
        "familyVariantMode": {
          "description": "\"This holds characteristic of the family, like MultiSelect, Context, FeatureSet, Static, StandAloneFeature etc. If attribute not provide \"CFG_mode_static_feature_family\" is assumed. This attribute correspond to the CFG_mode_<>_family definitions in <booleanmath/cfg_tokens.h>",
            "anyOf": [
              { "type": "integer" },
              { "type": "null" }
            ]
        }
      },
      "required": [ "id", "familyName" ],
      "not": {
        "anyOf": [
          { "required": [ "parentFamily", "childFamily" ] },
          { "required": [ "parentFamily", "familyNamespace" ] },
          { "required": [ "values", "childFamily" ] }
        ]
      }
    },
    "VariantOptionValue": {
      "description": "A Teamcenter configuration option value.",
      "type": "object",
      "properties": {
        "family": {
          "description": "The family for which this object specifies a value.",
          "$ref": "#/definitions/VariantOptionFamily"
        },
        "id": {
          "description": "An identifier that uniquely identifies this JSON record within the scope of this JSON message. The Teamcenter object ID of a value object is usually not unique and is therefore not suitable.",

          "type": "string"
        },
        "valueName": {
          "description": "A string representation to specify the text representation of the value.",
          "type": "string"
        }
      },
      "required": [ "id", "valueName" ]
    },
    "SolveProfile": {
      "description": "Specifies Configuration Solve profile settings that control the behavior of the configurator constraint evaluation. The object maps to data type \"CFG0_conf_solver_profile_info_t\", see <Cfg0configurator/cfg0configurator.h>).",
      "type": "array",
      "items": {
        "description": "A list of key/value pairs. Configuration Profile keys, see <configurator/cfg_tokens.h>",
        "type": "object",
        "properties": {
          "key": {
            "type": "string",
            "enum": [
              "CFG_PROFILE_activeConstraintTypeFilter",
              "CFG_PROFILE_activeIntentFilter",
              "CFG_PROFILE_applyConfigConstraints",
              "CFG_PROFILE_applyDefaults",
              "CFG_PROFILE_check_completeness",
              "CFG_PROFILE_computeAllProblems",
              "CFG_PROFILE_computeRangeForFreeFormFamily",
              "CFG_PROFILE_configureOutUnallocatedFeatures",
              "CFG_PROFILE_considerLowSeverityRulesForExpansion",
              "CFG_PROFILE_getAllAvailableValuesPerFamily",
              "CFG_PROFILE_getPackageDetails",
              "CFG_PROFILE_minErrorSeverity",
              "CFG_PROFILE_minReportSeverity",
              "CFG_PROFILE_passiveConstraintTypeFilter",
              "CFG_PROFILE_passiveIntentFilter",
              "CFG_PROFILE_preferEmptyValueForDiscretionary",
              "CFG_PROFILE_processCompleteValidationRange",
              "CFG_PROFILE_reportViolationForMutuallyExclusiveConstraint",
              "CFG_PROFILE_resolveToPositiveEnumerations",
              "CFG_PROFILE_skipCriteriaUpdatesBasedOnValidationRules",
              "CFG_PROFILE_skipSolutionSeverityProcessing",
              "CFG_PROFILE_solve_type",
              "CFG_PROFILE_validateAndSkipViolationMinimization",
              "CFG_PROFILE_validateWithoutExpand",
              "CFG_PROFILE_violationComputationTimeout"
            ]
          },
          "value": {
            "description": "Array for muti-value keys. <configurator/cfg_tokens.h> defines for each key whether it is single-valued or multi-valued.",
            "type": "array",
            "items": {
              "type": "string",
              "description": "the value for the solve profile key"
            }
          }
        }
      }
    },
    "SeverityLevel": {
      "items": {
        "description": "Severity of the constraints which contributed in expanded expression. Constraint Severity see <constraintsolver/constraintsolver.h>",
        "type": "string",
        "enum": [ "User", "Error", "Info", "Warning", "Default", "UserDefault", "EmptyInitialized", "PackageDefault" ]
      }
    },
    "ProductConfiguration": {
      "description": "Specifies configuration criteria to configure a product, including variant, effectivity, and constraint solver profile settings. ",
      "properties": {
        "variantConfig": {
          "description": "A Teamcenter configuration Variant Condition",
          "$ref": "#/definitions/ConfigCondition"
        },
        "effectivityConfig": {
          "description": "A Teamcenter configuration Effectivity Condition",
          "$ref": "#/definitions/ConfigCondition"
        },
        "name": {
          "description": "The name of this criteria object, e.g. the name of the VariantRule.",
          "type": "string"
        },
        "profile": {
          "description": "Constraint solver settings to use when evaluating configurator constraint in this product configuration.",
          "$ref": "#/definitions/SolveProfile"
        },
        "disabledConstraints": {
          "description": "A list of (low severity) constraints that should be disabled for this configuration criteria expression. If present the service will skip the low severity constraint processing step to determine the set of low severity constraints to drop because they are in conflict with the input configuration criteria expression.",
          "type": "array",
          "items": {
            "type": "string"
          }
        },
        "complete": {
          "description": "An optional property that indicates whether the ProductConfiguration assigns a value to the complete set of variant options.",
          "type": "boolean"
        },
        "isValid": {
          "description": "Indicate if the given configuration is valid or invalid based on constraint processing.",
          "type": "boolean"
        }
      }
    },
    "TcErrorStack": {
      "description": "json object that hold details of the errors that occurred during processing the input json request. The order of errors in this array will be stack top-down. It means the 0th index in the array would represent most recent error and last index in array would be the first/oldest error",
      "type": "array",
      "items": {
        "type": "object",
        "properties": {
          "code": {
            "description": "error code of the ifail that was raised while processing the request",
            "type": "integer"
          },
          "substituted": {
            "description": "indicator if the error message already localized. true mean message is localized.",
            "type": "boolean"
          },
          "errorSeverity": {
            "description": "severity of the ifail that was raised",
            "type": "integer"
          },
          "errorStrings": {
            "description": "The sub-string that are needed to complete the message for the IFail",
            "type": "array",
            "items": {
              "type": "string"
            }
          }
        }
      }
    }
  }
}
