{
  "_comment": "Copyright 2019. Siemens Product Lifecycle Management Software Inc. All Rights Reserved.",
  "$id": "contentSolve_Response_Schema.json",
  "$schema": "http://json-schema.org/draft-07/schema#",
  "description": "Response schema for the configurator Service \"ContentSolve\"",
  "createRelease": "tc12.4.0.0",
  "isThirdParty": "false",
  "name": "contentSolve",
  "namespace": "Teamcenter::ContentSolve",
  "returnDescription": "Returns the IDs of expressions for which the satisfiability check passed.",
  "type": "object",
  "properties": {
    "filteredConditionList": {
      "description": "List of conditions. A missing \"FilteredConditionList\" value is synonymous with an empty array value for \"FilteredConditionList\": it indicates that all of the conditions in the request were failed in satisfiability check.",
      "type": "array",
      "items": {
        "description": "Identifies expressions for which the satisfiability check passed. The IDs correspond to request property \"ConditionList\"",
        "type": "string"
      }
    },
    "jsonType": {
      "description": "Type of the json request or response. This will help us debugging the logs",
      "const": "contentSolveResponse"
    },
    "TcErrorStack": {
      "description": "json object that hold details of the errors that occurred during processing the input json request. The order of errors in this array will be stack top-down. It means the 0th index in the array would represent most recent error and last index in array would be the first/oldest error",
      "$ref": "ConfiguratorServiceDefinitions.json#/definitions/TcErrorStack"
    }
  },
  "anyOf": [
    {
      "required": [ "jsonType" ]
    },
    {
      "required": [ "TcErrorStack" ]
    }
  ]
}
