{
  "_comment": "Copyright 2019. Siemens Product Lifecycle Management Software Inc. All Rights Reserved.",
  "$id": "contentSolve_Request_Schema.json",
  "$schema": "http://json-schema.org/draft-07/schema#",
  "description": "Request schema for the configurator Service \"ContentSolve\"",
  "createRelease": "tc12.4.0.0",
  "isThirdParty": "false",
  "name": "contentSolve",
  "namespace": "Teamcenter::ContentSolve",
  "type": "object",
  "properties": {
    "jsonType": {
      "description": "Type of the json request or response. This will help us debugging the logs",
      "const": "contentSolveRequest"
    },
    "conditionList": {
      "description": "List of conditions for which a satisfiability check is requested.",
      "type": "array",
      "items": {
        "properties": {
          "id": {
            "description": "An identifier that uniquely identifies this JSON record within the scope of this JSON message. The Teamcenter object ID of a condition object is usually not unique and is therefore not suitable.",
            "type": "string"
          },
          "variantCondition": {
            "description": "A Teamcenter configuration Variant Condition",
            "$ref": "ConfiguratorServiceDefinitions.json#/definitions/ConfigCondition"
          },
          "effectivityCondition": {
            "description": "A Teamcenter configuration Effectivity Condition",
            "$ref": "ConfiguratorServiceDefinitions.json#/definitions/ConfigCondition"
          }
        },
        "allOf": [
          {
            "required": [ "id" ]
          },
          {
            "anyOf": [
              {
                "required": [ "variantCondition" ]
              },
              {
                "required": [ "effectivityCondition" ]
              }
            ]
          }
        ]
      }
    },

    "productConfiguration": {
      "description": "Specifies configuration criteria to configure a product, including variant, effectivity, and constraint solver profile settings. ",
      "type": "object",
      "$ref": "ConfiguratorServiceDefinitions.json#/definitions/ProductConfiguration"
    }
  },
  "required": [ "jsonType", "conditionList", "productConfiguration" ]
}
