{
  "_comment": "Copyright 2019. Siemens Product Lifecycle Management Software Inc. All Rights Reserved.",
  "$id": "expandExpression_Request_Schema.json",
  "$schema": "http://json-schema.org/draft-07/schema#",
  "description": "Request schema for the configurator Service \"ExpandExpression\"",
  "createRelease": "tc12.3.0.0",
  "isThirdParty": "false",
  "name": "expandExpression",
  "namespace": "Teamcenter::ExpandExpression",
  "type": "object",
  "properties": {
    "jsonType": {
      "description": "Type of the json request or response. This will help us debugging the logs",
      "const": "expandExpressionRequest"
    },
    "familiesToExpand": {
      "description": "List of families, which shall be expanded with this request",
      "type": "array",
      "items": {
        "$ref": "ConfiguratorServiceDefinitions.json#/definitions/VariantOptionFamily"
      }
    },
    "productConfiguration": {
      "description": "Specifies configuration criteria to configure a product, including variant, effectivity, and constraint solver profile settings.",
      "type": "object",
      "$ref": "ConfiguratorServiceDefinitions.json#/definitions/ProductConfiguration"
    }
  },
  "required": [ "jsonType", "productConfiguration" ]
}
