{
  "_comment": "Copyright 2019. Siemens Product Lifecycle Management Software Inc. All Rights Reserved.",
  "$id": "expandExpression_Response_Schema.json",
  "$schema": "http://json-schema.org/draft-07/schema#",
  "description": "Response schema for the configurator Service \"ExpandExpression\"",
  "createRelease": "tc12.3.0.0",
  "isThirdParty": "false",
  "name": "expandExpression",
  "namespace": "Teamcenter::ExpandExpression",
  "returnDescription": "Output structure specifies the value that was set for a family based on constraint processing.",
  "type": "object",
  "properties": {
    "jsonType": {
      "description": "Type of the json request or response. This will help us debugging the logs",
      "const": "expandExpressionResponse"
    },
    "productConfiguration": {
      "description": "This will include the validation result of the product configuration, and also the list of disabled low severity constraints. If this element is missing there are errors while computing. Detail of the errors will be populated in \"TcErrorStack\"",
      "type": "object",
      "$ref": "ConfiguratorServiceDefinitions.json#/definitions/ProductConfiguration"
    },
    "expandedFamilies": {
      "type": "array",
      "items": {
        "description": "A variant option value to which was assigned in the expand operation. A missing \"expandedFamilies\" value is synonymous with an empty array value for \"expandedFamilies\": it indicates that single solution doesn't exits for the given families.",
        "anyOf": [
          {
            "$ref": "ConfiguratorServiceDefinitions.json#/definitions/VariantOptionValue"
          },
          {
            "properties": {
              "familyId": {
                "description": "The IDs that refer to the unique \"id\" in VariantOptionFamily in the request",
                "type": "string"
              },
              "severity": {
                "description": "The severity level with which this value was assigned.",
                "$ref": "ConfiguratorServiceDefinitions.json#/definitions/SeverityLevel"
              },
              "expression": {
                "description": "The literal expression formula for the value assignment to this family.",
                "$ref": "ConfiguratorServiceDefinitions.json#/definitions/ConfigCondition"
              }
            },
            "required": [ "familyId" ]
          }
        ]
      }
    },
    "TcErrorStack": {
      "description": "json object that hold details of the errors that occurred during processing the input json request. The order of errors in this array will be stack top-down. It means the 0th index in the array would represent most recent error and last index in array would be the first/oldest error",
      "$ref": "ConfiguratorServiceDefinitions.json#/definitions/TcErrorStack"
    }
  },
  "anyOf": [
    {
      "required": [ "TcErrorStack" ]
    },
    {
      "allOf": [
        {
          "required": [ "jsonType" ]
        },
        {
          "required": [ "productConfiguration" ]
        }
      ]
    }
  ]
}
