{
    "$schema":"http:\/\/json-schema.org\/draft-07\/schema#",
    "description":"Request schema for the filterConditions JSON interface. This operation returns filtered conditions.",
    "createRelease": "tc12.1.0.0",
    "isThirdParty": "false",
    "name": "filterConditions",
    "namespace": "Teamcenter::VariabilityAdaptor",
    "returnDescription": "Returns filtered conditions.",
    "type":"object",
    "properties":
    {
        "criteriaExpression":
        {
            "description": "Input conditions as key value pairs to evaluate. Each condition is identified with unique ID. Eg. Key1:Value1. Values are expected in Teamcenter Formula expression.",
            "type":"object"
        },
        "contextExpression":
        {
            "description": "Input conditions would be evaludated against these context expressions. This parameter is optional.",
            "type": "array",
            "items": 
            {
                "type": "string"
            }
        },
        "params":
        {
            "description": "Additional input solve parameters for condition filtering.",
            "type": "object",
            "properties":
            {
                "fatalSeverity":
                {
                    "description": "Constraints of severity equal and above fatalSeverity would be used for validating the input property criteriaExpression. Possible values for this paramter are Error, Warning and Info.",
                    "type":"string"
                },
                "evaluationSeverity":
                {
                    "description": "Constraints of severity equal and above evaluationSeverity would be used for validating the input property contextExpression. Possible values for this paramter are Error, Warning, Info and Default.",
                    "type":"string"
                },
                "inputCriteriaRelation":
                {
                    "description": "This would be used for overlaying the conditions computed for one condition_to_evaluate with other conditions. Possible values for this paramter are union and intersection.",
                    "type":"string"
                }
            }
        }
    }
}