{
    "$schema":"http:\/\/json-schema.org\/draft-07\/schema#",
    "definitions":
    {
        "ErrorInfo":
        {  
            "type":"object",
            "_comment":"json object to hold teamcenter details of an error scenario. It would include a error code and a error message",
            "properties":
            {
                "ErrorCode":
                {
                    "_comment": "integer error code used to identify the error scenario within Teamcenter",
                    "type":"integer"
                },  
                "ErrorMessage":
                {
                    "_comment": "error message providing the details about the error scenario",
                    "type":"string"
                },
                "InputID":
                {
                    "description": "Input formula/ID which resulted into error while converting to Teamcenter in-memory formula",
                    "type":"string"
                }                 
            },
            "required": [ "ErrorCode", "ErrorMessage" ]            
        }
    },

    
    "description":"Response schema for the filterConditions JSON interface. This operation returns filtered conditions.",
    "createRelease": "tc12.1.0.0",
    "isThirdParty": "false",
    "name": "filterConditions",
    "namespace": "Teamcenter::VariabilityAdaptor",
    "returnDescription": "Returns filtered conditions.",
    "type":"object",
    "properties":
    {
        "FilteredConditions":
        {
            "description": "This output parameter provides valid levels. Each valid level references the unique ID provided in the criteriaExpression input.",
            "type":"array",
            "items": 
            {
                "type": "string"
            }
        },
        "ContextExprConversionError":
        {
            "description": "This output parameter provides details for errors that occured while converting the string context formula to Teamcenter in memory formula.",
            "type":"array",
            "items": 
            {
                "allOf": [
                { 
                    "$ref": "#/definitions/ErrorInfo" }
                ]
            }
        },
        "CriteriaExprConversionError":
        {
            "description": "This output parameter provides details for errors that occured while converting the string condition formula to Teamcenter in memory formula.",
            "type":"array",
            "items": 
            {
                "allOf": [
                { 
                    "$ref": "#/definitions/ErrorInfo" }
                ]
            }
        }
    }
}