{
    "$schema": "http://json-schema.org/draft-06/schema#",
    "definitions": {
      "familyInfo": {
        "type": "object",
        "_comment": "By Default a family will be a single-select family of type String",
        "properties": {
          "familyId": {
            "type": "string"
          },
          "familyNamespace": {
            "type": "string"
          },
          "familyType": {
            "_comment": "If this attribute is not provided, string type family is assumed",
            "type": "string",
            "enum": [
              "String",
              "Integer",
              "Boolean",
              "Float",
              "Date"
            ]
          },
          "familyUOM": {
            "_comment": "Only required if family is of type \"Interger\" or \"Float\"",
            "type": "string"
          },
          "domainOfValues": {
            "_comment": "It contains the formula representing valid range for the current family",
            "type": "string"
          }
        },
        "required": [
          "familyId",
          "familyNamespace"
        ]
      }
    },
    "description": "Response schema for the getAvailableProductVariability JSON interface.",
    "createRelease": "tc12.2.0.0",
    "isThirdParty": "false",
    "name": "getAvailableProductVariability ",
    "namespace": "Cfg0::Soa::Internal::Configurator::_2018_12",
    "returnDescription": "Output structure tells user possible values from all the values present in the families passed in input.",
    "type": "object",
    "properties": {
        "rootElementName":{
            "description": "Name of the root object",
            "type": "string"
        },
        "isValid": {
            "description":"",
            "type": "boolean"
        },
        "valueList": {
            "description": "List of families which will be used to evaluate possible values",
            "type": "array",
            "items": {
            "type": "object",
                "properties": {
                    "family": {
                        "$ref": "#/definitions/familyInfo"
                    },
                    "valueIds": {
                        "type": "array",
                        "items": {
                            "type": "string"
                        }
                    }
                },
                "required": ["family"]
            }
        },
        "expandedExpression": {
            "description": "System Suggested Expression",
            "type": "object",
            "properties": {
                "expressionType": {
                  "type": "integer"
                },
                "formula": {
                  "type": "string"
                },
                "solutionSeverity":{
                    "type": "array",
                    "items":{
                        "type": "object",
                        "properties":{
                            "severity": {
                                "_comment": "severity of the constraints which contributed in expanded expression",
                                "type": "string",
                                "enum": ["Error", "Warning", "Information", "Default", "softDeafault"]
                            },
                            "literalExpressions": {
                                "type": "array",
                                "items":{
                                    "type": "string"
                                }
                            }
                        }
                    }
                }
            }
        },
        "requiredFamilies":{
            "description":"list of families which are not part of output configuration",
            "type": "array",
            "items": {
                "$ref": "#/definitions/familyInfo"
            }
        },
        "isComplete": {
            "description":"boolean flag to indicate the output configuration contains all the configuration families",
            "type": "boolean"
        },
        "TcErrorStack":{
            "description": "json object that hold details of the errors that occured during processing the input json request. The order of errors in this array will be stack top-down. It means the 0th index in the array would represent most recent error and last index in array would be the first/oldest error",
            "type": "array",
            "items":{
                "type":"object",
                "properties":{
                    "code":{
                        "_comment":"error code of the ifail that was raised while processing the request",
                        "type":"integer"
                    },
                    "errorSeverity":{
                        "_comment":"severity of the ifail that was raised",
                        "type":"integer"
                    },
                    "errorStrings":{
                        "type":"array",
                        "_comment":"The sub-string that are needed to complete the message for the IFail",
                        "items":{
                            "type":"string"
                        }
                    }
                }
            }
        }
    }
}
