{
    "$schema": "http://json-schema.org/draft-06/schema#",
    "definitions": {
        "familyInfo": {
            "type": "object",
            "_comment": "By Default a family will be a single-select family of type String",
            "properties": {
                "familyId": {
                    "type": "string"
                },
              "familyNamespace": {
                "_comment":  "The namespace value \"Teamcenter::\" is reserved for internal teamcenter families and should be not used",
                "type": "string"
              },
                "familyType": {
                    "_comment": "If this attribute is not provided, string type family is assumed",
                    "type": "string",
                    "enum": ["String",
                    "Integer",
                    "Boolean",
                    "Float",
                    "Date"]
                },
                "familyUOM": {
                    "_comment": "Only required if family is of type \"Interger\" or \"Float\"",
                    "type": "string"
                }
            },
            "required": ["familyId",
            "familyNamespace"]
        }
    },
    "description": "Request schema for the getAvailableProductVariability JSON interface.",
    "createRelease": "tc12.2.0.0",
    "isThirdParty": "false",
    "name": "getAvailableProductVariability ",
    "namespace": "Cfg0::Soa::Internal::Configurator::_2018_12",
    "returnDescription": "Output structure tells user possible values from all the values present in the families passed in input.",
    "type": "object",
    "properties": {
        "rootElementName":{
            "description": "Name of the root object",
            "type": "string"
        },
        "familyList": {
            "description": "List of families which will be used to evaluate possible values",
            "type": "array",
            "items": {
                "$ref": "#/definitions/familyInfo"
            }
        },
        "configuration": {
            "description": "configuration used to evaluate possible values",
            "type": "object",
            "properties": {
                "expressionType": {
                  "type": "integer"
                },
                "formula": {
                  "type": "string"
                },
                "effectivity":{
                    "type": "string"
                }
            }
        },
        "solveParams": {
          "type": "array",
          "items": {
        "description": "the key-value pair",
            "type": "object",
            "properties": {
              "key": {
                "type": "string",
                "description": "allowed key",
                "enum": ["CFG_PROFILE_applyConfigConstraints",
                "CFG_PROFILE_computeAllProblems",
                "CFG_PROFILE_preferEmptyValueForDiscretionary",
                "CFG_PROFILE_considerLowSeverityRulesForExpansion",
                "CFG_PROFILE_skipSolutionSeverityProcessing",
                "CFG_PROFILE_validate_and_skip_violation_minimization_key",
                "CFG_PROFILE_validateAndSkipViolationMinimization",
                "CFG_PROFILE_getPackageDetails",
                "CFG_PROFILE_check_completeness",
                "CFG_PROFILE_minErrorSeverity",
                "CFG_PROFILE_minReportSeverity",
                "CFG_PROFILE_violationComputationTimeout"]
              },
              "value": {
                "type": "string",
                "description": "the value for the solve profile key"
              }
            }
          }
        }
    }
}
