{
    "$schema": "http://json-schema.org/draft-04/schema#",
    "definitions": {
        "familyInfo": {
            "type": "object",
            "_comment": "By Default a family will be a single-select of type String",
            "properties": {
                "familyName": {
                    "type": "string"
                },
                "familyNamespace": {
                    "type": "string"
                },
                "familyType": {
                    "_comment": "If this attribute is not provided, string type family is assumed",
                    "type": "string",
                    "enum": [
                        "String",
                        "Integer",
                        "Boolean"
                    ]
                },
                "isMultiSelect": {
                    "_comment": "If family a multiselect family, false by default",
                    "type": "boolean"
                },
                "familyUOM": {
                    "_comment": "Only required if family is of type UOM",
                    "type": "string"
                }
            },
            "required": [
                "familyName",
                "familyNamespace"
            ]
        },
        "configurationRoster": {
            "type": "object",
            "description": "Input collection of configurations for computing which configurations are valid, which are invalid and to check if all the input configurations can represent all possible combinations. This structure represents a 'Roster Table'.",
            "name": "configurationRoster",
            "properties": {
                "columnHeaders": {
                    "type": "array",
                    "items": {
                        "allOf": [
                            {
                                "$ref": "#/definitions/literalExpression"
                            }
                        ]
                    }
                },
                "configurations": {
                    "type": "object",
                    "_comment": "JSON object can hold multiple configurations, key is configurations-id, value is rows object ",
                    "properties": {
                        "rows": {
                            "type": "array",
                            "_comment": "JSON object holds multiple rows."
                        }
                    }
                },
                "allRows": {
                    "type": "object",
                    "_comment": "Object holds rows against a user defined key. Rows can be re-used across a single configuration via key. TODO: Ayush - Add Validation on this object to hold only T/F/B in value. "
                }
            },
            "required": [
                "columnHeaders",
                "configurations"
            ]
        },
        "literalExpression": {
            "type": "object",
            "allOf": [
                {
                    "$ref": "#/definitions/familyInfo"
                },
                {
                    "properties": {
                        "operator": {
                            "type": "string"
                        },
                        "valueName": {
                            "type": "string"
                        }
                    }
                }
            ]
        }
    },
    "description": "Request schema for the getConfigurationRosterCoverage JSON interface. Output structure tells user what combinations passed in the input are valid and which are invalid. Additionally it also informs user how a correction can be made to invalid combination which was passed in the input so that it becomes valid.",
    "createRelease": "tc12.1.0.0",
    "isThirdParty": "false",
    "name": "getConfigurationRosterCoverage ",
    "namespace": "Cfg0::Soa::Internal::Configurator::_2018_12",
    "returnDescription": "Output structure tells user what combinations passed in input are valid and which are invalid. Additionally it also informs user how a correction can be made to invalid combination which was passed in the input so that it becomes valid.",
    "type": "object",
    "properties": {
        "configurationRoster": {
            "$ref": "#/definitions/configurationRoster"
        },
        "validCombinationScope": {
            "description": "List of families which will be used to evaluate total number of possible combinations as permutations of values in this families that don’t violate any constraint",
            "$ref": "#/definitions/configurationRoster/properties/columnHeaders"
        },
        "explicitFeatures": {
            "description": "This is a list of features which contains two things. It signifies following input to the system - 1. Features which can never be given away. 2. Features which can be given away under some condition and condition is specified in 'skipConditions'. As a feature identification - familyName, familyNamespace and valueName only these three attributes are considered. If valueName is not given then valueName is considered as equal to familyName with assumption that the given feature belongs boolean or multi-select family.",
            "type": "array",
            "items": {
                "allOf": [
                    {
                        "$ref": "#/definitions/literalExpression"
                    }
                ],
                "skipConditions": {
                    "type": "array",
                    "items": {
                        "type": "string"
                    }
                }
            }
        },
        "solveParams": {
            "description": "Additional input solve parameters for computing completeness.",
            "type": "object",
            "properties": {
                "fatalSeverity": {
                    "description": "Constraints of severity equal and above fatalSeverity would be used for validating the expression/conditions in input complexity solution. If any such constraint is violated, the corresponding condition in complexity solution would turn invalid. Possible values for this paramter are Error, Warning and Info.",
                    "type": "string"
                }
            }
        },
        "considerGridExpressionFormat": {
            "type": "boolean",
            "_comment": "Default value for this property is false. If this property is not given in input then it is considered as false. If set to true then features from same single select family are considered as ORed in a row otherwise they are considered as ANDed."
        }
    }
}