{
  "_comment": "Copyright 2020. Siemens Digital Industry Software. All Rights Reserved.",
  "$id": "getConstraints_Response_Schema.json",
  "$schema": "http://json-schema.org/draft-07/schema#",
  "description": "Response schema for the configurator Service \"getConstraints\"",
  "createRelease": "tc13.1.0.0",
  "isThirdParty": "false",
  "name": "getConstraints",
  "namespace": "Teamcenter::GetConstraints",
  "type": "object",
  "properties": {
    "jsonType": {
      "description": "Type of the json request or response. This will help us debugging the logs",
      "const": "getConstraintsResponse"
    },
    "constraints": {
      "description": "A property that indicates identification for a constraints. It is user facing identification string which represents object. User should provide this during creation. This property is primary key.",
      "type": "array",
      "items": {
        "type": "object",
        "properties": {
          "id": {
            "description": "A property that indicates identification for a constraints. It is user facing identification string which represents object. User should provide this during creation. This property is primary key.",
            "type": "string"
          },
          "uid": {
            "description": "A property that indicates unique  internal identification for a constraints. It could be uid of teamcenter object or some unique string which is used for internal communciation.",
            "type": "string"
          },
          "type": {
            "description": "A property that indicates type of a constraints.",
            "type": "string",
            "enum": [
              "unknownConstraint",
              "availabilityConstraint",
              "defaultConstraint",
              "excludeConstraint",
              "includeConstraint",
              "freeFormConstraint",
              "packageConstraint",
              "summaryConstraint",
              "allocationConstraint",
              "valueEffectivityConstraint",
              "featureFamilyConstraint",
              "conditionalPackageConstraint",
              "conditionalPackageDefaultConstraint"
            ]
          },
          "severity": {
            "description": "A property that indicates severity of violations of this constraint.",
            "type": "string",
            "enum": [
              "Unknown",
              "Mandatory",
              "Default",
              "PackageDefault",
              "Info",
              "Warning",
              "Error",
              "User"
            ]
          },
          "message": {
            "description": "A property that stores message to display when this constraint rule is violated.",
            "type": "string"
          },
          "subject": {
            "description": "A property that represents the suggestive or restrictive clause of the rule. For example, for a default rule which sets Transmission as Manual for the Car, the subject condition reads like [Car]Transmission=Manual.",
            "type": "string"
          },
          "applicability": {
            "description": "A property that represents an expression indicating that the current rule object is applicable only when this expression is satisfied. For example, for a default rule which should be applied only when V4 Engine for the Car is selected, the applicability condition reads like [Car]Engine=V4.",
            "type": "string"
          },
          "freeFormExpression": {
            "description": "A property of type string which represents rule object expression as per industry standard SMTLib2.0. This property is relevant only if type property is freeFormConstraints. For freeFormConstraints only freeFormExpression property will be set and applicability and subject should be empty or null.",
            "type": "string"
          },
          "effectivity": {
            "description": "A property indicates effectivity expression set on the constraint like [Teamcenter::]Date >= 2015-06-01T05:30:00Z. Constraint is applicable only when this expression is satisfied.",
            "type": "string"
          },
          "behaviour": {
            "description": "An property that indicates behaviour of constraint in terms of relation between applicability and subject. Default value is 'implies' which indicates applicability implies subject",
            "type": "string",
            "enum": [
              "unknown",
              "implies",
              "equivalence",
              "xor"
            ]
          },
          "priority": {
            "description": "An property that indicates priority of a constraint when there is conflict between constraints of same severity. Priority comes into picture when severity is same. Severity takes higher precedance over priority number",
            "type": "integer"
          },
          "useForwardOnlyPropogation": {
            "description": "A property that indicates rules should work in way applicability implies subject or not subject implies not applicability. This property is applicable only for default rules.",
            "type": "boolean"
          },
          "isStringOperationSupported": {
            "description": "A property is applicable only for allocation constraints for string family data types to decide whether features within those families should be optimized to int or continuw with string comparision which allows string operation like contain, start with, ends with etc...",
            "type": "boolean"
          }
        },
        "required": [
          "id",
          "type",
          "severity",
          "message"
        ]
      }
    },
    "TcErrorStack": {
      "description": "json object that hold details of the errors that occurred during processing the input json request. The order of errors in this array will be stack top-down. It means the 0th index in the array would represent most recent error and last index in array would be the first/oldest error",
      "$ref": "ConfiguratorServiceDefinitions.json#/definitions/TcErrorStack"
    }
  },
  "required": [
    "jsonType"
  ]
}