{
    "_comments" : [
        "@<COPYRIGHT>@",
        "==================================================",
        "Copyright 2019.",
        "Siemens Product Lifecycle Management Software Inc.",
        "All Rights Reserved.",
        "==================================================",
        "@<COPYRIGHT>@" ],

    "schema": "http://json-schema.org/draft-07/schema#",
    "definitions": {
        "familyInfo": {
            "type": "object",
            "_comment": "By Default a family will be a single-select of type String.",
            "properties": {
                "familyName": {
                    "type": "string"
                },
                "familyNamespace": {
                    "type": "string"
                },
                "familyType": {
                    "_comment": "If this attribute is not provided, string type family is assumed.",
                    "type": "string",
                    "enum": [
                        "String",
                        "Integer",
                        "Boolean"
                    ]
                },
                "isMultiSelect": {
                    "_comment": "If family a multiselect family, false by default.",
                    "type": "boolean"
                },
                "familyUOM": {
                    "_comment": "Only required if family is of type UOM.",
                    "type": "string"
                }
            },
            "required": [
                "familyName",
                "familyNamespace"
            ]
        },
        "configurationRoster": {
            "type": "object",
            "description": "Input collection of configurations for computing which configurations are valid, which are invalid and to check if all the input configurations can represent all possible combinations. This structure represents a 'Roster Table'.",
            "name": "configurationRoster",
            "properties": {
                "columnHeaders": {
                    "type": "array",
                    "items": {
                        "allOf": [
                            {
                                "$ref": "#/definitions/literalExpression"
                            }
                        ]
                    }
                },
                "configurations": {
                    "type": "object",
                    "_comment": "JSON object can hold multiple configurations, key is configurations-id, value is rows object.",
                    "properties": {
                        "rows": {
                            "type": "object",
                            "_comment": "JSON object can hold multiple rows, key is row-id, value is row itself."
                        }
                    }
                },
                "correctedConfigurations": {
                    "type": "object",
                    "_comment": "JSON object holds system suggested corrections against user input.",
                    "properties": {
                        "inputConfigId": {
                            "type": "string",
                            "_comment": "Config ID from input request on which corrections are suggested."
                        },
                        "inputRowId": {
                            "type": "string",
                            "_comment": "Row ID for which correction is suggested."
                        },
                        "skipConditions": {
                            "type": "array",
                            "_comment": "Skip conditions suggested by system. These are giveAway features suggested by system. e.g. [[Teamcenter]B]B. Correlate these features as giveAway with the inputConfigId and inputRowId provided in the input. There could be multiple features which may be suggested as giveAway by the system depending upon the input, variability and constraints.",
                            "items": {
                                "type": "string"
                            }
                        }
                    },
                    "required": [
                        "inputConfigId",
                        "inputRowId"
                    ]
                },
                "allRows": {
                    "type": "object",
                    "_comment": "Object holds rows against a user defined key. Rows can be re-used across multiple configurations via key. TODO: Ayush - Add Validation on this object to hold only T/F/B in value."
                }
            },
            "required": [
                "columnHeaders",
                "configurations"
            ]
        },
        "literalExpression": {
            "allOf": [
                {
                    "$ref": "#/definitions/familyInfo"
                },
                {
                    "properties": {
                        "operator": {
                            "type": "string"
                        },
                        "valueName": {
                            "type": "string"
                        }
                    }
                }
            ]
        }
    },
    "description": "Response schema for the getConfigurationRosterCoverage JSON interface. Output structure tells user which combinations passed in input via ‘Roster Table’ were valid and which were invalid. Additionally if also informs user how a correction can be made to an invalid input configuration such that it becomes a valid configuration.",
    "createRelease": " tc12.1.0.0",
    "isThirdParty": "false",
    "name": "getConfigurationRosterCoverage",
    "namespace": " Cfg0::Soa::Internal::Configurator::_2018_12",
    "returnDescription": "Output structure tells user which combinations passed in input via ‘Roster Table’ were valid and which were invalid. Additionally it also informs user how a correction can be made to an invalid input configuration such that it becomes a valid configuration.",
    "type": "object",
    "properties": {
        "isComplete": {
            "description": "This property is set to true if the input complexity solution is complete else false.",
            "type": "boolean"
        },
        "hasInvalidConfigs": {
            "description": "This property is set to true if invalid configurations were found in input Roster Table.",
            "type": "boolean"
        },
        "invalidConfigs": {
            "description": "List of config IDs from input roster table are invalid.",
            "type": "array",
            "items": {
                "type": "string"
            }
        },
        "partiallyInvalidConfigs": {
            "description": "List of config IDs from input roster table partially invalid, this means atlease one of rows in the configuration was invalid.",
            "type": "array",
            "items": {
                "type": "object"
            }
        },
        "uncoverdConfigurations": {
            "description": "A collection of configurations which were which were not covered by the input configuration roster table . This structure represents a table. Representation of this table is divided into two parts. First part has information about column headers which is present against key ‘columnHeaders, and other part represents configurations.",
            "$ref": "#/definitions/configurationRoster"
        },
        "configurationCorrections": {
            "description": "A collection of input configurations which were corrected considering both state options. This structure contains Roster Table Column Headers along with corrected Roster Table Rows.",
            "name": "configurationCorrections",
            "type": "object",
            "properties": {
                "correctedConfigurations": {
                    "description": "System suggested corrections on input Configurations passed in input Roster Table.",
                    "type": "array",
                    "items": {
                        "$ref": "#/definitions/configurationRoster/properties/correctedConfigurations"
                    }
                }
            },
            "required": [
                "correctedConfigurations"
            ]
        }
    },
    "required": [
        "isComplete",
        "hasInvalidConfigs"
    ]
}