{
    "$schema":"http:\/\/json-schema.org\/draft-07\/schema#",
    "description":"Response schema for the getVariability JSON interface. This operation returns the variability.",
    "createRelease": "tc12.1.0.0",
    "isThirdParty": "false",
    "name": "getVariability",
    "namespace": "Teamcenter::VariabilityAdaptor",
    "returnDescription": "Returns variability.",
    "type":"object",
    "properties":
    {
        "optionFamilies":
        {
            "description": "The display name of the variant option family.",
            "type": "array",
            "items": 
            {
                "type": "object",
                "properties":
                {
                    "family":
                    {
                        "description": "The UID of the variant option family.",
                        "type":"string"
                    },
                    "familyDisplayName":
                    {
                        "description": "The display name of the variant option family.",
                        "type": "string"
                    },
                    "familyType":
                    {
                        "description": "The data type of option values within this family.",
                        "type": "string"
                    },
                    "isThumbnailDisplay":
                    {
                        "description": "If true, option values are displayed as tile with thumbnail. If false, option values are displayed as simple text. <br />Value of this parameter is governed by preference PCA_Display_Thumbnail.",
                        "type": "boolean"
                    },
                    "familyOptions":
                    {
                        "description": "A map (string, boolean) indicating the various decorations for this family like, if the family is complete, single/multi-select, freeform etc. Valid keys are:<br /><ul><ul><li type=\"disc\">isComplete: Indicating if at least one option value has been selected in mandatory family.  If true, option family is complete. If false, option family is considered incomplete. Optional families are always considered complete.</li><li type=\"disc\">isSingleSelect: Indicate if multiple option values in a family allowed to be selected. If true, multiple selections are not allowed. If false, multiple selections are allowed.</li></ul></ul>",
                        "type": "object",
                        "properties":
                        {
                            "isDiscretionary":
                            {
                                "description": "If true it means family is optional.",
                                "type": "boolean"
                            },
                            "isFreeForm":
                            {
                                "description": "If true it means family is free form.",
                                "type": "boolean"
                            },
                            "isSingleSelect":
                            {
                                "description": "If true it means family is single select. Only one value can be selected at any point of time.",
                                "type": "boolean"
                            }
                        }
                    },
                    "optionValues":
                    {
                        "description": "The list of option values within this family.",
                        "type": "array",
                        "items" :
                        {
                            "type" : "object",
                            "properties":
                            {
                                "optValueStr":
                                {
                                    "description": "The UID of the option value.",
                                    "type": "string"
                                },
                                "valueDisplayName":
                                {
                                    "description": "The display name of the option value.",
                                    "type": "string"
                                },
                                "selectionState":
                                {
                                    "description": "The selection state of the option value.",
                                    "type": "integer"
                                },
                                "optValue":
                                {
                                    "description": "Additional properties for the option value.",
                                    "type": "object",
                                    "properties":
                                    {
                                        "objectID":
                                        {
                                            "description": "The object ID of the option value.",
                                            "type": "string"
                                        },
                                        "cParamID":
                                        {
                                            "description": "The object ID of the option value.",
                                            "type": "string"
                                        },
                                        "uid":
                                        {
                                            "description": "The UID of the option value.",
                                            "type": "string"
                                        },
                                        "className":
                                        {
                                            "description": "The class name of the option value.",
                                            "type": "string"
                                        },
                                        "type":
                                        {
                                            "description": "The data type of the option value.",
                                            "type": "string"
                                        }
                                    }
                                }
                            }
                        }
                    }
                }
            }
        }    
    }
}