{
  "_comment": "Copyright 2019. Siemens Product Lifecycle Management Software Inc. All Rights Reserved.",
  "$id": "getValidValues_Request_Schema.json",
  "$schema": "http://json-schema.org/draft-07/schema#",
  "description": "Request schema for the configurator Service \"GetValidValues\"",
  "createRelease": "tc12.3.0.0",
  "isThirdParty": "false",
  "name": "getValidValues",
  "namespace": "Teamcenter::GetValidValues",
  "type": "object",
  "properties": {
    "jsonType": {
      "description": "Type of the json request or response. This will help us debugging the logs",
      "const": "getValidValuesRequest"
    },
    "variability": {
      "description": "List of families with embedded values which can be referred from the valueList. Via property \"id\" of the embedded values.",
      "type": "array",
      "items": {
        "$ref": "ConfiguratorServiceDefinitions.json#/definitions/VariantOptionFamily"
      }
    },
    "valueList": {
      "description": "List of values which will be evaluated. This list is ids of subset of the list of values in the \"variability\"",
      "type": "array",
      "items": {
        "type": "object",
        "properties": {
          "id": {
            "description": "An identifier that uniquely identifies this JSON record within the scope of this JSON message.",
            "type": "string"
          },
          "valueId": {
            "description": "The IDs that refer to the unique \"id\" in VariantOptionValue in the \"variability\"",
            "type": "string"
          },
          "contextId": {
            "description": "The IDs that refer to the unique \"id\" in VariantOptionFamily in the \"variability\". This is additional information about the Dynamic Family",
            "type": "string"
          }
        },
        "required": [ "id", "valueId" ]
      }
    },
    "productConfiguration": {
      "description": "Specifies configuration criteria to configure a product, including variant, effectivity, and constraint solver profile settings. ",
      "type": "object",
      "$ref": "ConfiguratorServiceDefinitions.json#/definitions/ProductConfiguration"
    }
  },
  "required": [ "jsonType", "variability", "valueList", "productConfiguration" ]
}
