{
  "_comment": "Copyright 2019. Siemens Product Lifecycle Management Software Inc. All Rights Reserved.",
  "$id": "getValidValues_Response_Schema.json",
  "$schema": "http://json-schema.org/draft-07/schema#",
  "description": "Response schema for the configurator Service \"GetValidValues\"",
  "createRelease": "tc12.3.0.0",
  "isThirdParty": "false",
  "name": "getValidValues",
  "namespace": "Teamcenter::GetValidValues",
  "returnDescription": "Output structure tells user possible value from all the values present in the families passed in input.",
  "type": "object",
  "properties": {
    "jsonType": {
      "description": "Type of the json request or response. This will help us debugging the logs",
      "const": "getValidValuesResponse"
    },
    "valueList": {
      "description": "List of valid values. A missing \"valueList\" value is synonymous with an empty array value for \"valueList\": it indicates that none of the values in the request were valid.",
      "type": "array",
      "items": {
        "description": "The IDs that refer to the unique \"id\" in \"valueList\" in the request",
        "type": "string"
      }
    },
    "TcErrorStack": {
      "description": "json object that hold details of the errors that occurred during processing the input json request. The order of errors in this array will be stack top-down. It means the 0th index in the array would represent most recent error and last index in array would be the first/oldest error",
      "$ref": "ConfiguratorServiceDefinitions.json#/definitions/TcErrorStack"
    }
  },
  "anyOf": [
    {
      "required": [ "jsonType" ]
    },
    {
      "required": [ "TcErrorStack" ]
    }
  ]
}
