{
    "SchemaVersion":"1.0.0",
    "Locale":"en_US",
    "ExpressionList":[
        {
            "EnquiryName":"Enquiry_001",
            "SearchContext":{
                "ObjectType":"PR",
                "ClassDefinition":"SPLM#01-valves-#001"
            },
            "SelectTerms":[
                "puid",
                "cst0Id"
            ],
            "SearchTerms":[
                {
                    "$and":[
                        {
                            "$like":{
                                "ID":"SPLM#02-material-#001",
                                "Value":"*steel"
                            }
                        },
                        {
                            "$lt":{
                                "ID":"SPLM#02-breadth-#001",
                                "Value":10
                            }
                        },
                        {
                            "$gt":{
                                "ID":"SPLM#02-length-#001",
                                "Value":25
                            }
                        }
                    ]
                }
            ],
            "OrderByTerms":[
                {
                    "ID":"cst0Id",
                    "Sort":"DESC"
                }
            ]
        }
    ]
}