{
    "SchemaVersion": "1.0.0",
    "ResultStatus": 0,
    "HasPartialErrors": false,
    "HasWarnings": false,
    "HasInfos": false,
    "Result": [
        {
            "ResultStatus": 0,
            "SearchResults": {
                "ObjectType": "ClassDefinition",
                "totalFound": 1,
                "totalLoaded": 1,
                "Objects": [
                    {
                        "IRDI": "SPLM#01-class_1#001"
                    }
                ]
            }
        },
        {
            "ResultStatus": 0,
            "SearchResults": {
                "ObjectType": "PropertyDefinition",
                "totalFound": 30,
                "totalLoaded": 5,
                "Objects": [
                    {
                        "IRDI": "0173-1#02-AAB764#005",
                        "Name": "Length of amplifier"
                    },
                    {
                        "IRDI": "0173-1#02-BAF500#003",
                        "Name": "Length of blade"
                    },
                    {
                        "IRDI": "0173-1#02-BAH116#003",
                        "Name": "Length of cable"
                    },
                    {
                        "IRDI": "0173-1#02-BAB481#004",
                        "Name": "Length of capillary"
                    },
                    {
                        "IRDI": "0173-1#02-BAA062#007",
                        "Name": "Length of gauge slide"
                    }
                ]
            }
        }
    ],
    "ObjectDefinitions": {
        "SPLM#01-class_1#001": {
            "ObjectType": "01",
            "IRDI": "SPLM#01-class_1#001",
            "Namespace": "SPLM",
            "ID": "class_1",
            "Revision": "001",
            "Status": "Released",
            "ClassAttributes": [
                {
                    "IsDeprecated": false,
                    "AttributeIndex": 1,
                    "DBIndex": 0,
                    "Type": "Property",
                    "Reference": "SPLM#02-property_1#001",
                    "Cardinality": 0
                },
                {
                    "IsDeprecated": false,
                    "AttributeIndex": 2,
                    "DBIndex": 1,
                    "Type": "Property",
                    "Reference": "SPLM#02-property_3#001",
                    "Cardinality": 0
                },
                {
                    "IsDeprecated": false,
                    "AttributeIndex": 3,
                    "DBIndex": 1,
                    "Type": "Property",
                    "Reference": "SPLM#02-property_4#001",
                    "Cardinality": 0
                }
            ],
            "IsAbstract": false,
            "UnitSystem": 3,
            "ClassType": "Application Class",
            "Name": {
                "Translations": [],
                "Value": "Car",
                "Locale": "en_US",
                "IsMasterLocale": true,
                "TranslationStatus": "A"
            }
        }
    }
}
