{
  "SchemaVersion": "1.0.0",
  "Locale": "en_US",
  "ViewDefinitions": [
    {
      "ClassDefinition": "SPLM#01-APPC12#001",
      "ViewType": "GroupView"
    },
    {
      "ClassDefinition": "SPLM#01-APPC09#001",
      "ViewType": "UserView",
      "ViewId": "JSmith"
    },
    {
      "ClassDefinition": "SPLM#01-APPC08#001",
      "ViewType": "GroupView",
      "ViewId": "Engineering"
    },
    {
      "ViewType": "UserView",
      "ViewId": "JSmith"
    },
    {
      "ClassDefinition": "SPLM#01-APPC10#001"
    },
    {
      "ViewId": "MNancy"
    }
  ]
}
