{
  "SchemaVersion": "1.0.0",
  "Locale": "en_US",
  "ClassDefinitions": [
    {
      "ObjectType": "ClassDefinition",
      "IRDI": "SPLM#01-864807#001",
      "ClassType": "Application Class",
      "Name": {
        "Locale": "en_US",
        "IsMasterLocale": true,
        "TranslationStatus": "M",
        "Value": "Synchronous generator (> 100 MVA)"
      },
      "Namespace": "SPLM",
      "ID": "864807",
      "Revision": "001",
      "Status": "Develop",
      "IsAbstract": false,
      "UnitSystem": 3,
      "ClassAttributes": [
        {
          "AttributeIndex": 1,
          "DBIndex": 1,
          "Type": "Property",
          "Reference": "SPLM-0#02-AAA001#001",
          "Cardinality": 1
        }
      ],
      "UserData": [
        {
          "Value": "User Data 1 on Class Value",
          "Name": "User Data 1 on Class",
          "Sequence": 1
        }
      ]
    }
  ]
}