{
    "SchemaVersion": "1.0.0",
    "BaseClasses": {
        "SPLM#01-000853#001": {
            "IRDI": "SPLM#01-000853#001",
            "Namespace": "SPLM",
            "ID": "000853",
            "Revision": "001",
            "Name": "Class Definition",
            "ClassAttributes": {
                "SPLM#02-000926#001": {
                    "AttributeIndex": 1,
                    "DBIndex": 1,
                    "Type": "Property",
                    "Reference": "SPLM#02-000926#001",
                    "Cardinality": 1,
                    "Annotation": "",
                    "Name": "Name 2",
                    "DataType": "String",
                    "IsLocalizable": false
                },
                "SPLM#01-000865#001": {
                    "AttributeIndex": 2,
                    "DBIndex": 2,
                    "Type": "Aspect",
                    "Reference": "SPLM#01-000865#001",
                    "Cardinality": 1,
                    "Name": "Block Definition",
                    "IsLocalizable": false
                }
            }
        }
    },
    "KeyLOVDefinitions": {},
    "Blocks": {
        "SPLM#01-000865#001": {
            "IRDI": "SPLM#01-000865#001",
            "Namespace": "SPLM",
            "ID": "000865",
            "Revision": "001",
            "Name": "Block Definition",
            "ClassAttributes": {
                "SPLM#02-000925#001": {
                    "AttributeIndex": 1,
                    "DBIndex": 1,
                    "Type": "Property",
                    "Reference": "SPLM#02-000925#001",
                    "Cardinality": 1,
                    "Annotation": "",
                    "Name": "Name 1",
                    "DataType": "Integer",
                    "MetricFormat": {
                        "Precision": 6,
                    },
                    "NonMetricFormat": {
                        "Precision": 6,
                    },
                    "IsLocalizable": false
                }
            }
        }
    }
}