{
  "SchemaVersion": "1.0.0",
  "Locale": "en_US",
  "ViewDefinitions": [
    {
      "ClassDefinition": "SPLM#01-APPC04#001",
      "ViewType": "BaseView",
      "ViewId": "BaseView",
      "ViewAttributes": [
        {
          "IRDI": "SPLM#02-PDF013#001"
        },
        {
          "IRDI": "SPLM#02-PDF015#001"
        },
        {
          "IRDI": "SPLM#02-PDF011#001",
          "IsProtected": true
        },
        {
          "IRDI": "SPLM#02-PDF014#001",
          "IsRequired": true
        },
        {
          "IRDI": "SPLM#02-PDF012#001"
        },
        {
          "IRDI": "SPLM#02-PDF016#001"
        },
        {
          "IRDI": "SPLM#02-PDF017#001"
        },
        {
          "IRDI": "SPLM#02-PDF018#001"
        }
      ]
    },
    {
      "ClassDefinition": "SPLM#01-APPC04#001",
      "ViewType": "RoleView",
      "ViewId": "Designer",
      "ViewAttributes": [
        {
          "IRDI": "SPLM#02-PDF015#001"
        },
        {
          "IRDI": "SPLM#02-PDF011#001"
        },
        {
          "IRDI": "SPLM#02-PDF014#001",
          "IsProtected": true,
          "IsRequired": true
        }
      ]
    },
    {
      "ClassDefinition": "SPLM#01-APPC05#001",
      "ViewType": "GroupView",
      "ViewId": "Engineering",
      "ViewAttributes": [
        {
          "IRDI": "SPLM#02-PDF021#001"
        },
        {
          "IRDI": "SPLM#02-PDF022#001"
        },
        {
          "IRDI": "SPLM#02-PDF023#001"
        },
        {
          "IRDI": "SPLM#02-PDF024#001"
        },
        {
          "IRDI": "SPLM#02-PDF025#001"
        },
        {
          "IRDI": "SPLM#02-PDF026#001"
        },
        {
          "IRDI": "SPLM#02-PDF027#001"
        }
      ]
    },
    {
      "ClassDefinition": "SPLM#01-APPC05#001",
      "ViewType": "UserView",
      "ViewId": "JSmith",
      "ViewAttributes": [
        {
          "IRDI": "SPLM#02-PDF021#001"
        },
        {
          "IRDI": "SPLM#02-PDF025#001"
        },
        {
          "IRDI": "SPLM#02-PDF026#001"
        },
        {
          "IRDI": "SPLM#02-PDF027#001"
        }
      ]
    },
    {
      "ClassDefinition": "SPLM#01-APPC05#001",
      "ViewType": "BaseView",
      "ViewId": "BaseView",
      "ViewAttributes": [
        {
          "IRDI": "SPLM#02-PDF021#001"
        },
        {
          "IRDI": "SPLM#02-PDF028#001"
        },
        {
          "IRDI": "SPLM#02-PDF029#001"
        },
        {
          "IRDI": "SPLM#02-PDF022#001"
        },
        {
          "IRDI": "SPLM#02-PDF023#001"
        },
        {
          "IRDI": "SPLM#02-PDF024#001"
        },
        {
          "IRDI": "SPLM#02-PDF025#001"
        },
        {
          "IRDI": "SPLM#02-PDF026#001"
        },
        {
          "IRDI": "SPLM#02-PDF027#001"
        }
      ]
    }
  ]
}
