{
  "SchemaVersion": "1.0.0",
  "Locale": "en_US",
  "KeyLOVDefinitions": [
    {
      "ObjectType": "KeyLOVDefinition",
      "IRDI": "SPLM-0#07-000306#001",
      "Namespace": "SPLM-0",
      "ID": "000306",
      "Revision": "001",
      "Name": {
        "Locale": "en_US",
        "IsMasterLocale": true,
        "TranslationStatus": "M",
        "Value": "Integer KeyLOV"
      },
      "Status": "Develop",
      "LOVItems": {
        "DataType": "Integer",
        "LOVIntegerItems": [
          {
            "IntegerValue": 1
          },
          {
            "IntegerValue": 2
          },
          {
            "IntegerValue": 3
          },
          {
            "IntegerValue": 1234567890
          }
        ]
      }
    }
  ]
}
