{
    "SchemaVersion": "1.0.0",
    "Locale": "en_US",
    "PropertyRecords": [
        {
            "ID": "6EP1336-3BA10",
            "ObjectType": "PR",
            "HierarchicalPosition": "27-04-07-01",
            "ClassDefinition": "0173-1#01-AFR738#002",
            "ClassifiedObject": {
                "ObjectType": "Item",
                "ClassifyRevision": true,
                "ID": [
                    {
                        "PropertyName": "object_id",
                        "PropertyValue": "6EP1336-3BA10"
                    },
                    {
                        "PropertyName": "object_xyz",
                        "PropertyValue": "property value"
                    }
                ],
                "Properties": [
                    {
                        "PropertyName": "object_name",
                        "PropertyValue": "Test Item"
                    }
                ]
            },
            "UnitSystem": 1,
            "Properties": [
                {
                    "ID": "0173-1#02-BAD831#010",
                    "Name": "String Value",
                    "Value": [
                        "Schraubanschluss"
                    ]
                },
                {
                    "ID": "0173-1#02-BAD832#010",
                    "Name": "L10N String Value",
                    "Value": [
                        {
                            "Locale": "en_US",
                            "IsMasterLocale": true,
                            "TranslationStatus": "M",
                            "Value": "English Value",
                            "Translations": [
                                {
                                    "Locale": "de_DE",
                                    "IsMasterLocale": false,
                                    "TranslationStatus": "A",
                                    "Value": "Deutscher Wert"
                                }
                            ]
                        }
                    ]
                },
                {
                    "ID": "0173-1#02-NUM001#010",
                    "Name": "Double Value",
                    "Value": [
                        100.5
                    ],
                    "Unit": "mm"
                },
                {
                    "ID": "0173-1#02-NUM002#010",
                    "Name": "Integer Value",
                    "Value": [
                        5
                    ]
                },
                {
                    "ID": "0173-1#02-OBJ001#010",
                    "Value": [
                        {
                            "ClassDefinition": "0173-1#01-BLC001#001",
                            "Index": 1,
                            "Properties": [
                                {
                                    "ID": "0173-1#02-BAD831#010",
                                    "Name": "String Value",
                                    "Value": "Schraubanschluss"
                                },
                                {
                                    "ID": "0173-1#02-OBJ002#010",
                                    "Value": {
                                        "ClassDefinition": "0173-1#01-BLC001#001",
                                        "Properties": [
                                            {
                                                "ID": "0173-1#02-BAD831#010",
                                                "Name": "String Value",
                                                "Value": "Schraubanschluss"
                                            }
                                        ]
                                    }
                                }
                            ]
                        }
                    ]
                },
                {
                    "ID": "0173-1#02-STA002#010",
                    "Name": "String Array",
                    "Value": [
                        "value 1",
                        "value2"
                    ]
                },
                {
                    "ID": "0173-1#02-STA002#010",
                    "Name": "Integer Array",
                    "Value": [
                        123,
                        456
                    ],
                    "Unit": "cm"
                },
                {
                    "ID": "0173-1#02-STA002#010",
                    "Name": "Double Array",
                    "Value": [
                        123.456,
                        789.000
                    ]
                },
                {
                    "ID": "0173-1#02-STA002#010",
                    "Name": "Object Array",
                    "Value": [
                        {
                            "ClassDefinition": "0173-1#01-BLC001#001",
                            "Index": 1,
                            "Properties": [
                                {
                                    "ID": "0173-1#02-BAD831#010",
                                    "Name": "String Value",
                                    "Value": "Schraubanschluss"
                                }
                            ]
                        },
                        {
                            "ClassDefinition": "0173-1#01-BLC001#001",
                            "Index": 2,
                            "Properties": [
                                {
                                    "ID": "0173-1#02-BAD831#010",
                                    "Name": "String Value",
                                    "Value": "Schraubanschluss"
                                }
                            ]
                        }
                    ]
                }
            ]
        },
        {
            "ID": "6EP1336-3BA11",
            "ObjectType": "PR",
            "HierarchicalPosition": "27-04-07-01",
            "ClassDefinition": "0173-1#01-AFR738#002",
            "ClassifiedObject": "POMUID12345",
            "UnitSystem": 1,
            "Properties": [
                {
                    "ID": "0173-1#02-BAD831#010",
                    "Name": "String Value",
                    "Value": "Schraubanschluss"
                }
            ]
        }
    ]
}
