{
    "SchemaVersion": "1.0.0",
    "ObjectList": [
        {
            "SchemaVersion": "1.0.0",
            "IRDI": "SPLM-0#02-AAA001#001",
            "ObjectType": "PropertyDefinition",
            "Namespace": "SPLM-0",
            "ID": "AAA001",
            "Revision": "001",
            "Status": "Develop",
            "Name": {
                "Locale": "en_US",
                "IsMasterLocale": true,
                "TranslationStatus": "M",
                "Value": "property name",
                "Translations": [
                    {
                        "Locale": "de_DE",
                        "IsMasterLocale": false,
                        "TranslationStatus": "A",
                        "Value": "Deutscher Name"
                    }
                ]
            },
            "ShortName": {
                "Locale": "en_US",
                "IsMasterLocale": true,
                "TranslationStatus": "M",
                "Value": "short name",
                "Translations": [
                    {
                        "Locale": "de_DE",
                        "IsMasterLocale": false,
                        "TranslationStatus": "A",
                        "Value": "Kurzname"
                    }
                ]
            },
            "Definition": {
                "Locale": "en_US",
                "IsMasterLocale": true,
                "TranslationStatus": "M",
                "Value": "definition",
                "Translations": [
                    {
                        "Locale": "de_DE",
                        "IsMasterLocale": false,
                        "TranslationStatus": "A",
                        "Value": "Definition"
                    }
                ]
            },
            "Note": {
                "Locale": "en_US",
                "IsMasterLocale": true,
                "TranslationStatus": "M",
                "Value": "Note",
                "Translations": [
                    {
                        "Locale": "de_DE",
                        "IsMasterLocale": false,
                        "TranslationStatus": "A",
                        "Value": "Notiz"
                    }
                ]
            },
            "Remark": {
                "Locale": "en_US",
                "IsMasterLocale": true,
                "TranslationStatus": "M",
                "Value": "Remark",
                "Translations": [
                    {
                        "Locale": "de_DE",
                        "IsMasterLocale": false,
                        "TranslationStatus": "A",
                        "Value": "Bemerkung"
                    }
                ]
            },
            "UserData": [
                {
                    "Name": "Milestone",
                    "Sequence": 1,
                    "Value": "M200"
                }
            ],
            "DataType": "String"
        },
        {
            "SchemaVersion": "1.0.0",
            "IRDI": "SPLM-0#02-AAA002#001",
            "ObjectType": "PropertyDefinition",
            "Namespace": "SPLM-0",
            "ID": "AAA002",
            "Revision": "001",
            "Status": "Develop",
            "Name": {
                "Locale": "en_US",
                "IsMasterLocale": true,
                "TranslationStatus": "M",
                "Value": "PropertyName 2",
                "Translations": [
                    {
                        "Locale": "de_DE",
                        "IsMasterLocale": false,
                        "TranslationStatus": "A",
                        "Value": "Deutscher Property Name 2"
                    }
                ]
            },
            "ShortName": {
                "Locale": "en_US",
                "IsMasterLocale": true,
                "TranslationStatus": "M",
                "Value": "short name 2",
                "Translations": [
                    {
                        "Locale": "de_DE",
                        "IsMasterLocale": false,
                        "TranslationStatus": "A",
                        "Value": "Kurzname 2"
                    }
                ]
            },
            "Definition": {
                "Locale": "en_US",
                "IsMasterLocale": true,
                "TranslationStatus": "M",
                "Value": "definition 2",
                "Translations": [
                    {
                        "Locale": "de_DE",
                        "IsMasterLocale": false,
                        "TranslationStatus": "A",
                        "Value": "Definition 2"
                    }
                ]
            },
            "Note": {
                "Locale": "en_US",
                "IsMasterLocale": true,
                "TranslationStatus": "M",
                "Value": "Note 2",
                "Translations": [
                    {
                        "Locale": "de_DE",
                        "IsMasterLocale": false,
                        "TranslationStatus": "A",
                        "Value": "Notiz 2"
                    }
                ]
            },
            "Remark": {
                "Locale": "en_US",
                "IsMasterLocale": true,
                "TranslationStatus": "M",
                "Value": "Remark 2",
                "Translations": [
                    {
                        "Locale": "de_DE",
                        "IsMasterLocale": false,
                        "TranslationStatus": "A",
                        "Value": "Bemerkung 2"
                    }
                ]
            },
            "UserData": [
                {
                    "Name": "Milestone",
                    "Sequence": 1,
                    "Value": "M200"
                }
            ],
            "DataType": "String"
        }
    ]
}
