{
  "SchemaVersion": "1.1.0",
  "Locale": "en_US",
  "PropertyDefinitions": [
    {
      "IRDI": "SPLM-0#02-TESTPOSITION01#001",
      "ObjectType": "PropertyDefinition",
      "Namespace": "SPLM-0",
      "ID": "TESTPOSITION01",
      "Revision": "001",
      "Status": "Develop",
      "DataType": {
        "Type": "Position",
        "Unit": "cm",
        "NonMetricFormat": {
          "Unit": "in"
        }
      },
      "Name": {
        "Locale": "en_US",
        "IsMasterLocale": true,
        "TranslationStatus": "M",
        "Value": "English Property Name",
        "Translations": [
          {
            "Locale": "de_DE",
            "IsMasterLocale": false,
            "TranslationStatus": "A",
            "Value": "Deutscher Property Name"
          }
        ]
      }
    },
    {
      "IRDI": "SPLM-0#02-TESTAXIS01#001",
      "ObjectType": "PropertyDefinition",
      "Namespace": "SPLM-0",
      "ID": "TESTAXIS01",
      "Revision": "001",
      "Status": "Develop",
      "DataType": {
        "Type": "Axis",
        "Unit": "cm",
        "NonMetricFormat": {
          "Unit": "in"
        }
      },
      "Name": {
        "Locale": "en_US",
        "IsMasterLocale": true,
        "TranslationStatus": "M",
        "Value": "English Property Name",
        "Translations": [
          {
            "Locale": "de_DE",
            "IsMasterLocale": false,
            "TranslationStatus": "A",
            "Value": "Deutscher Property Name"
          }
        ]
      }
    },
    {
      "IRDI": "SPLM-0#02-TESTVALUERANGE01#001",
      "ObjectType": "PropertyDefinition",
      "Namespace": "SPLM-0",
      "ID": "TESTVALUERANGE01",
      "Revision": "001",
      "Status": "Develop",
      "DataType": {
        "Type": "Value_Range",
        "Unit": "m",
        "NonMetricFormat": {
          "Unit": "ft"
        }
      },
      "Name": {
        "Locale": "en_US",
        "IsMasterLocale": true,
        "TranslationStatus": "M",
        "Value": "English Property Name",
        "Translations": [
          {
            "Locale": "de_DE",
            "IsMasterLocale": false,
            "TranslationStatus": "A",
            "Value": "Deutscher Property Name"
          }
        ]
      }
    },
    {
      "IRDI": "SPLM-0#02-TESTTOLERANCE01#001",
      "ObjectType": "PropertyDefinition",
      "Namespace": "SPLM-0",
      "ID": "TESTTOLERANCE01",
      "Revision": "001",
      "Status": "Develop",
      "DataType": {
        "Type": "Value_With_Tolerance",
        "Unit": "m",
        "NonMetricFormat": {
          "Unit": "ft"
        }
      },
      "Name": {
        "Locale": "en_US",
        "IsMasterLocale": true,
        "TranslationStatus": "M",
        "Value": "English Property Name",
        "Translations": [
          {
            "Locale": "de_DE",
            "IsMasterLocale": false,
            "TranslationStatus": "A",
            "Value": "Deutscher Property Name"
          }
        ]
      }
    },
    {
      "IRDI": "SPLM-0#02-TESTLEVEL01#001",
      "ObjectType": "PropertyDefinition",
      "Namespace": "SPLM-0",
      "ID": "TESTLEVEL01",
      "Revision": "001",
      "Status": "Develop",
      "DataType": {
        "Type": "Level",
        "Unit": "m",
        "NonMetricFormat": {
          "Unit": "ft"
        }
      },
      "Name": {
        "Locale": "en_US",
        "IsMasterLocale": true,
        "TranslationStatus": "M",
        "Value": "English Property Name",
        "Translations": [
          {
            "Locale": "de_DE",
            "IsMasterLocale": false,
            "TranslationStatus": "A",
            "Value": "Deutscher Property Name"
          }
        ]
      }
    }
  ]
}
