{
    "SchemaVersion": "1.0.0",
    "Locale": "en_US",
    "NodeDefinitions": [
        {
            "Namespace": "SPLM-0",
            "ID": "NODE000",
            "Revision": "001",
            "HierarchicalPosition": "99-99-99-00",
            "Name": "Node Test Group"
        },
        {
            "Namespace": "SPLM-0",
            "ID": "NODE001",
            "Revision": "001",
            "HierarchicalPosition": "99-99-99-99",
            "Name": "Node Test 001",
            "Parent":{  
                "Namespace":"SPLM-0",
                "ID":"NODE000",
                "Revision":"001"
            },
            "ApplicationClass": {
                "Namespace": "SPLM-0",
                "ID": "NODE011",
                "Revision": "001"
            }
        },
        {
            "Namespace": "SPLM-0",
            "ID": "NODE002",
            "Revision": "001",
            "HierarchicalPosition": "99-99-99-98",
            "Name": "Node Test 002",
            "Parent":{  
                "Namespace":"SPLM-0",
                "ID":"NODE000",
                "Revision":"001"
            },
            "ApplicationClass": {
                "Namespace": "SPLM-0",
                "ID": "NODE022",
                "Revision": "001"
            }
        }
    ]
}