{
    "SchemaVersion": "1.0.0",
    "Locale": "en_US",
    "SearchCriteria": [
        {
            "ObjectType": "ClassDefinition",
            "SearchExpression": {
                "$eq": {
                    "ID": "IRDI",
                    "Value": "SPLM#01-class_1#001"
                }
            },
            "Options": {
                "loadObjects": true
            }
        },
        {
            "ObjectType": "PropertyDefinition",
            "Select": [ "IRDI", "Name" ],
            "SearchExpression": {
                "$and": [
                    {
                        "$like": {
                            "ID": "Name",
                            "Value": "Length of *"
                        }
                    },
                    {
                        "$eq": {
                            "ID": "Type",
                            "Value": "Integer"
                        }
                    }
                ]
            },
            "OrderBy": [
                {
                    "ID": "Name",
                    "Sort": "ASC"
                }
            ],
            "Options": {
                "limit": 5,
                "offset": 0
            }
        }
    ]
}