{
    "SchemaVersion": "1.0.0",
    "Locale": "de_DE",
    "KeyLOVDefinitions": [
        {
            "ObjectType": "KeyLOVDefinition",
            "Namespace": "SPLM-0",
            "ID": "KEYLOV001",
            "Revision": "001",
            "Name": "Country",
            "LOVItems": {
                "DataType": "String",
                "LOVStringItems": [
                {
                    "StringValue": "01",
                    "DisplayValue": "Germany"
                },
                {
                    "StringValue": "02",
                    "DisplayValue": "France"
                },
                {
                    "StringValue": "03",
                    "DisplayValue": "Norway"
                }
            ]
          }
        }
    ]
}
