{
   "SchemaVersion": "1.0.0",
   "Locale": "en_US",
   "KeyLOVDefinitions": [
      {
         "ObjectType": "KeyLOVDefinition",
         "Namespace": "SPLM-0",
         "ID": "KEYLOV001",
         "Revision": "001",
         "Status": "Develop",
         "Name": {
             "Locale": "en_US",
             "IsMasterLocale": true,
             "TranslationStatus": "M",
             "Value": "String KeyLOV Name"
         },
         "LOVItems": {
            "DataType": "String",
            "LOVStringItems": [
               {
                  "StringValue": "D",
                  "DisplayValue": "Germany",
                  "IsSubMenu": true,
                  "SubMenuItems": [
                     {
                        "StringValue": "0101",
                        "DisplayValue": "Berlin"
                     },
                     {
                        "StringValue": "0102",
                        "DisplayValue": "NRW",
                        "IsSubMenu": true,
                        "SubMenuTitle": "NRW cities",
                        "SubMenuItems": [
                            {
                                "StringValue": "010201",
                                "DisplayValue": "Cologne"
                            },
                            {
                                "StringValue": "010301",
                                "DisplayValue": "Duesseldorf"
                            }
                        ]
                    }
                  ]
               },
               {
                    "StringValue": "02",
                    "DisplayValue": "France"
               },
               {
                    "StringValue": "03",
                    "DisplayValue": "Norway"
               }
            ]
         }
      }
   ]
}