{
    "SchemaVersion":"1.0.0",
    "Locale": "en_US",
    "KeyLOVDefinitions":[
        {
            "ObjectType":"KeyLOVDefinition",
            "IRDI": "SPLM-0#09-KEYLOV001#001",
            "Namespace": "SPLM-0",
            "ID": "KEYLOV001",
            "Revision": "001",
            "MinorRevision": "001",
            "Status": "Develop",
            "Name": {
                "Locale": "en_US",
                "IsMasterLocale": true,
                "TranslationStatus": "M",
                "Value": "Integer KeyLOV"
            },
            "LOVItems": {
                "DataType": "Integer",
                "LOVIntegerItems": [
                    {
                        "IntegerValue": 0
                    },
                    {
                        "IsSubMenu": true,
                        "IntegerValue": 1,
                        "SubMenuTitle": "1 - 10",
                        "DependencyKey": "0",
                        "SubMenuItems": [
                            {
                                "IntegerValue": 2
                            },
                            {
                                "IntegerValue": 5
                            }
                        ]
                    },
                    {
                        "IntegerValue": 20
                    }
                ]
            }
        }
    ]
}