{
  "SchemaVersion": "1.0.0",
  "ResultStatus": 0,
  "HasPartialErrors": false,
  "HasWarnings": false,
  "HasInfos": false,
  "Result": [
    {
      "ResultStatus": 0,
      "ObjectDefinitions": [
        {
          "SchemaVersion": "1.0.0",
          "IRDI": "SPLM-0#02-AAA001#001",
          "ObjectType": "PropertyDefinition",
          "Namespace": "SPLM-0",
          "ID": "AAA001",
          "Revision": "001",
          "Status": "Develop",
          "Name": {
            "Locale": "en_US",
            "IsMasterLocale": true,
            "TranslationStatus": "M",
            "Value": "English Property Name",
            "Translations": [
              {
                "Locale": "de_DE",
                "IsMasterLocale": false,
                "TranslationStatus": "A",
                "Value": "Deutscher Property Name"
              }
            ]
          },
          "ShortName": {
            "Locale": "en_US",
            "IsMasterLocale": true,
            "TranslationStatus": "M",
            "Value": "Short Name"
          },
          "Definition": {
            "Locale": "en_US",
            "IsMasterLocale": true,
            "TranslationStatus": "M",
            "Value": "Property Definition"
          },
          "Note": {
            "Locale": "en_US",
            "IsMasterLocale": true,
            "TranslationStatus": "M",
            "Value": "Property Note"
          },
          "Remark": {
            "Locale": "en_US",
            "IsMasterLocale": true,
            "TranslationStatus": "M",
            "Value": "Property Remark"
          },
          "UserData": [
            {
              "Name": "Milestone",
              "Sequence": 1,
              "Value": "M200"
            }
          ],
          "DataType": "String"
        }
      ]
    }
  ]
}
